keyword,searches,results,conversion rate,search:result
car accessories,128400,464600,Very low,0.2764
bag charms,45900,214500,Very low,0.214
gift for her,41400,749500,Very low,0.0552
gift for him,37800,840000,Very low,0.045
hair accessories,31000,502800,Very low,0.0617
desk accessories,29100,276600,Very low,0.1052
craft supplies,28600,3600000,Very low,0.0079
party favors,25400,838900,Very low,0.0303
travel accessories,22900,80400,Very low,0.2848
office accessories,11800,299200,Very low,0.0394
graduation gifts,10400,588200,Very low,0.0177
custom jewelry,10000,629900,Very low,0.0159
gift ideas,9800,1100000,Very low,0.0089
phone charms,9000,58800,Very low,0.1531
accessories,11400,2400000,Very low,0.0047
planner accessories,7100,150200,Very low,0.0473
wedding accessories,6800,793500,Very low,0.0086
handmade gifts,6600,2200000,Very low,0.003
statement jewelry,6400,815600,Very low,0.0078
bridal accessories,6300,373000,Very low,0.0169
home decor accents,6200,1300000,Very low,0.0048
jewelry making supplies,4400,1500000,Very low,0.0029
camping accessories,4300,65500,Very low,0.0656
bag accessories,3600,663300,Very low,0.0054
gaming accessories,3500,167700,Very low,0.0209
home decor accessories,3000,812600,Very low,0.0037
phone accessories,2700,437400,Very low,0.0062
steampunk accessories,2400,43900,Very low,0.0547
pet accessories,2300,354500,Very low,0.0065
camera accessories,2200,104400,Very low,0.0211
cyberpunk accessories,1900,16900,Very low,0.1124
goth accessories,1900,88700,Very low,0.0214
holiday gifts,1900,752200,Very low,0.0025
keychain charms,1800,375600,Very low,0.0048
home accessories,1800,1100000,Very low,0.0016
gothic accessories,1700,189200,Very low,0.009
leather accessories,1500,447100,Very low,0.0034
festival accessories,1500,202800,Very low,0.0074
costume accessories,1500,282100,Very low,0.0053
cute accessories,1400,1100000,Very low,0.0013
vintage accessories,1200,1500000,Very low,0.0008
fashion jewelry,1200,607300,Very low,0.002
punk accessories,1200,68700,Very low,0.0175
laptop accessories,1200,236400,Very low,0.0051
beach accessories,1100,308900,Very low,0.0036
keychain accessories,1000,628300,Very low,0.0016
birthday presents,890,54100,Very low,0.0165
custom accessories,800,429000,Very low,0.0019
shoe accessories,779,172100,Very low,0.0045
winter accessories,726,200200,Very low,0.0036
hat accessories,684,902500,Very low,0.0008
handmade accessories,663,1400000,Very low,0.0005
alternative accessories,607,74000,Very low,0.0082
crafting supplies,559,6000000,Very low,0.0001
boho accessories,549,587600,Very low,0.0009
tech accessories,483,82000,Very low,0.0059
unique accessories,470,1500000,Very low,0.0003
jewelry accessories,453,1400000,Very low,0.0003
fashion accessories,391,561200,Very low,0.0007
personalized accessories,353,799900,Very low,0.0004
vintage inspired,338,1500000,Very low,0.0002
decorative items,336,38100,Very low,0.0088
modern style,320,1200000,Very low,0.0003
belt accessories,260,174300,Very low,0.0015
diy accessories,258,341000,Very low,0.0008
statement pieces,246,23900,Very low,0.0103
trendy accessories,236,243200,Very low,0.001
summer accessories,221,308700,Very low,0.0007
holiday accessories,210,159900,Very low,0.0013
craft accessories,201,1800000,Very low,0.0001
wooden accessories,181,131600,Very low,0.0014
aesthetic accessories,180,275900,Very low,0.0007
party accessories,158,674700,Very low,0.0002
kids accessories,131,919300,Very low,0.0001
work from home accessories,124,12800,Very low,0.0097
boutique style,122,80400,Very low,0.0015
decorative accessories,113,347300,Very low,0.0003
metal accessories,109,543400,Very low,0.0002
statement accessories,108,400500,Very low,0.0003
quirky accessories,101,70800,Very low,0.0014
outdoor accessories,89,348000,Very low,0.0003
scarf accessories,78,306400,Very low,0.0003
clothing embellishments,64,196000,Very low,0.0003
artisan crafts,61,339400,Very low,0.0002
wallet accessories,60,76800,Very low,0.0008
bag organizers,56,71100,Very low,0.0008
accessory bundle,55,166300,High,0.0003
acrylic accessories,52,315100,Very low,0.0002
small business accessories,51,19600,Very low,0.0026
designer accessories,49,192500,Very low,0.0003
handmade fashion,41,774100,Very low,0.0001
novelty accessories,32,214800,Very low,0.0001
gifting ideas,26,1300000,Very low,0
etsy accessories,24,26000,Very low,0.0009
everyday accessories,24,232900,Very low,0.0001
gift accessories,24,1400000,Very low,0
personal accessories,23,18200,Very low,0.0013
sunglasses accessories,23,139500,Very low,0.0002
minimalist accessories,23,622700,Very low,0
wholesale accessories,22,69100,Very low,0.0003
accessory organizer,22,140700,Very low,0.0002
eco friendly accessories,22,345300,Very low,0.0001
everyday style,22,444600,Very low,0
handmade embellishments,20,147900,Very low,0.0001
accessory storage,18,231000,Very low,0.0001
accessory holder,18,1300000,Very low,0
boutique items,17,8500,Very low,0.002
engraved accessories,17,174500,Very low,0.0001
trendy trinkets,16,6500,Very low,0.0025
modern accessories,16,332000,Very low,0
handcrafted goods,15,4800,Very low,0.0031
sustainable accessories,15,44200,Very low,0.0003
accessory gifts,15,2000000,Very low,0
event accessories,12,339200,Very low,0
utility accessories,11,11100,Very low,0.001
special occasion gifts,11,70700,Very low,0.0002
boutique accessories,11,204900,Very low,0.0001
scarves and hats,10,13000,Very low,0.0008
artisan accessories,10,497800,Very low,0
hats and scarves,8,44100,Very low,0.0002
stylish accessories,8,121000,Very low,0.0001
handcrafted fashion,8,136200,Very low,0.0001
vintage style accessories,8,564900,Very low,0
sunglass accessories,7,16600,Very low,0.0004
sport accessories,7,36100,Very low,0.0002
seasonal accessories,7,181200,Very low,0
accessory bundles,7,191600,Very low,0
glove accessories,6,18600,Very low,0.0003
artistic accessories,6,49300,Very low,0.0001
accessory set,6,1800000,Very low,0
fashion essentials,4,31800,Very low,0.0001
functional accessories,4,60500,Very low,0.0001
fashion embellishments,4,246700,Very low,0
accessory making,4,1000000,Very low,0
accessory display,4,1100000,Very low,0
lifestyle accessories,3,11500,Very low,0.0003
unique fashion finds,3,12200,Very low,0.0002
jewelry and more,2,7000,Very low,0.0003
fashionable accessories,2,11300,Very low,0.0002
accessory collection,2,269800,Very low,0
handmade jewelry accessories,2,895700,Very low,0
dress up items,1,1800,Very low,0.0006
gift for fashion lover,1,7400,Very low,0.0001
anniversary card,27600,266400,Very high,0.1036
cotton anniversary gift,21000,280900,Typical,0.0748
anniversary gifts for him,20800,288000,Very low,0.0722
personalized cutting board,14200,30900,High,0.4595
anniversary gift for her,13700,908100,Typical,0.0151
anniversary cards,7800,229600,Typical,0.034
custom couple portrait,7700,23000,Very low,0.3348
paper anniversary gift,6600,295300,Typical,0.0224
first anniversary gift,5500,101900,Typical,0.054
wedding anniversary gifts,5100,1700000,Very low,0.003
anniversary gifts for men,4800,561000,Very low,0.0086
leather anniversary gift,4400,181200,High,0.0243
anniversary ring,4000,1200000,Very low,0.0033
anniversary gift for parents,3800,27000,Very low,0.1407
personalized anniversary gift,3600,360500,Very low,0.01
anniversary ornament,2800,92800,Very low,0.0302
wooden anniversary gift,2300,143800,Typical,0.016
steel anniversary gift,1800,205700,Typical,0.0088
his and hers gifts,1700,34700,Very low,0.049
5 year anniversary,1700,51300,Typical,0.0331
anniversary keepsake,1500,136200,Very low,0.011
anniversary jewelry,1100,1200000,Very low,0.0009
romantic home decor,1000,262500,Very low,0.0038
vow renewal,963,13500,Very low,0.0713
anniversary journal,888,58100,Typical,0.0153
anniversary gifts for parents,881,37400,Very low,0.0236
2 year anniversary,858,31800,Typical,0.027
custom anniversary card,752,124500,High,0.006
couple anniversary gift,700,428600,Very low,0.0016
anniversary decor,660,947300,Very low,0.0007
anniversary plaque,628,48900,Typical,0.0128
anniversary gift box,592,89200,Very low,0.0066
anniversary scrapbook,588,103500,Typical,0.0057
anniversary candle,583,54100,High,0.0108
unique anniversary gifts,567,902700,Very low,0.0006
romantic keepsake,532,100500,Very low,0.0053
couples gift ideas,527,127500,Very low,0.0041
anniversary print,504,362900,Typical,0.0014
anniversary wall art,478,454500,Very low,0.0011
couple anniversary,418,514200.00000000006,Very low,0.0008
anniversary cake topper,417,36900,Very high,0.0113
romantic anniversary gifts,408,176400,Very low,0.0023
gold jewelry gift,400,981500,Very low,0.0004
anniversary gift for couples,379,183400,Very low,0.0021
unique anniversary gift,377,1100000,Very low,0.0003
30 year anniversary,371,11000,Typical,0.0337
engraved keepsake,355,274600,Very low,0.0013
funny anniversary gift,341,230500,Typical,0.0015
40 year anniversary,318,12400,Very high,0.0256
star map anniversary,310,12700,Very low,0.0244
anniversary banner,286,59600,Typical,0.0048
anniversary invitation,261,48800,Very low,0.0053
anniversary photo frame,249,38800,Typical,0.0064
marriage milestone,244,21100,Very low,0.0116
handmade anniversary,238,1500000,Very low,0.0002
anniversary album,219,22600,Typical,0.0097
anniversary keepsake box,201,19700,Very low,0.0102
special anniversary,198,256500,Very low,0.0008
anniversary gifts for women,181,1700000,Very low,0.0001
anniversary wine label,160,7600,High,0.0211
unique anniversary,151,1500000,Very low,0.0001
couples gift idea,148,188400,Very low,0.0008
anniversary ideas,148,304500,Very low,0.0005
anniversary pillow,140,22600,Typical,0.0062
engagement anniversary,126,1200000,Typical,0.0001
anniversary signs,109,103800,Very low,0.0011
60 year anniversary,102,8100,High,0.0126
anniversary balloons,97,13000,Very low,0.0075
celebration gifts,95,474200,Very low,0.0002
anniversary for parents,92,28500,Very low,0.0032
romantic anniversary gift,84,361400,Very low,0.0002
engagement anniversary gift,82,993700,Typical,0.0001
handmade anniversary gift,66,1400000,Very high,0
celebration banner,60,334000,Very low,0.0002
renewal of vows,59,8200,Very low,0.0072
anniversary plates,59,35400,Very low,0.0017
couple present,57,54300,Typical,0.001
anniversary card handmade,56,41600,Very high,0.0013
anniversary memory book,55,30000,Typical,0.0018
commitment ceremony gift,54,54500,Very low,0.001
anniversary wine glasses,48,21600,Very high,0.0022
silver jewelry gift,47,609600,High,0.0001
anniversary journal for couples,46,8600,High,0.0053
anniversary gift for mom,44,266600,Very low,0.0002
anniversary couple gift,40,730900,Very low,0.0001
anniversary sculpture,39,69300,Very low,0.0006
anniversary gift set,38,214800,Very low,0.0002
anniversary poem,37,12200,Very low,0.003
anniversary gift for dad,36,142400,Typical,0.0003
anniversary ring dish,35,16500,Typical,0.0021
anniversary table decor,35,70200,Very low,0.0005
anniversary wedding gift,35,2100000,Very low,0
anniversary wine glass,34,19100,Very high,0.0018
vintage anniversary gift,34,1100000,Typical,0
anniversary candle gift,32,54400,Very low,0.0006
personalized couple decor,32,215200,Very low,0.0001
romantic gift ideas,30,47300,Very high,0.0006
anniversary husband gift,28,235400,Typical,0.0001
anniversary platter,27,35600,Very low,0.0008
luxury anniversary gift,27,548600,Very low,0
custom anniversary plate,24,25500,Very low,0.0009
anniversary artwork,21,283200,Very high,0.0001
anniversary date night box,20,5100,Very low,0.0039
10 year wedding,20,39100,Very low,0.0005
anniversary party supplies,19,533000,Very low,0
keepsake box for couples,17,7900,Very low,0.0022
anniversary table runner,16,21600,Very low,0.0007
personalized vow art,15,7100,Very low,0.0021
love story art,15,29100,Very low,0.0005
anniversary bouquet,15,72500,Very low,0.0002
anniversary card unique,13,80200,High,0.0002
anniversary coupon book,12,6800,Very high,0.0018
anniversary mug set,12,13600,Very low,0.0009
special date gift,12,35700,Very low,0.0003
anniversary gift for sister,12,80800,Very low,0.0001
relationship anniversary,12,145300,Very low,0.0001
relationship milestones,11,6300,Very low,0.0017
anniversary card ideas,11,39000,Very low,0.0003
rustic anniversary gift,11,193800,Very low,0.0001
anniversary celebration,11,240300,Very low,0
long distance anniversary,9,26800,Very low,0.0003
anniversary banner custom,9,41100,Very high,0.0002
year together gift,8,8700,Very low,0.0009
milestone anniversary,8,89200,Very low,0.0001
anniversary date ideas,7,14800,Very low,0.0005
anniversary coordinates,7,16600,Very low,0.0004
special occasion gift,7,50500,Very low,0.0001
engraved gifts for couples,7,184800,Very high,0
anniversary centerpiece,6,48500,Very high,0.0001
anniversary for sister,5,21900,Very low,0.0002
anniversary surprise,5,30300,Very low,0.0002
anniversary print custom,5,151600,Very low,0
anniversary milestone,5,194000,Very low,0
date night box ideas,4,5900,Very low,0.0007
anniversary gift for brother,4,8700,Very low,0.0005
golden anniversary ideas,4,18100,Very low,0.0002
year anniversary present,3,24900,Very low,0.0001
anniversary gift for best friend,3,88200,Very high,0
anniversary decor ideas,3,161400,Very low,0
anniversary framed print,1,6700,Very low,0.0001
anniversary celebration decor,1,14600,Very low,0.0001
anniversary candle set,1,26000,Very low,0
love celebration,1,30500,Very low,0
announcement,514,1500000,Very low,0.0003
pregnancy announcement,56700,255600,Very low,0.2218
birthday card,46800,1200000,High,0.039
birthday invitation,26500,619500,Very low,0.0428
save the date,25700,87000,Very low,0.2954
baby shower invitation,22400,260800,Very low,0.0859
new home card,11600,44100,Very high,0.263
new baby card,9000,49000,Very high,0.1837
baby shower card,7800,216500,Very high,0.036
greeting card,4200,931100,Very low,0.0045
graduation card,3400,96100,Very high,0.0354
baby shower invite,3000,187900,Very low,0.016
welcome baby sign,2800,132600,Typical,0.0211
expecting mom gift,2800,45000,Very low,0.0622
congratulations card,2600,77500,Very high,0.0335
pregnancy reveal,2400,193200,Very low,0.0124
new job card,2200,14900,Very high,0.1477
party invitation,1700,1100000,Very low,0.0015
gender reveal party,1500,204100,Very low,0.0073
announcement sign,1300,200900,High,0.0065
birth announcement card,1000,26000,Very low,0.0385
pregnancy announcement cards,662,27500,Very low,0.0241
expecting parents,634,18400,Typical,0.0345
gender reveal card,538,75900,High,0.0071
engagement announcement,532,71900,Very low,0.0074
graduation announcement,515,51700,Very low,0.01
wedding announcement,509,292600,Very low,0.0017
gender reveal announcement,419,198800,Very low,0.0021
baby arrival announcement,398,42700,High,0.0093
welcome baby card,393,24400,Very high,0.0161
baby reveal ideas,382,80200,Typical,0.0048
birthday party invite,362,622900,Very low,0.0006
milestone card,345,137000,Very low,0.0025
announcement plaque,332,10100,Typical,0.0329
gender reveal invite,326,44400,Very low,0.0073
moving announcement,314,11000,Typical,0.0285
keepsake card,300,137000,Very high,0.0022
announcement gift,282,445600,Very low,0.0006
baby announcement cards,272,135100,Very low,0.002
custom announcement,222,379400,Very low,0.0006
new baby announcement,190,197000,Very low,0.001
announcement props,185,27200,Very low,0.0068
proposal ideas,185,51900,Very low,0.0036
gender reveal cards,125,34700,High,0.0036
retirement party invite,113,8400,Typical,0.0135
birth announcement cards,108,16100.000000000002,Typical,0.0067
event invitation,103,169200,Very low,0.0006
housewarming invite,100,9100,Typical,0.011
announcement gifts,100,376100,Very low,0.0003
coming soon sign,78,6800,Very low,0.0115
announcement template,76,1600000,Very low,0
announcement box,75,21900,Very low,0.0034
birthday announcement,63,579500,Very low,0.0001
digital announcement,59,1300000,Typical,0
baby shower announcement,57,427200,Very low,0.0001
announcement card,55,551500,Very high,0.0001
moving announcement card,52,8100,Very low,0.0064
family announcement,52,49500,Very low,0.0011
new home announcement,52,87800,Very low,0.0006
holiday greeting card,52,390000,Very low,0.0001
announcement board,51,44100,Very low,0.0012
retirement announcement,49,14800,Very low,0.0033
pregnancy reveal ideas,47,29100,Very low,0.0016
expecting announcement,44,47900,Typical,0.0009
announcement banner,42,133800,Typical,0.0003
holiday announcement,39,78800,Very high,0.0005
pet adoption announcement,28,6200,Very low,0.0045
new baby arrival,24,51600,Very low,0.0005
adoption announcement cards,21,3300,Very low,0.0064
anniversary announcement,17,45100,Very low,0.0004
product launch,16,7800,Very low,0.0021
surprise announcement,16,63900,Very low,0.0003
welcome baby announcement,16,64599.99999999999,Very low,0.0002
coming soon announcement,15,18100,Very low,0.0008
engagement announcement cards,14,28200,Very low,0.0005
announcement ideas,14,133300,Very low,0.0001
press release,13,3200,Very low,0.0041
new arrival sign,12,8900,Very high,0.0013
pregnancy reveal announcement,12,165300,Very low,0.0001
announcement poster,11,28200,Very low,0.0004
graduation party announcement,11,39400,Very low,0.0003
new pet announcement,10,8700,Very low,0.0011
announcement sticker,10,17400,Very low,0.0006
business announcement,10,26200,Very low,0.0004
special occasion card,9,12500,Very high,0.0007
announcement frame,9,20600,Very low,0.0004
wedding announcement cards,9,147400,Very low,0.0001
special delivery announcement,8,98000,Very low,0.0001
save the date announcement,8,117600,Very high,0.0001
personalized announcement,7,172300,Very low,0
announcement decor,7,583700,Very low,0
new arrival announcement,6,17100,Very low,0.0004
announcement kit,6,65400.00000000001,Very low,0.0001
announcement stickers,5,7200,Very high,0.0007
new pet owner gift,5,34300,Very high,0.0001
promotion announcement,5,50200,Very low,0.0001
funny announcement,5,139800,Very low,0
photo announcement,5,216300,Very low,0
announcement print,5,223600,Very low,0
announcement templates,5,1000000,Very low,0
custom announcement cards,4,43400,Very low,0.0001
event announcement,4,141100,Very low,0
bridal shower announcement,4,181000,Very low,0
new job announcement,3,3000,Very low,0.001
new business opening,3,6000,Very low,0.0005
big news announcement,3,10400,Very low,0.0003
announcement keepsake,3,112400,Very low,0
holiday card design,3,514799.99999999994,Very low,0
announcement invitation,3,1200000,Very low,0
public announcement,2,7300,Very low,0.0003
adoption party invite,2,8200,Very low,0.0002
greeting card announcement,2,31200,Very low,0.0001
custom announcement card,2,57900,Very low,0
milestone announcement,2,256899.99999999997,Very low,0
announcement paper,2,2000000,Very low,0
news release,1,667,Very low,0.0015
official announcement,1,9700,Very low,0.0001
congratulations announcement,1,27700,Very low,0
modern announcement,1,59500,Very low,0
announcement tags,1,61300,Very low,0
vintage announcement,1,92900,Very low,0
announcement design,1,143400,Very low,0
elegant announcement,1,168000,Very low,0
rustic announcement,1,226500,Very low,0
announcement card template,1,359800,Very low,0
cute announcement,1,1100000,Very low,0
printable announcement,1,1700000,Very low,0
announcement party,1,2000000,Very low,0
announcement theme,1,2100000,Very low,0
party announcement,1,2400000,Very low,0
appreciation,409,1200000,Very low,0.0003
retirement gift,18400,279500,Typical,0.0658
thank you gift,17500,536900,Typical,0.0326
sympathy gift,16400,263600,Typical,0.0622
corporate gifts,11800,37000,Very low,0.3189
corporate gift,9000,23200,Very low,0.3879
thank you card,7400,290900,High,0.0254
care package,6500,87400,Typical,0.0744
custom appreciation gift,5300,54000,Very low,0.0981
teacher appreciation,5300,351200,Very low,0.0151
gift for family,3700,922200,Very low,0.004
coworker gift,3600,221700,Very low,0.0162
farewell gift,3400,75200,Very low,0.0452
appreciation gift,3100,953000,Very low,0.0033
get well soon gift,3000,19400,High,0.1546
gift for boss,2600,84900,Very low,0.0306
thinking of you gift,2600,35900,High,0.0724
boss gift,2200,163100,Very low,0.0135
congratulations gift,2100,79700,Typical,0.0263
gift for coworker,1900,132300,Very low,0.0144
sentimental gift,1600,78800,Very low,0.0203
office gift,1400,1600000,Very low,0.0009
employee appreciation,1400,76800,Typical,0.0182
encouragement gift,1000,178900,Very low,0.0056
nurse appreciation,730,151100,Very low,0.0048
gift for mentor,674,57900,Typical,0.0116
thoughtful gift,661,94900,Very low,0.007
thank you candle,602,28800,High,0.0209
thank you gifts for her,564,20000,High,0.0282
appreciation card,504,109800,Typical,0.0046
thank you sticker,455,83500,Typical,0.0054
boss day gift,446,40300,Very low,0.0111
you got this gift,430,12700,Typical,0.0339
thank you note,419,140600,Very low,0.003
comfort gift,412,2300000,Typical,0.0002
motivational gift,405,342800,Very low,0.0012
thank you box,390,48800,Typical,0.008
thank you present,390,65400.00000000001,Typical,0.006
boss appreciation,364,38600,Very low,0.0094
wellness gift,363,168600,Typical,0.0022
recognition award,361,28300,Very low,0.0128
appreciation plaque,341,27400,Typical,0.0124
client appreciation,286,11800,Very low,0.0242
coworker thank you,283,42000,Very low,0.0067
thank you plaque,271,16800,Typical,0.0161
employee thank you,241,30400,High,0.0079
employee recognition,234,20800,Very low,0.0112
personalized thank you gift,219,166600,Typical,0.0013
appreciation gift ideas,202,323800,Very low,0.0006
self love gift,201,135200,Very low,0.0015
custom thank you card,197,140300,Very high,0.0014
thank you mug,184,35900,Very low,0.0051
recognition gift,183,93700,Very low,0.002
thank you journal,182,10400,Very high,0.0175
gratitude gift,166,73500,High,0.0023
gift for manager,159,26600,Typical,0.006
custom thank you,146,407400,Very low,0.0004
personalized thank you,134,159900,Typical,0.0008
appreciation ornament,106,57600,Very low,0.0018
volunteer appreciation,101,17000,Very low,0.0059
thoughtful thank you gift,96,14300,Typical,0.0067
thank you for your service,91,7300,Typical,0.0125
appreciation gift box,83,36500,High,0.0023
thank you gifts for him,80,21800,Very low,0.0037
gratitude card,77,56500,Very low,0.0014
thank you keychain,75,17100,Very high,0.0044
thank you token,68,14100,Very high,0.0048
thank you for everything,66,3700,Very low,0.0178
appreciation token,48,9900,Very high,0.0048
appreciation mug,45,150100,Very low,0.0003
appreciation box,35,234600,Very low,0.0001
appreciation gift for manager,30,32200.000000000004,Very low,0.0009
thank you print,30,113700,Very low,0.0003
appreciation certificate,28,17000,Very high,0.0016
appreciation gift for him,27,38800,Very low,0.0007
customer thank you,25,28200,Very low,0.0009
appreciation sign,25,94900,Very high,0.0003
customer appreciation,24,16800,Very high,0.0014
appreciation banner,24,35800,Very high,0.0007
client appreciation gift,23,19100,Very low,0.0012
thank you charm,23,20000,Very low,0.0011
staff thank you,22,55900,Very low,0.0004
appreciation trophy,21,9300,Very low,0.0023
appreciation gift for husband,21,9900,Very low,0.0021
appreciation basket,20,15300,Very low,0.0013
unique thank you,18,158100,Very low,0.0001
appreciation jewelry,17,33700,Very low,0.0005
gratitude decor,17,64200,Very low,0.0003
thank you treats,16,20000,Very low,0.0008
positive affirmation gift,16,80200,Very low,0.0002
appreciation gift basket,15,21700,Very low,0.0007
thank you decor,14,288500,High,0
appreciation gift for coworker,13,36300,Very low,0.0004
small token gift,12,7400,Very low,0.0016
thankful gift,12,49500,Very low,0.0002
appreciation sticker,12,85200,Very low,0.0001
appreciation gift for mentor,11,9600,Very high,0.0011
team building gift,10,31400,Very low,0.0003
appreciation candle,9,45300,Very high,0.0002
appreciation gift for team,9,332700,Very high,0
appreciation gift for friend,8,22500,Very high,0.0004
appreciation gift for mom,8,102100,Very low,0.0001
appreciation gift for doctor,8,102900,Very low,0.0001
appreciation gift for wife,7,39900,Very high,0.0002
appreciation signs,7,59800,Very low,0.0001
appreciation gift for her,6,15200,Very high,0.0004
appreciation journal,6,25700,Very low,0.0002
gratitude note,6,60700,Very low,0.0001
appreciation decor,6,87900,Very low,0.0001
handmade thank you gift,5,23900,Very low,0.0002
appreciation button,4,1100,Very low,0.0036
appreciation pin,4,9500,Very low,0.0004
appreciation snack,4,10800,Very high,0.0004
appreciation gift for colleague,4,15800,Very high,0.0003
thank you artwork,4,18700,Very low,0.0002
appreciation gift for boss,4,19600,Very low,0.0002
appreciation keychain,4,38000,Very low,0.0001
appreciation gift for dad,4,57500,Very low,0.0001
appreciation gift set,4,96300,Very low,0
appreciation gift for teacher,4,109800,Very low,0
token of gratitude,3,1100,Very low,0.0027
appreciation poem,3,2700,Very low,0.0011
appreciation message,3,5600,Very low,0.0005
appreciation gift for volunteer,3,7200,Very low,0.0004
workplace gift,3,13800,Very low,0.0002
appreciation print,3,15000,Very high,0.0002
appreciation frame,3,15400,Very low,0.0002
appreciation photo frame,2,1700,Very low,0.0012
sentiment card,2,5000,Very low,0.0004
sentiment gift,2,6900,Very low,0.0003
appreciation gift for employee,2,6900,Very low,0.0003
appreciation notebook,2,24800,Very low,0.0001
appreciation t-shirt,2,26500,Very low,0.0001
appreciation gift for coach,2,66800,Very low,0
appreciation ideas,2,377900,Very low,0
appreciation artwork,1,4500,Very low,0.0002
appreciation bookmark,1,18700,Very low,0.0001
recognition gift ideas,1,51300,Very low,0
gratitude gift ideas,1,55900,Very low,0
appreciation bundle,1,63100,Very low,0
appreciation present,1,149200,Very high,0
appreciation art,1,382300,Very low,0
art,131900,7000000,Very low,0.0188
wall art,330900,3500000,Very low,0.0945
wall decor,152200,3900000,Very low,0.039
wall art prints,54000,3400000,Very low,0.0159
large wall art,45600,2100000,Very low,0.0217
art prints,33700,3800000,Very low,0.0089
bedroom wall art,30200,2100000,Very low,0.0144
original art,26700,1400000,Very low,0.0191
nursery wall art,25400,1400000,Very low,0.0181
oil painting,24400,605900,Very low,0.0403
printable wall art,20400,2200000,Very low,0.0093
abstract art,15700,2400000,Very low,0.0065
canvas art,15600,2000000,Very low,0.0078
unique wall art,15200,1900000,Very low,0.008
vintage art,14300,2100000,Very low,0.0068
watercolor painting,13600,399100,Very low,0.0341
original paintings,13200,430500,Very low,0.0307
framed art,13200,1200000,Very low,0.011
digital art,11700,8500000,Very low,0.0014
office wall art,11200,1900000,Very low,0.0059
boho wall art,10000,980800,Very low,0.0102
wood art,9500,2400000,Very low,0.004
abstract painting,9400,813500,Very low,0.0116
nursery art,8600,2000000,Very low,0.0043
folk art,7700,522400,Very low,0.0147
gallery wall art,7400,1100000,Very low,0.0067
living room art,7300,3400000,Very low,0.0021
pop art,7300,405400,Very low,0.018
printable art,7200,2800000,Very low,0.0026
retro wall art,7100,1600000,Very low,0.0044
ceramic art,6700,737800,Very low,0.0091
metal art,6700,1300000,Very low,0.0052
bedroom art,5900,2400000,Very low,0.0025
modern art,5800,1300000,Very low,0.0045
small wall art,5600,527700,Very low,0.0106
sculpture art,5200,1100000,Very low,0.0047
colorful wall art,5200,2100000,Very low,0.0025
acrylic painting,4500,320200,Very low,0.0141
vintage art prints,4400,1200000,Very low,0.0037
black and white art,4400,1300000,Very low,0.0034
landscape art,4300,1500000,Very low,0.0029
textured art,3900,505900,Very low,0.0077
custom art,3700,1600000,Very low,0.0023
art supplies,3700,2900000,Very low,0.0013
botanical art,3600,1400000,Very low,0.0026
watercolor art,3500,1300000,Very low,0.0027
hand painted art,3300,433800,Very low,0.0076
home decor art,3300,5800000,Very low,0.0006
geometric wall art,3300,1200000,Very low,0.0027
office art,2900,1500000,Very low,0.0019
handmade art,2800,1400000,Very low,0.002
line art,2700,519799.99999999994,Very low,0.0052
fantasy art,2500,1100000,Very low,0.0023
minimalist art,2400,2400000,Very low,0.001
mountain art,2400,729900,Very low,0.0033
modern home decor,2300,1300000,Very low,0.0018
botanical art print,2300,944100,Very low,0.0024
retro art,2200,2500000,Very low,0.0009
unique art,2200,763800,Very low,0.0029
animal art,2100,1800000,Very low,0.0012
floral art,2100,1500000,Very low,0.0014
canvas prints,2000,1600000,Very low,0.0013
kids room art,2000,1300000,Very low,0.0015
street art,2000,303700,Very low,0.0066
contemporary art,2000,1800000,Very low,0.0011
fine art,1900,919500,Very low,0.0021
modern abstract art,1900,1500000,Very low,0.0013
acrylic art,1900,942700,Very low,0.002
sketch art,1900,2800000,Very low,0.0007
wall art decor,1800,5800000,Very low,0.0003
religious art,1700,1100000,Very low,0.0015
boho art,1700,1600000,Very low,0.0011
mixed media art,1600,147400,Very low,0.0109
personalized art,1500,670900,Very low,0.0022
fine art prints,1500,377400,Very low,0.004
surreal art,1500,173600,Very low,0.0086
impressionist art,1500,270900,Very low,0.0055
abstract paintings,1500,501400,Very low,0.003
illustration art,1400,3300000,Very low,0.0004
art decor,1400,5800000,Very low,0.0002
abstract canvas art,1300,1100000,Very low,0.0012
oil painting print,1300,391000,Very low,0.0033
spiritual art,1300,598000,Very low,0.0022
wall paintings,1300,1600000,Very low,0.0008
custom artwork,1200,721900,Very low,0.0017
bohemian home decor,1200,1300000,Very low,0.0009
art for sale,1200,145800,Very low,0.0082
painting art,1200,2000000,Very low,0.0006
geometric art,1100,1500000,Very low,0.0007
framed art prints,1100,1600000,Very low,0.0007
apartment wall art,1000,151200,Very low,0.0066
wall murals,971,356800,Very low,0.0027
abstract prints,971,1300000,Very low,0.0007
handmade wall decor,953,1200000,Very low,0.0008
wall decor art,951,6500000,Very low,0.0001
art gifts,937,3700000,Very low,0.0003
line art print,869,218900,Very low,0.004
portrait art,845,1600000,Very low,0.0005
fantasy art prints,808,298600,Very low,0.0027
pencil sketch,752,67200,Very low,0.0112
art for bedroom,728,1200000,Very low,0.0006
art for living room,694,1700000,Very low,0.0004
sunset art,658,477000,Very low,0.0014
small art prints,619,213400,Very low,0.0029
vector art,593,739500,Very low,0.0008
figurative art,584,65000,Very low,0.009
unique art prints,576,856500,Very low,0.0007
botanical art prints,521,583900,Very low,0.0009
landscape paintings,513,650200,Very low,0.0008
digital illustration,508,1900000,Very low,0.0003
art for kitchen,457,1200000,Very low,0.0004
meditation art,449,236100,Very low,0.0019
oil painting art,422,671000,Very low,0.0006
nature inspired art,417,1000000,Very low,0.0004
unframed art prints,382,1300000,Very low,0.0003
figure art,364,745300,Very low,0.0005
graphic art,338,1500000,Very low,0.0002
statement art,335,887200,Very low,0.0004
affordable art,329,46800,Very low,0.007
bohemian art,328,846600,Very low,0.0004
custom portrait art,301,380700,Typical,0.0008
art for office,294,987900,Very low,0.0003
artistic home decor,276,548500,Very low,0.0005
handmade paintings,273,189200,Very low,0.0014
animal art prints,261,1200000,Very low,0.0002
apartment art,253,204500,Very low,0.0012
expressionist art,250,80500,Very low,0.0031
surreal art prints,239,102900,Very low,0.0023
art prints for sale,233,19300,Very low,0.0121
artisan made,227,318400,Very low,0.0007
wall hangings art,226,6500000,Very low,0
sculptural art,219,70900,Very low,0.0031
mural art,209,990200,Very low,0.0002
ink drawing,203,114100,Very low,0.0018
seascape art,202,180400,Very low,0.0011
decorative art,199,1200000,Very low,0.0002
mixed media painting,185,33900,Very low,0.0055
watercolor art prints,184,714600,Very low,0.0003
ink art,178,302500,Very low,0.0006
diy art,172,1400000,Very low,0.0001
pen and ink art,163,63700,Very low,0.0026
street art print,158,159600,Very low,0.001
minimalist art prints,153,888300,Very low,0.0002
line art prints,135,225700,Very low,0.0006
street art prints,132,171000,Very low,0.0008
cityscape art,113,708200,Very low,0.0002
digital art downloads,87,2200000,Very low,0
artistic decor,79,370200,Very low,0.0002
line art drawing,70,213200,Very low,0.0003
art and crafts,67,3000000,Very low,0
customizable art,64,733200,Very low,0.0001
artistic gifts,51,356300,Very low,0.0001
personalized art gift,50,417700,Very low,0.0001
sketch art prints,49,662000,Very low,0.0001
graffiti art prints,43,59600,Very low,0.0007
illustration art prints,39,779000,Very low,0.0001
figurative art prints,33,25400,Very low,0.0013
artistic prints,32,281200,Very low,0.0001
artistic photography,31,18800,Very low,0.0016
figurative paintings,30,34800,Very low,0.0009
hand-painted art,26,489500,Very low,0.0001
seascape art prints,24,152300,Very low,0.0002
art gift ideas,24,866200,Very high,0
hand-drawn art,21,328100,Very low,0.0001
artistic paintings,19,73400,Very low,0.0003
acrylic painting art,15,437800,Very low,0
landscape painting art,13,1500000,Very low,0
artistic creations,11,5500,Very low,0.002
illustrative art,9,18800,Very low,0.0005
decorative art pieces,7,29700,Very low,0.0002
artistic designs,7,64300,Very low,0.0001
cityscape art prints,6,860400,Very low,0
artistic sculptures,5,37800,Very low,0.0001
scenic art prints,4,198200,Very low,0
art for gift,4,2000000,Very low,0
pet portraiture,3,530800,Very low,0
artistic drawings,2,19300,Very low,0.0001
baby,63800,4000000,Very low,0.0159
baby blanket,52200,365600,Typical,0.1428
nursery decor,43800,2100000,Very low,0.0209
baby girl gifts,25100,697400,Typical,0.036
baby boy gifts,21600,446300,Typical,0.0484
baby name sign,20500,162900,Typical,0.1258
baby mobile,18600,48500,Very low,0.3835
baby clothes,18000,477000,Very low,0.0377
baby girl clothes,14500,322300,Very low,0.045
baby shower decorations,12100,249200,Very low,0.0486
baby boy clothes,11800,219600,Very low,0.0537
baby quilt,9000,323700,Very low,0.0278
personalized baby gift,8700,457100,Very high,0.019
baby onesie,8600,311900,Typical,0.0276
baby toys,8000,1400000,Very low,0.0057
baby keepsake,7000,284400,Very low,0.0246
personalized baby items,5500,16900,Typical,0.3254
baby bodysuit,5200,139600,Very low,0.0372
baby girl nursery,4600,398700,Very low,0.0115
baby room decor,4200,535100,Very low,0.0078
baby milestone,4100,309700,Very low,0.0132
baby romper,4000,176400,Very low,0.0227
baby hat,3900,260399.99999999997,Typical,0.015
baby nursery decor,3800,973100,Very low,0.0039
baby boy nursery,3600,304900,Very low,0.0118
baby shoes,3200,56400,Very low,0.0567
baby nursery,3100,1200000,Very low,0.0026
baby baptism gift,2800,100900,Typical,0.0278
baby outfit,2500,628800,Very low,0.004
baby girl dress,2100,199700,Very low,0.0105
baby jewelry,2000,209300,Very low,0.0096
baby headband,1800,98800,Typical,0.0182
baby car seat cover,1600,9700,Very low,0.1649
baby accessories,1500,482700,Very low,0.0031
baby socks,1300,21100,Typical,0.0616
baby carrier,1300,25700,Very low,0.0506
custom baby items,1100,19400,Very low,0.0567
handmade baby gifts,1000,386600,Very low,0.0026
baby bedding,974,338800,Very low,0.0029
baby wall art,947,829200,Very low,0.0011
baby bottle,920,52700,Very low,0.0175
baby pacifier clip,811,14700,Typical,0.0552
baby hair accessories,781,76700,Typical,0.0102
baby swing,615,9800,Very low,0.0628
nursery bedding,571,151900,Very low,0.0038
newborn essentials,548,15300,Very low,0.0358
baby growth chart,506,15700,Very low,0.0322
toddler outfit,502,401600,Very low,0.0013
baby shower centerpiece,492,43000,Very low,0.0114
organic baby clothes,421,43800,Very low,0.0096
baby sleeping bag,390,4500,Very low,0.0867
baby nursery art,366,833500,Very low,0.0004
handmade baby gift,348,549000,Very low,0.0006
expecting mother gift,344,15200,Typical,0.0226
baby christening gown,265,9300,Very low,0.0285
unisex baby clothes,260,123800,Very low,0.0021
baby bouncer,242,3800,Very low,0.0637
handmade baby items,235,10700,Very low,0.022
baby christening outfit,157,15000,Very low,0.0105
baby stroller accessories,106,9800,Very low,0.0108
baby registry items,103,6900,Very low,0.0149
baby washcloth,95,7100,Very low,0.0134
baby monitor,91,4800,Very low,0.019
baby room ideas,88,198700,Very low,0.0004
infant clothing,85,278100,Very low,0.0003
baby milestone tracker,52,19500,Very low,0.0027
toddler accessories,50,141500,Typical,0.0004
baby sippy cup,48,5800,Typical,0.0083
baby car seat accessories,48,8700,Very low,0.0055
baby art prints,30,640400,Very low,0
baby bath time,28,8000,Very low,0.0035
baby shower registry,24,18200,Very high,0.0013
baby travel gear,14,5200,Very low,0.0027
baby care products,11,5400,Very low,0.002
baby skincare,9,7300,Very low,0.0012
baby camera,9,36600,Very low,0.0002
baby food maker,5,2300,Very low,0.0022
baby room organizer,3,8000,Very low,0.0004
baby playtime,1,925600,Very low,0
badge reel,190200,267600,Very low,0.7108
bag charm,74800,334600,Very low,0.2236
enamel pin,42800,276600,Very low,0.1547
custom stickers,37000,562000,Very high,0.0658
nurse badge reel,35800,187200,Very low,0.1912
iron on patch,15600,186500,Very low,0.0836
custom patches,13100,180600,High,0.0725
custom patch,9800,294700,Very high,0.0333
name tags,9000,255000,Very high,0.0353
pin board,8700,18700,Very low,0.4652
custom sticker,8600,1100000,Very high,0.0078
custom badge reel,7500,108400,Very high,0.0692
retractable badge holder,6600,111100,Very low,0.0594
velcro patch,6500,126200,Very low,0.0515
custom pin,6000,211300,Very high,0.0284
name tag,5900,396800,Very high,0.0149
morale patch,4800,105600,Very low,0.0455
id card holder,4500,31800,Very low,0.1415
hat pins,3600,61200,Very low,0.0588
custom buttons,3200,97900,Very high,0.0327
embroidery patches,3000,149600,Very low,0.0201
sew on patch,2900,98600,Very low,0.0294
badge lanyard,2900,281000,Very low,0.0103
badge clip,2800,659800,Very low,0.0042
pin badge,2800,328200,Very low,0.0085
button pin,2400,166400,Very low,0.0144
enamel jewelry,2300,320900,Very low,0.0072
pin banner,2200,12200,Very low,0.1803
bag pins,2000,34300,Very low,0.0583
custom enamel pin,1800,51200,High,0.0352
custom button pins,1400,36400,Very high,0.0385
custom lapel pin,1400,68300,Very high,0.0205
custom name tag,1200,322800,Very high,0.0037
custom button,1200,167100,Very high,0.0072
military patch,1100,28600,Very low,0.0385
pin maker,1100,11300,Very low,0.0973
pin buttons,977,352000,Very low,0.0028
vintage pin,928,621400,Very low,0.0015
badge pin holder,746,22200,High,0.0336
pin brooch,645,598300,Very low,0.0011
acrylic pin,643,36100,Very low,0.0178
pin trading,615,9700,Very low,0.0634
zipper pull charm,576,48900,Very low,0.0118
button badge,575,110300,Very low,0.0052
badge holder lanyard,543,212800,Very low,0.0026
badge pin,502,463300,Very low,0.0011
pin display case,499,6400,Very low,0.078
lanyard with badge holder,468,135000,Very low,0.0035
woven patch,456,14600,Very low,0.0312
pin collection,449,44600,Very low,0.0101
pin button,427,141900,Very low,0.003
kawaii pin,417,38400,Very low,0.0109
pin badge display,399,5100,Typical,0.0782
pinback button,387,140000,Very low,0.0028
pin set,362,145000,Very low,0.0025
food enamel pin,289,8300,Very low,0.0348
unique pins,287,185700,Very low,0.0015
clothing accessory,287,730400,Very low,0.0004
pin backpack,274,36800,Very low,0.0074
personalized name badge,271,42400,Very high,0.0064
gift for collector,270,628800,Very low,0.0004
pin enamel,266,252900,Very low,0.0011
decorative pins,255,73600,Very low,0.0035
flower enamel pin,251,33600,Very low,0.0075
pin collector,248,82700,Very low,0.003
collectible pin,248,248400,Very low,0.001
police badges,240,22600,Very low,0.0106
antique pin,235,172900,Very low,0.0014
badge necklace,230,29500,Very low,0.0078
security badge,220,15700,Very low,0.014
small pin,208,99200,Very low,0.0021
witchy enamel pin,199,7400,Very low,0.0269
metal pin,199,177300,Very low,0.0011
pin keychain,197,53600,Very low,0.0037
art pin,193,265200,Very low,0.0007
custom enamel pendant,186,15500,Very low,0.012
badge accessory,183,974700,Very low,0.0002
art pins,165,214800,Very low,0.0008
badge keychain,153,287500,Very low,0.0005
animal enamel pin,151,48100,Very low,0.0031
pin collection display,128,8200,Typical,0.0156
jacket pins,111,22800,High,0.0049
military pin,102,15800,Very low,0.0065
work id holder,90,39100,Very high,0.0023
custom metal badges,84,18800,Very low,0.0045
celestial enamel pin,83,9400,Very low,0.0088
enamel pin art,80,66600,Very low,0.0012
badge decor,80,339100,Very low,0.0002
keychain fob,78,93500,Very low,0.0008
metal emblem,75,33200,Very low,0.0023
pin necklace,73,59400,Very low,0.0012
decorative pin,73,191300,Very low,0.0004
enamel lapel pin,70,166400,Very low,0.0004
pin for backpack,68,81200,Very low,0.0008
enamel pin maker,66,5400,Very low,0.0122
custom enamel jewelry,62,77000,Very low,0.0008
enamel pin bulk,61,8500,Typical,0.0072
commemorative pin,61,11000,Very high,0.0055
custom logo pins,59,13400,Very high,0.0044
pin charms,56,120100,Very low,0.0005
pin badge custom,55,34700,Very high,0.0016
pin art,55,232700,Very low,0.0002
badge making kit,52,4400,Very low,0.0118
pin backing,52,7600,Very high,0.0068
cottagecore pin,52,23700,Very low,0.0022
pin buttons custom,52,78000,Very high,0.0007
badge charm holder,51,55300,Typical,0.0009
pin for bag,48,59300,Very low,0.0008
badge sticker,48,172700,Very low,0.0003
custom enamel charm,47,35400,Very low,0.0013
designer pins,45,30000,Very low,0.0015
pin for jacket,45,166600,Very low,0.0003
collector pins,44,53100,Typical,0.0008
pin hat,43,21400,Very low,0.002
custom badge lanyard,43,161800,Very low,0.0003
designer pin,42,51900,Very low,0.0008
pin packaging,40,3600,Very low,0.0111
pin patch,39,83800,Very low,0.0005
miniature pins,38,13400,Very high,0.0028
pin machine,37,11800,Very low,0.0031
pin metal,36,147500,Very low,0.0002
badge making,35,31800,Very low,0.0011
small button,35,74100,Very low,0.0005
badge button,35,141700,Very low,0.0002
pin button maker,32,7700,Very low,0.0042
pin for hat,31,40700,Very low,0.0008
custom button badge,30,10200,High,0.0029
trading pin,22,9600,Very low,0.0023
pin badge backpack,21,16400,Very low,0.0013
pin design,21,110500,Very low,0.0002
identification badge,20,15900,Very low,0.0013
badge pin display,19,14000,Very low,0.0014
small badges,19,20600,Very low,0.0009
pin badge set,16,37100,Very low,0.0004
pin badge button,16,85100,Very low,0.0002
pin badge keychain,14,11200,Very low,0.0013
custom enamel badges,14,17300,Very low,0.0008
metal badge custom,14,55700,Very low,0.0003
pin badge maker,13,3600,Very low,0.0036
custom insignia,13,25200,Very low,0.0005
pin designs,13,33100,Very low,0.0004
badge ornament,13,70500,Very low,0.0002
custom enamel coin,10,7000,Very low,0.0014
custom military badge,9,11100,Very low,0.0008
geometric enamel pin,8,1900,Very low,0.0042
custom enamel keychains,8,5300,Very low,0.0015
badge holder strap,6,1900,Very low,0.0032
pin blank,6,20500,Very low,0.0003
scrapbooking embellishment,5,7100,Very low,0.0007
pin badge design,4,8000,Very low,0.0005
custom enamel ornament,4,11800,Very low,0.0003
pin badge collection,3,5500,Very low,0.0005
pin artist,3,15700,Very low,0.0002
enamel pin manufacturer,2,864,Very low,0.0023
button maker supplies,2,1400,Very low,0.0014
pin badge packaging,2,4200,Very low,0.0005
pin mold,2,7100,Very low,0.0003
pin badge for lanyard,2,8300,Very low,0.0002
custom enamel sticker,2,9300,Very low,0.0002
enamel pin mold,1,955,Very low,0.001
pin badge blank,1,1500,Very low,0.0007
promotional buttons,1,1700,Very low,0.0006
bag,24500,1900000,Very low,0.0129
tote bag,54800,829300,Very low,0.0661
wallet,39200,297100,Very low,0.1319
makeup bag,27700,153100,Typical,0.1809
crossbody bag,20300,308700,Very low,0.0658
backpack,17900,379100,Very low,0.0472
handbag,16600,360000,Very low,0.0461
diaper bag,16600,43800,Very low,0.379
card holder,15000,340200,Very low,0.0441
beach bag,14300,176500,Very low,0.081
coin purse,13600,166400,Very low,0.0817
custom tote bag,10600,232900,Very high,0.0455
messenger bag,10400,156000,Very low,0.0667
shoulder bag,9400,368600,Very low,0.0255
laptop bag,9200,117700,Very low,0.0782
straw bag,9100,28900,Very low,0.3149
personalized bag,8700,285400,Very high,0.0305
lunch bag,8600,37800,Very low,0.2275
leather crossbody bag,7000,212700,Very low,0.0329
cosmetic bag,6200,157900,Typical,0.0393
hobo bag,5700,39100,Very low,0.1458
clutch bag,5600,146100,Very low,0.0383
travel bag,5500,200900,Very low,0.0274
fanny pack,5500,87700,Very low,0.0627
vintage bag,5400,374600,Very low,0.0144
crossbody purse,5300,361300,Very low,0.0147
camera bag,5200,32200.000000000004,Very low,0.1615
gift bag,5100,1600000,High,0.0032
clutch purse,4500,176300,Very low,0.0255
knitting project bag,4500,20900,Very low,0.2153
leather handbag,4300,223900,Very low,0.0192
weekender bag,4200,37700,Very low,0.1114
drawstring bag,4100,62200,High,0.0659
wristlet wallet,3500,31500,Very low,0.1111
yoga mat bag,3500,11600,Very low,0.3017
belt bag,3400,58000,Very low,0.0586
gym bag,3100,50300,Very low,0.0616
mini backpack,3000,31000,Very low,0.0968
duffel bag,2900,25300,Typical,0.1146
backpack purse,2800,189600,Very low,0.0148
bucket bag,2600,26900,Very low,0.0967
small purse,2400,317000,Very low,0.0076
evening clutch,2300,85200,Very low,0.027
personalized gift bag,2300,162200,Very high,0.0142
boho bag,2300,273300,Very low,0.0084
canvas messenger bag,2000,43700,Very low,0.0458
canvas backpack,2000,23500,Very low,0.0851
handmade tote bag,1900,256399.99999999997,Very low,0.0074
bum bag,1700,18000,Very low,0.0944
beach tote bag,1700,127000,Very high,0.0134
shopping bag,1700,119200,Very low,0.0143
phone bag,1600,56900,Very low,0.0281
monogrammed bag,1500,114800,Very high,0.0131
canvas crossbody bag,1300,66100,Very low,0.0197
shoulder bag women,1300,114000,Very low,0.0114
shoulder purse,1200,440500,Very low,0.0027
tool bag,1200,608900,Very low,0.002
work tote bag,1100,112400,Very low,0.0098
personalized leather bag,924,35600,Typical,0.026
boho crossbody bag,811,86800,Very low,0.0093
monogrammed tote bag,734,46300,Very high,0.0159
straw beach bag,715,19800,Very low,0.0361
large tote,643,247600,Very low,0.0026
storage bag,582,252500,Very low,0.0023
evening clutch purse,560,80000,Very low,0.007
small shoulder bag,531,73800,Very low,0.0072
sewing machine bag,492,38000,Very low,0.0129
vintage style bag,403,64500,Very low,0.0062
reusable shopping bag,398,80600,Very low,0.0049
casual tote bag,397,82000,Very low,0.0048
minimalist bag,389,248300,Very low,0.0016
messenger bag leather,340,98700,Very low,0.0034
evening clutch bag,334,72400,Very low,0.0046
zippered tote bag,318,55800,Very low,0.0057
straw tote bag,286,19500,Very low,0.0147
utility bag,278,29200,Very low,0.0095
unique shoulder bag,253,102800,Very low,0.0025
grocery tote,250,87600,Typical,0.0029
customizable tote bag,185,36400,Very high,0.0051
drawstring pouch bag,162,39200,Very low,0.0041
pet travel bag,140,9600,Very low,0.0146
unique handmade bag,113,150700,Very low,0.0007
vegan leather handbag,106,18100,Very low,0.0059
retro handbag,91,49000,Very low,0.0019
weekender travel bag,90,32500,Very low,0.0028
laptop shoulder bag,89,66600,Very low,0.0013
waterproof messenger bag,88,11700,Very low,0.0075
convertible tote bag,85,9800,Very low,0.0087
phone pouch bag,79,19900,Typical,0.004
vintage style purse,73,124500,Very low,0.0006
faux leather handbag,71,16900,Very low,0.0042
camera crossbody bag,69,7200,Very low,0.0096
everyday shoulder bag,59,144800,Very low,0.0004
laptop sleeve bag,57,27900,Very low,0.002
crossbody purse for women,53,107900,Very low,0.0005
gym duffel bag,46,19400,Very low,0.0024
canvas shopper bag,44,18700,Very low,0.0024
patterned tote bag,44,78700,High,0.0006
everyday crossbody bag,44,113300,Very low,0.0004
lunch cooler bag,40,9000,Very high,0.0044
boho style bag,37,42100,Very low,0.0009
minimalist shoulder bag,29,58900,Very low,0.0005
utility crossbody bag,24,11900,Very low,0.002
artist portfolio bag,22,5300,Very low,0.0042
utility waist bag,22,7600,Very low,0.0029
fashion handbag,21,79700,Very low,0.0003
bucket shoulder bag,20,12600,Very low,0.0016
drawstring backpack bag,19,6000,Very low,0.0032
diaper changing bag,18,6500,Very low,0.0028
travel carry on bag,18,27700,Very high,0.0006
ergonomic backpack,16,5900,Very low,0.0027
carry all tote bag,13,15200,Very low,0.0009
gym bag for men,12,12500,Very low,0.001
cosmetic makeup bag,11,75100,Very low,0.0001
fanny pack bum bag,3,9200,Very low,0.0003
craft fair tote bag,3,12000,Very low,0.0003
camera gear bag,3,18700,Very low,0.0002
athletic gym bag,2,12200,Very low,0.0002
carry on luggage bag,2,16700,Very low,0.0001
fashion shoulder bag,2,29800,Very low,0.0001
arts and crafts bag,2,119500,Very low,0
craft supply organizer bag,1,8800,Very low,0.0001
stylish shoulder bag,1,14000,Very low,0.0001
party supplies,15800,1100000,Very low,0.0144
baptism favors,12500,26100,Very low,0.4789
godmother gift,6900,35600,High,0.1938
custom baby gift,5000,1100000,High,0.0045
baptism candle,4000,12600,High,0.3175
baby girl baptism dress,3600,15400,Very low,0.2338
baptism invitation,3200,26000,Typical,0.1231
baptism cake topper,2500,10800,Very high,0.2315
baptism decor,2500,195600,Typical,0.0128
baby dedication gift,2400,19100,Typical,0.1257
godfather gift,2300,22100,Typical,0.1041
first communion dress,2300,10500,Very low,0.219
religious wall art,2100,825800,Very low,0.0025
baptism dress baby girl,1700,14100,Very low,0.1206
christening decor,1500,57200,Typical,0.0262
baptism cross,1400,91800,High,0.0153
first communion gifts,1300,45200,Very low,0.0288
first communion gift,1200,74100,Very low,0.0162
personalized baptism gift,1100,54600,Very high,0.0201
christian baby gifts,1100,55000,Very low,0.02
baptism banner,1100,19700,High,0.0558
baby girl christening dress,901,12200,Very low,0.0739
bible verse decor,712,257100.00000000003,Very low,0.0028
baptism bracelet,707,17100,Typical,0.0413
religious baby gift,589,64200,Very high,0.0092
boy christening outfit,542,8500,Very low,0.0638
event signage,542,96700,Very low,0.0056
christening outfit,514,16700,Very low,0.0308
baby girl christening,514,64500,Very low,0.008
ceremony decor,441,114100,Very low,0.0039
religious keepsake,441,161000,Very low,0.0027
religious artwork,418,241800,Very low,0.0017
christening gown boy,375,5100,Very low,0.0735
baptism necklace,375,51200,High,0.0073
baptismal gifts,354,181200,High,0.002
baptism backdrop,335,6200,Very low,0.054
baby dedication outfit,277,8500,Very low,0.0326
holy communion gift,275,32400,Very low,0.0085
baptism favor tags,261,7800,High,0.0335
monogrammed baby items,240,11300,High,0.0212
white baptism dress,216,12300,Very low,0.0176
baby boy christening,211,43600,Very low,0.0048
infant baptism dress,150,11500,Very low,0.013
lace baptism dress,132,9500,Very low,0.0139
christening cookies,129,3600,Typical,0.0358
religious baby gifts,115,78000,High,0.0015
spiritual baby gift,104,24200,Typical,0.0043
baptismal favors,84,30200,High,0.0028
linen baptism outfit,73,4700,Very low,0.0155
baby blessing outfit,71,10300,Very low,0.0069
baby boy christening suit,65,4700,Very low,0.0138
ivory christening gown,65,6500,Very low,0.01
baptismal bib,59,4500,Very low,0.0131
baptismal outfit boy,48,10700,Very low,0.0045
newborn baptism outfit,43,16900,Very low,0.0025
white baptism outfit,42,11700,Very low,0.0036
baptismal robe,38,4300,Very low,0.0088
baby baptism decorations,34,20500,Very low,0.0017
welcome baby party,30,128500,Very low,0.0002
naming ceremony gifts,28,2400,Very low,0.0117
holy communion decor,28,17400,Typical,0.0016
blessing ceremony gift,26,3000,Very low,0.0087
baby boy baptism suit,25,6200,Very low,0.004
infant baptism outfit,25,15700,Very low,0.0016
baptismal outfit girl,24,18000,Very low,0.0013
baptismal backdrop,23,3800,Very low,0.0061
lace christening dress,23,7000,Very low,0.0033
christening candle holder,22,2400,Very low,0.0092
baptismal banner,20,17600,Very high,0.0011
baptismal cake topper,18,6100,High,0.003
spiritual baby gifts,17,16100.000000000002,Very low,0.0011
gender neutral baptism outfit,15,12200,Very low,0.0012
first communion outfit,13,10000,Very low,0.0013
embroidered baptism gown,11,7000,Very low,0.0016
new christian gift,11,15000,Very low,0.0007
religious baby shower gift,10,45900,Very low,0.0002
baptismal certificate holder,9,5200,Very low,0.0017
infant dedication,9,13700,Very low,0.0007
sacred ceremony,7,16100.000000000002,Very low,0.0004
white linen outfit,7,71700,Very low,0.0001
religious baby decor,7,120800,Very low,0.0001
baptism photo props,6,8200,Very low,0.0007
holy spirit baptism,6,11300,Very low,0.0005
christening party supplies,6,69000,Very low,0.0001
baptismal keepsake box,5,12800,Very low,0.0004
baptismal decor,4,42700,Very low,0.0001
baby shower gift religious,4,49500,Very low,0.0001
baby shower alternative,3,15200,Very low,0.0002
spiritual baby items,2,7000,Very low,0.0003
infant baptism clothes,2,13700,Very low,0.0001
religious baby clothing,2,24900,Very low,0.0001
baptismal cross necklace,1,6800,Very low,0.0001
unisex baptism outfit,1,12400,Very low,0.0001
religious milestone,1,41000,Very low,0
baptismal keepsake,1,72300,Very low,0
baby shower,49900,2000000,Very low,0.0249
birthday banner,27700,490200,Typical,0.0565
party decor,24900,919300,Very low,0.0271
happy birthday banner,16600,87000,Typical,0.1908
gift for dad,15800,718200,Very low,0.022
gift for mom,14800,539700,Very low,0.0274
unique gifts,14700,970500,Very low,0.0151
gift for husband,12500,251000,Very low,0.0498
birthday crown,12300,91000,Very high,0.1352
funny birthday card,9600,273200,High,0.0351
birthday gift for him,9600,362500,Very low,0.0265
seasonal decor,8500,2000000,Very low,0.0043
holiday decor,6300,648400,Very low,0.0097
birthday cake topper,5100,245900,High,0.0207
first birthday decor,4800,349800,Typical,0.0137
birthday gift for husband,4700,122100,Very low,0.0385
custom party favors,4600,341500,Very low,0.0135
party games,4300,880100,Very low,0.0049
gift for wife,4100,371200,Very low,0.011
birthday gift for mom,3900,651400,Typical,0.006
custom birthday banner,3900,267600,Very high,0.0146
gift for best friend,3300,262000,Typical,0.0126
birthday gift for best friend,3200,151300,Very low,0.0212
halloween party decor,2900,483200,Very low,0.006
birthday backdrop,2700,142400,Typical,0.019
birthday sash,2700,15800,High,0.1709
custom birthday card,2700,462800,Very high,0.0058
birthday banner personalized,2600,60800,High,0.0428
birthday card funny,2600,272900,High,0.0095
birthday gift box,2500,264900,Typical,0.0094
birthday gift for wife,2100,222500,Typical,0.0094
birthday gift for sister,2100,151800,Typical,0.0138
birthday banner custom,2000,271300,High,0.0074
birthday balloons,2000,107700,Typical,0.0186
birthday outfit,1400,604900,Very low,0.0023
princess party,1400,236700,Typical,0.0059
birthday headband,1300,66800,Typical,0.0195
birthday gift ideas,1200,980500,Very low,0.0012
birthday outfit girl,1200,315100,Very low,0.0038
festive decor,1100,361800,Very low,0.003
birthday gift for men,970,921400,Very low,0.0011
birthday sticker,968,347200,High,0.0028
birthday party supplies,916,1100000,Very low,0.0008
dinosaur party,909,101000,Typical,0.009
graduation party,878,354800,Very low,0.0025
birthday gift for grandma,835,144400,Typical,0.0058
mermaid party,820,101100,Typical,0.0081
party backdrop,724,295600,Very low,0.0024
unicorn party,603,93700,Typical,0.0064
housewarming party,592,271100,Very low,0.0022
unique party favors,550,114400,Very low,0.0048
birthday confetti,528,45700,Very high,0.0116
birthday favor,515,315200,Very low,0.0016
birthday gift for daughter,490,169300,Typical,0.0029
happy birthday decor,426,254700,Very low,0.0017
pirate party,424,38600,High,0.011
birthday sign personalized,422,130300.00000000001,Typical,0.0032
birthday gift for brother,416,56000,Very low,0.0074
birthday outfit boy,412,150100,Very low,0.0027
birthday surprise,397,69300,Typical,0.0057
birthday treats,381,78600,Typical,0.0048
birthday outfit women,360,90300,Very low,0.004
birthday cupcake toppers,359,59000,Typical,0.0061
birthday celebration,337,693400,Very low,0.0005
personalized birthday sign,329,75400,High,0.0044
birthday decorations for her,319,64500,High,0.0049
birthday centerpiece,319,90300,Very low,0.0035
party tableware,303,137700,Very low,0.0022
birthday party hats,286,104400,Typical,0.0027
superhero party,284,40200,Very low,0.0071
birthday gift for grandpa,265,79200,High,0.0033
birthday keepsake box,263,27300,Very low,0.0096
birthday card handmade,253,179800,Very low,0.0014
special occasion,250,508300,Very low,0.0005
carnival party,231,84900,Typical,0.0027
birthday party theme,230,938000,Very low,0.0002
event decorations,210,75500,Very low,0.0028
adult birthday decorations,194,43500,Very low,0.0045
birthday decorations for adults,179,55000,Very low,0.0033
custom birthday poster,172,168700,Very low,0.001
birthday favor bags,167,50400,Very low,0.0033
birthday hat adult,165,58900,Typical,0.0028
masquerade party,159,35900,Very low,0.0044
party planning,144,398400,Typical,0.0004
birthday card personalized,143,234600,Very high,0.0006
birthday gift for son,141,61200,Very low,0.0023
birthday photo props,127,77600,Very low,0.0016
birthday favor tags,126,57800,High,0.0022
fourth of july decor,122,61800,Very low,0.002
birthday surprise box,119,12400,Very low,0.0096
birthday party ideas,114,464300,Very low,0.0002
birthday outfit toddler,105,243400,Very low,0.0004
birthday outfit for girls,97,242900,Very low,0.0004
birthday gift for sister unique,93,69900,Very low,0.0013
sweet sixteen decorations,89,9100,Very low,0.0098
birthday photo booth props,87,19700,Very low,0.0044
birthday gift for coworker,86,71900,Very low,0.0012
birthday party backdrop,83,145300,Very low,0.0006
birthday gnome,73,27400,Typical,0.0027
birthday balloon arch,69,28600,Very low,0.0024
surprise party,68,116200,High,0.0006
birthday table centerpiece,66,51900,Very low,0.0013
birthday party signage,60,33600,Typical,0.0018
party essentials,54,30400,Very low,0.0018
luau party supplies,43,21100,High,0.002
birthday sticker pack,32,43200,Very high,0.0007
birthday party centerpieces,32,71600,Very low,0.0004
outer space party,30,29200,Very low,0.001
celebration favors,27,99900,Very low,0.0003
birthday candle set,25,49400,Very low,0.0005
first birthday centerpiece,23,16900,Very low,0.0014
customizable items,23,22900,Very low,0.001
decorative banners,22,35300,Very low,0.0006
birthday favor box,22,36300,Very low,0.0006
birthday outfit men,19,79300,Very low,0.0002
celebration candles,16,22100,Very high,0.0007
celebration cake,15,39200,Very low,0.0004
birthday party tableware,14,42200,Very high,0.0003
birthday outfit for boys,12,48900,Very low,0.0002
birthday party favors bulk,12,50700,Very low,0.0002
birthday party planning,9,22500,Very high,0.0004
birthday crown glitter,8,3300,Very low,0.0024
birthday dessert table,7,26800,Very low,0.0003
birthday decorations outdoor,5,4400,Very low,0.0011
festive invitations,3,2300,Very low,0.0013
birthday party garlands,2,7000,Very low,0.0003
book lover gift,94500,249200,Very low,0.3792
bookish gifts,14800,296800,Very low,0.0499
teacher gift,13500,972100,Typical,0.0139
magnetic bookmark,12800,64200,Typical,0.1994
journal accessories,9900,127600,Very low,0.0776
custom bookmark,6100,113900,High,0.0536
personalized bookmark,6000,39100,Very high,0.1535
leather bookmark,5200,39900,High,0.1303
metal bookmark,3700,24600,Very low,0.1504
reading accessories,2300,154500,Very low,0.0149
acrylic bookmark,2100,15500,Very low,0.1355
bookish gift,2000,345300,Very low,0.0058
handmade bookmark,1800,74600,Very low,0.0241
page holder,1600,26900,Typical,0.0595
student gift,1300,422600,Very low,0.0031
bookworm gift,1300,119600,Very low,0.0109
fabric bookmark,1100,18400,Very low,0.0598
photo bookmark,1100,11400,Very high,0.0965
pressed flower bookmark,897,8000,Typical,0.1121
bookmark template,847,80600,Very high,0.0105
vintage bookmark,736,53500,Very low,0.0138
literary decor,701,129500,Very low,0.0054
writer gift,676,82400,Very low,0.0082
gift for readers,586,355300,Very low,0.0016
aesthetic bookmark,565,21700,Very low,0.026
page marker,547,46100,Very low,0.0119
tassel bookmark,535,28500,Very low,0.0188
reading corner decor,514,18400,Very low,0.0279
reading accessory,407,127300,Very low,0.0032
whimsical bookmark,320,19300,Very low,0.0166
author gift,296,46700,Typical,0.0063
paper bookmark,296,63500,Very low,0.0047
planner accessory,270,221500,Very low,0.0012
diy bookmark kit,247,42600,Very low,0.0058
fantasy reader gift,215,77800,Typical,0.0028
journal accessory,204,194500,High,0.001
religious bookmark,150,17000,Typical,0.0088
art bookmark,138,139700,Very low,0.001
book lover present,114,103000,High,0.0011
bookmark for kids,107,35000,Typical,0.0031
minimalist bookmark,92,17700,Very low,0.0052
bookmark corner,70,9300,Very low,0.0075
reading essentials,68,9700,Very low,0.007
inspirational bookmark,62,10900,High,0.0057
creative bookmark,59,55700,Very low,0.0011
bookish merchandise,56,13800,Very low,0.0041
bookworm present,47,18200,Very low,0.0026
custom page marker,46,15500,Very low,0.003
elegant bookmark,46,43300,Very low,0.0011
reader accessory,45,348100,Very low,0.0001
reading gifts for her,44,42600,High,0.001
historical bookmark,26,8900,Typical,0.0029
book lover merchandise,22,63400,Very low,0.0003
poetry lover gift,20,66600,Very low,0.0003
bookmark for readers,19,5300,Very low,0.0036
reading tools,14,167500,Very low,0.0001
scrapbook embellishment,14,1700000,Very low,0
poetry bookmark,13,10400,Very low,0.0013
bookmark decor,13,131800,Very low,0.0001
bookmark art print,12,21700,Very low,0.0006
artistic bookmark,9,71300,Very high,0.0001
magnetic page clip,8,30600,Very low,0.0003
modern bookmark,7,39600,Very low,0.0002
literary themed gifts,7,155200,Very low,0
bookmark for teachers,4,21800,Very low,0.0002
gothic literature gift,4,50600,Very low,0.0001
handmade page holder,3,531,Very low,0.0056
crafty bookmark,3,8400,Very low,0.0004
reading gifts for him,3,265100,Very low,0
bookmark for students,2,4700,Very low,0.0004
historical fiction gift,2,16300,Very low,0.0001
reading journal accessory,1,6400,Very low,0.0002
boy,1100,1900000,Very low,0.0006
boy nursery decor,7300,308500,Very low,0.0237
boy room decor,2800,216600,Very low,0.0129
boy nursery art,1200,209800,Very low,0.0057
boy wall art,629,360800,Very low,0.0017
boy birthday gift,610,398000,Typical,0.0015
boy birthday shirt,458,202500,Typical,0.0023
boy toys,420,75900,Very low,0.0055
boy milestone blanket,351,20300,Very low,0.0173
baby boy accessories,292,74200,Very low,0.0039
boy birthday outfit,270,165800,Very low,0.0016
toddler boy outfit,244,172600,Very low,0.0014
boy costume,231,77100,Very low,0.003
baby boy essentials,172,10100,Very low,0.017
boy quilt,159,54100,Very low,0.0029
boy party favors,142,64500,Very low,0.0022
boy nursery ideas,118,76900,Very low,0.0015
boy backpack personalized,108,13100,Very high,0.0082
boy wall decals,93,22600,Very low,0.0041
boy toy,93,161500,Very low,0.0006
boy baby mobile,81,18600,Very low,0.0044
boy bedding,80,80500,Very low,0.001
boy hat,77,110700,Typical,0.0007
boy growth chart,76,10600,Very low,0.0072
boy pirate costume,75,7100,Typical,0.0106
boy wall decal,67,26800,Very low,0.0025
boy toddler clothes,67,106000,Very low,0.0006
boy personalized blanket,54,50500,Very low,0.0011
boy graduation gift,51,23000,Very low,0.0022
boy lamp,50,13300,Very low,0.0038
boy gift ideas,50,125200,Very low,0.0004
boy cake smash outfit,48,13700,High,0.0035
boy pants,48,19600,Very low,0.0024
boy birthday present,48,30900,Typical,0.0016
boy keepsake box,46,11900,Very high,0.0039
boy shoes,41,21800,Very low,0.0019
boy wedding outfit,40,10700,Typical,0.0037
boy hats,39,105200,Very high,0.0004
boy accessories,36,198400,Very low,0.0002
boy jacket,34,17300,Very high,0.002
boy room accessories,31,36400,Very low,0.0009
little boy gift,30,94600,Typical,0.0003
boy christmas pajamas,29,9800,Very low,0.003
boy superhero costume,27,7600,Very low,0.0036
boy baby outfit,26,299600,Very low,0.0001
boy scrapbook paper,25,55000,Very low,0.0005
boy desk accessories,24,5900,Very low,0.0041
boy graphic tee,24,160700,Very low,0.0001
boy craft kit,24,186600,Typical,0.0001
boy christening suit,22,3700,Very low,0.0059
boy bedroom ideas,22,6700,Very low,0.0033
boy name art,22,66600,Very high,0.0003
boy clothing set,21,42100,Very low,0.0005
presents for boys,20,8300,Very low,0.0024
boy pajamas,18,14100,Very low,0.0013
boy personalized gift,18,517100,Very low,0
newborn boy essentials,17,62500,Very high,0.0003
boy lamp shade,16,2900,Very low,0.0055
boy dress up clothes,14,11700,Very low,0.0012
boy bedding set,14,24800,Very low,0.0006
boy infant clothes,14,88000,Very low,0.0002
boy toddler bed,13,7800,Very low,0.0017
outfits for boys,13,175800,Very low,0.0001
boy shadow box,11,6700,Very low,0.0016
boy dinosaur shirt,11,23800,Very high,0.0005
boy socks,10,5900,Very low,0.0017
boy toy storage,10,9600,Very low,0.001
boy personalized book,9,32700.000000000004,Very low,0.0003
boy woodland decor,9,69300,Very low,0.0001
boy scarf,8,11000,Very low,0.0007
boy easter outfit,8,17300,Very low,0.0005
boy journal,8,27100,Very low,0.0003
boy welcome sign,8,54000,Very low,0.0001
boy sweaters,8,74900,Very low,0.0001
boy school uniform,7,7300,Very low,0.001
toddler boy fashion,7,23600,Very low,0.0003
boy messenger bag,6,2100,Very low,0.0029
little boy present,6,3500,High,0.0017
boy jackets,6,8000,Very low,0.0008
boy car decals,5,8700,Very low,0.0006
boy action figure,5,10900,Very low,0.0005
boy toddler shoes,5,14000,Very low,0.0004
boy truck shirt,5,26300,Very low,0.0002
boy toddler clothing,5,269800,Very low,0
boy explorer costume,4,873,Very low,0.0046
boy bedroom furniture,4,1900,Very low,0.0021
boy pajama set,4,5100,Very low,0.0008
boy graphic tees,4,7200,Very low,0.0006
gift for young boy,4,10100,Very low,0.0004
young boy shirt,4,16400,Very low,0.0002
kid boy clothing,4,480500,Very low,0
boy party supplies,4,979600,Very low,0
boy summer clothes,3,2900,Very low,0.001
boy gloves,3,6000,Very low,0.0005
boy knit hat,3,7400,Very low,0.0004
boy astronaut costume,3,7500,Very low,0.0004
boy car print,3,10300,Very low,0.0003
boy winter clothes,3,20300,Very low,0.0001
boy personalized item,3,23400,Very low,0.0001
boy outfit ideas,2,3400,Very low,0.0006
boy party wear,2,3800,Very low,0.0005
boy travel accessories,2,7000,Very low,0.0003
little boy accessories,2,7000,Very low,0.0003
boy snowsuit,2,7100,Very low,0.0003
boy holiday outfit,2,24100,Very low,0.0001
clothing for boys,2,397100,Very low,0
boy costume ideas,1,1900,Very low,0.0005
boy formal wear,1,2000,Very low,0.0005
boy activity book,1,3800,Very low,0.0003
boy party clothes,1,6600,Very low,0.0002
boy learning toy,1,7100,Very low,0.0001
boy winter jacket,1,8400,Very low,0.0001
boy superhero shirt,1,10300,Very low,0.0001
boy digital art,1,348600,Very low,0
bracelet,64900.00000000001,2300000,Very low,0.0282
silver bracelet,33100,1100000,Very low,0.0301
gold bracelet,29600,1000000,Very low,0.0296
bracelets,29500,2100000,Very low,0.014
sterling silver bracelet,26200,626600,Very low,0.0418
copper bracelet,23900,122800,Typical,0.1946
evil eye bracelet,21800,58300,Typical,0.3739
mens bracelet,21300,420800,Very low,0.0506
charm bracelet,20000,1100000,Very low,0.0182
jade bracelet,15400,93100,Very low,0.1654
tennis bracelet,14100,75700,Very low,0.1863
beaded bracelets,13600,968000,Very low,0.014
birthstone bracelet,13300,169300,Very high,0.0786
italian charm bracelet,12700,12700,High,1
bracelets for men,11100,395600,Very low,0.0281
leather bracelet,11000,156900,Very low,0.0701
engraved bracelet,10500,94800,Typical,0.1108
mens bracelets,10400,433000,Very low,0.024
crystal bracelet,10200,447600,Typical,0.0228
14k gold bracelet,10200,189400,Very low,0.0539
mens leather bracelet,10000,57400,Very low,0.1742
medical alert bracelet,9300,10700,Typical,0.8692
name bracelet,9200,196800,Typical,0.0467
solid gold bracelet,9100,97700,Very low,0.0931
bangle bracelet,8700,388000,Very low,0.0224
cuff bracelet,8600,335600,Very low,0.0256
men bracelet,8200,362100,Very low,0.0226
copper bracelet women,8000,49700,Typical,0.161
charm bracelets,7600,635800,Very low,0.012
morse code bracelet,7400,10700,Very high,0.6916
bracelet homme,6500,370100,Very low,0.0176
bracelet femme,6500,599800,Very low,0.0108
rosary bracelet,6400,37700,Very low,0.1698
gemstone bracelet,6200,747100,Very low,0.0083
moissanite bracelet,6000,24000,Very low,0.25
silver bangle bracelet,5900,241300,Very low,0.0245
bracelet men,5700,377100,Very low,0.0151
mens engraved bracelet,5700,44300,Very low,0.1287
dad bracelet,5400,31400,Very low,0.172
clover bracelet,5300,14700,Very low,0.3605
photo bracelet,5300,21500,Typical,0.2465
van cleef bracelet,5300,5500,Very low,0.9636
cuff bracelets,5200,186600,Very low,0.0279
rose quartz bracelet,4900,41700,Typical,0.1175
baby bracelet,4900,53000,Typical,0.0925
chain bracelet,4800,441600,Very low,0.0109
stainless steel bracelet,4700,203100,Very low,0.0231
gold bangle bracelet,4700,171000,Very low,0.0275
rope bracelet,4700,71400,Very low,0.0658
men bracelets,4600,372900,Very low,0.0123
adjustable bracelet,4500,257600.00000000003,Very low,0.0175
gothic bracelet,4500,40900,Very low,0.11
chain & link bracelets,4500,121500,Very low,0.037
bracelet for men,4400,386600,Very low,0.0114
red string bracelet,4400,36400,Typical,0.1209
mens beaded bracelet,4300,196600,Very low,0.0219
bracelet stack,4300,319700,Very low,0.0135
matching bracelets,4300,38800,Very low,0.1108
custom name bracelet,4300,189100,Very low,0.0227
protection bracelet,4200,110100,Typical,0.0381
paracord bracelet,4100,18700,Very low,0.2193
custom bracelets,3800,283100,Very low,0.0134
mens leather bracelets,3800,53000,Very low,0.0717
personalized bracelets,3600,168700,Very low,0.0213
personalized name bracelet,3400,63500,Very low,0.0535
mens personalized bracelet,3400,60100,Very low,0.0566
personalized leather bracelet,3300,24700,Very low,0.1336
personalized bracelets for women,3200,117000,Very low,0.0274
mens bracelet personalized,3200,55700,Very low,0.0575
bracelet homme argent,3200,36800,Very low,0.087
mens rope bracelet,3100,14000,Very low,0.2214
personalized bracelet for men,3100,61700,Very low,0.0502
custom bracelet for men,3100,113700,Very low,0.0273
mens celtic bracelet,3100,9900,Very low,0.3131
engraved bracelet for men,3000,50200,Very low,0.0598
male bracelet,3000,11600,Very low,0.2586
custom mens bracelet,3000,114400,Very low,0.0262
bracelet for him,3000,62900,Very low,0.0477
mens chain bracelet,3000,73100,Very low,0.041
coordinates bracelet,3000,11800,Very low,0.2542
engraved bracelet men,3000,48500,Very low,0.0619
rope bracelet men,2900,14100,Very low,0.2057
personalized mens bracelet,2900,57900,Very low,0.0501
mens name bracelet,2900,35300,Very low,0.0822
fathers day bracelet,2900,13400,Very low,0.2164
custom bracelet men,2900,111300,Very low,0.0261
name bead bracelet,2800,154300,Very low,0.0181
mens custom bracelet,2800,111100,Very low,0.0252
bracelet for boyfriend,2800,18900,Very low,0.1481
leather bracelets for men,2800,52000,Very low,0.0538
personalized bracelets for men,2800,62900,Very low,0.0445
mens jewelry bracelet,2700,333000,Very low,0.0081
men bracelet personalized,2700,59500,Very low,0.0454
name bracelet for men,2700,35300,Very low,0.0765
personalized bracelet men,2700,59500,Very low,0.0454
mens birthstone bracelet,2700,32600,Very low,0.0828
engraved mens bracelet,2700,49500,Very low,0.0545
lava bead bracelet,2700,21000,Very low,0.1286
mens leather engraved bracelet,2700,18500,Very low,0.1459
customize bracelet,2700,334700,Very low,0.0081
custom name bracelet for men,2700,34500,Very low,0.0783
berradas bracelet,2600,6800,Very low,0.3824
men personalized bracelet,2600,58300,Very low,0.0446
motivational bracelets men,2600,9900,Very low,0.2626
engraved mens bracelet for son,2600,7600,Very low,0.3421
personalized cord bracelet,2600,13200,Very low,0.197
customized name bracelet,2600,85400,Very low,0.0304
personalized dad bracelet,2600,11700,Very low,0.2222
engraved leather bracelet personalized,2600,17600,Very low,0.1477
paracord bracelet personalized,2600,8100,Very low,0.321
bracelet with a saying mens,2600,7100,Very low,0.3662
personalize daddy bracelet,2600,7000,Very low,0.3714
leather bracelet fathers day personalized,2600,8200,Very low,0.3171
mens leather personalized bracelet,2600,20500,Very low,0.1268
bracelet men family,2600,10600,Very low,0.2453
mens bracelet black,2600,75800,Very low,0.0343
wooden bracelet women,2600,14900,Very low,0.1745
bracelets with photo,2600,15500,Very low,0.1677
mens bracelet engraved adjustable,2600,24700,Very low,0.1053
mens bracelet engraved personalized,2600,36900,Very low,0.0705
personalized rope bracelet,2600,9900,Very low,0.2626
mens bracelet with kids,2600,79500,Very low,0.0327
bracelet for husband 60tj,2600,6700,Very low,0.3881
engraved surfer bracelet,2600,6900,Very low,0.3768
mens bracelets custom gold,2600,44700,Very low,0.0582
personalized sailing rope bracelet,2600,6000,Very low,0.4333
groomsmen bracelet,2600,11600,Very low,0.2241
silver name bracelet for men,2600,20100,Very low,0.1294
bracelet custom for him,2600,29400,Very low,0.0884
mens word bracelet,2600,8700,Very low,0.2989
bracelet photo in,2600,17900,Very low,0.1453
bracelets for men sales,2600,6900,Very low,0.3768
engraved wood bracelets,2600,9900,Very low,0.2626
mens name bracelets for children,2600,2600,Very low,1
love bracelet for men,2600,65400.00000000001,Very low,0.0398
personalized name bracelets man,2600,29500,Very low,0.0881
keepsake bracelet men,2600,14900,Very low,0.1745
custom men cable bracelet,2600,9000,Very low,0.2889
customizable dad bracelet,2600,8700,Very low,0.2989
picture i love you bracelet,2600,6900,Very low,0.3768
men bracelet leather message,2600,8500,Very low,0.3059
fathers day bracelet jewelry sets,2600,7100,Very low,0.3662
personalize mens bracelet,2600,62900,Very low,0.0413
mens grandpa bracelets,2600,7100,Very low,0.3662
bracelet for boyfriend engraved,2600,11200,Very low,0.2321
bracelet custom for man,2600,122500,Very low,0.0212
cuban chain bracelet for him,2600,7500,Very low,0.3467
personalized stainless steel engraved bracelet,2600,21900,Very low,0.1187
man leather bracelet names,2600,12700,Very low,0.2047
leather dad golf bracelet,2500,6800,Very low,0.3676
bead bracelet personalized men,2500,38500,Very low,0.0649
4mm engraved bracelet,2500,8400,Very low,0.2976
gold plated bracelet,1700,280600,Very low,0.0061
bridal,13000,2700000,Very low,0.0048
wedding dress,121300,559300,Very low,0.2169
engagement ring,121100,1400000,Very low,0.0865
wedding favors,114500,288100,Very low,0.3974
wedding decor,85900,2200000,Very low,0.039
wedding invitations,58200,324100,Very low,0.1796
wedding band,54300,1000000,Very low,0.0543
wedding guest book,53600,46900,Typical,1.1429
wedding invitation,46900,398700,Very low,0.1176
engagement gift,43500,1500000,Typical,0.029
wedding rings,29100,1200000,Very low,0.0243
wedding ring,27000,1500000,Very low,0.018
wedding veil,23400,93600,Very low,0.25
wedding planner,22100,71100,High,0.3108
wedding shoes,14000,60000,Very low,0.2333
bridal shower games,13800,176300,Very high,0.0783
wedding jewelry,13700,806000,Very low,0.017
bridal hair accessories,12500,76700,Very low,0.163
bridal jewelry,12400,913700,Very low,0.0136
bride to be,11700,750000,Typical,0.0156
wedding favor,10600,308100,Very low,0.0344
wedding bouquet,10400,167400,Very low,0.0621
bridal jewelry set,8500,270300,Very low,0.0314
wedding hair accessories,8200,159700,Very low,0.0513
bridal party gifts,7900,353900,High,0.0223
wedding decorations,7800,597800,Very low,0.013
bridal shoes,7300,28600,Very low,0.2552
wedding flowers,6500,868000,Very low,0.0075
bridal shower invitation,5700,74700,Very low,0.0763
bridal necklace,5300,306900,Very low,0.0173
bridal shower decor,5300,442000,Typical,0.012
bridal headpiece,4600,78900,Very low,0.0583
wedding necklace,4000,1000000,Very low,0.004
bridesmaid dress,3700,84100,Very low,0.044
wedding decor ideas,3500,228000,Very low,0.0154
bride accessories,3400,173700,Very low,0.0196
wedding jewelry set,3300,499100,Very low,0.0066
wedding stationery,3000,286100,Very low,0.0105
bridal bouquet charm,2700,11200,High,0.2411
bridal clutch,2700,23700,Very low,0.1139
wedding backdrop,2600,110400,Very low,0.0236
bridal shower invitations,2400,84400,Very low,0.0284
wedding tiara,2400,54000,Very low,0.0444
wedding reception decor,2300,158600,Very low,0.0145
bridal gown,1900,126500,Very low,0.015
wedding reception,1800,222300,Very low,0.0081
wedding crown,1600,96600,Very low,0.0166
wedding bracelet,1600,442900,Typical,0.0036
wedding clutch,1400,34600,Very low,0.0405
wedding centerpiece,1400,129199.99999999999,Very low,0.0108
bridal sash,1300,25100,High,0.0518
wedding aisle runner,1100,17700,Very low,0.0621
wedding arch decor,1100,48600,Very low,0.0226
wedding accessories for bride,744,161600,Very low,0.0046
wedding ceremony,715,151500,Very low,0.0047
wedding suit,629,246200,Very low,0.0026
wedding ceremony flowers,560,16400,Very low,0.0341
wedding ceremony decor,529,81000,Very low,0.0065
wedding outfit,462,243400,Very low,0.0019
bridal hairpiece,451,35100,Very low,0.0128
wedding sash,447,41300,Very low,0.0108
getting married,443,35200,Typical,0.0126
wedding photography,309,65700,Very low,0.0047
wedding planning checklist,247,14500,Very high,0.017
wedding attire,178,151100,Very low,0.0012
wedding bridesmaid,172,865400,Very low,0.0002
wedding outfits,162,266200,Very low,0.0006
wedding ceremony backdrop,124,17700,Very low,0.007
future bride,98,72700,Typical,0.0013
bridal veil comb,32,15400,Very low,0.0021
wedding hairstyle,32,30800,Typical,0.001
wedding makeup,32,68200,Very low,0.0005
bridal veil alternative,19,23800,Very low,0.0008
wedding dress alterations,9,24000,Very low,0.0004
bridal hairstyle,2,8900,Very low,0.0002
wedding hairstyle ideas,2,12200,Very low,0.0002
bride gifts,25100,529600,Typical,0.0474
bridal shower,17200,777100,Very low,0.0221
bridal bouquet,15200,83200,Very low,0.1827
bride gift,12500,465200,Typical,0.0269
bridal shower favors,11000,118300,Very low,0.093
bride to be gifts,7200,484500,Typical,0.0149
wedding planner book,6700,14300,High,0.4685
bride sweatshirt,5300,54200,Very high,0.0978
custom wedding dress,4900,150900,Very low,0.0325
bride robe,4400,29000,Typical,0.1517
bride pajamas,3500,32900,Typical,0.1064
bride sash,3300,12400,High,0.2661
bridal tiara,2700,41300,Very low,0.0654
bride bouquet,2100,34900,Very low,0.0602
bride shoes,1600,18800,Very low,0.0851
bride to be sash,1500,8200,Very high,0.1829
bridal shower games printable,1500,96500,Very high,0.0155
bride hat,1500,49000,Typical,0.0306
bride headband,1300,23300,Typical,0.0558
bridal shower backdrop,948,41100,Very low,0.0231
bride veil,927,31000,High,0.0299
bride gift box,900,42600,Typical,0.0211
custom bride gift,703,301400,Typical,0.0023
bridal shower cake topper,679,27600,Typical,0.0246
bride wedding gift,621,515299.99999999994,Typical,0.0012
bride hair,446,38100,Very low,0.0117
bride squad,394,66100,Very high,0.006
wedding day jewelry,329,479900,Very low,0.0007
bride bouquet flowers,262,17800,Very low,0.0147
bride wedding dress,187,78500,Very low,0.0024
wedding hairpiece,154,38200,Very low,0.004
bride nails,144,6300,Very low,0.0229
bride wedding day,144,221900,Typical,0.0006
bride wedding shoes,124,14900,Very low,0.0083
future bride gift,124,62300,Very low,0.002
bride to be decorations,68,52400,High,0.0013
bride wedding,66,1000000,Very low,0.0001
bride decorations,64,107700,High,0.0006
bridal shower centerpiece,61,30600,Very low,0.002
bride groom gifts,58,129500,Very low,0.0004
bridal makeup,53,31700,Very low,0.0017
bride veil short,41,10900,Very low,0.0038
bride wedding bouquet,34,34300,Very low,0.001
bride party,31,535000,Very low,0.0001
bride bachelorette party,28,301600,Very low,0.0001
bride shirt custom,26,146600,Very high,0.0002
bride sash custom,23,9400,Very low,0.0024
bride wedding accessories,18,190100,Very low,0.0001
bride wedding jewelry set,14,41600,Very low,0.0003
bride wedding outfit,13,79200,Very high,0.0002
bride wedding cake topper,12,14800,Very low,0.0008
bride makeup,10,16700,Very high,0.0006
bride gifts for her,8,42100,Very low,0.0002
bride aesthetic,7,25200,Very low,0.0003
bride robe satin,5,18000,Very low,0.0003
bride planning,5,18600,Very low,0.0003
bride wedding scrapbook,5,22200,Very high,0.0002
bride wedding planning,4,7100,Very low,0.0006
bride photography,3,6700,Very low,0.0004
bride party decorations,3,19400,Very low,0.0002
bride hairstyle,2,6100,Very low,0.0003
bride wedding album,2,8500,Very low,0.0002
bride wedding sign,2,86100,Very low,0
bridal veil accessories,1,7000,Very low,0.0001
bride hat straw,1,12300,Very low,0.0001
bride wedding favors,1,36400,Very low,0
bridesmaid,12700,1100000,High,0.0115
bridesmaid gifts,113200,516299.99999999994,High,0.2193
bridesmaid proposal,53500,111000,High,0.482
maid of honor gift,19800,41300,High,0.4794
bridesmaid proposal box,19200,30100,Very high,0.6379
wedding guest dress,16000,182500,Very low,0.0877
bridesmaid proposal card,8700,23000,Very high,0.3783
bridesmaid pajamas,7800,56500,Very high,0.1381
bridesmaid robes,6300,31200,Very high,0.2019
bridesmaid jewelry,6100,275200,High,0.0222
bridesmaid earrings,5100,106800,Typical,0.0478
bridesmaid proposal gift,5100,70500,Very high,0.0723
bridesmaid card,3600,39100,Very high,0.0921
bridesmaid jewelry set,3500,56400,Typical,0.0621
bridesmaid dresses,3300,46100,Very low,0.0716
bridesmaid bouquet,3000,29800,Very low,0.1007
bridesmaid gift box,3000,63300,Very high,0.0474
bridesmaid bracelet,2400,88600,Very high,0.0271
party dress,2400,446100,Very low,0.0054
personalized bridesmaid gifts,2100,231100,Very high,0.0091
bridesmaid necklace,2000,162800,Typical,0.0123
bridesmaid candle,2000,14300,Very high,0.1399
personalized bridesmaid gift,1600,44600,Very high,0.0359
bridesmaid makeup bag,1600,23700,Very high,0.0675
bridesmaid tumbler,1400,22300,Very high,0.0628
bridesmaid thank you gift,1300,22500,Typical,0.0578
bridesmaid pajama set,1100,17600,Very high,0.0625
bridesmaid accessories,987,102400,Very low,0.0096
bridesmaid proposal gift box,980,30000,High,0.0327
unique bridesmaid gifts,868,111500,Very low,0.0078
bridesmaid hanger,802,8200,Very high,0.0978
custom bridesmaid gift,727,155300,High,0.0047
bridesmaid gift ideas,701,61100,Typical,0.0115
bridesmaid gift set,674,143700,High,0.0047
bridesmaid sunglasses,511,6300,Very high,0.0811
bridesmaid earrings gold,484,77800,Typical,0.0062
bridesmaid clutch,406,17600,Typical,0.0231
bridesmaid sash,223,8600,Very high,0.0259
bridesmaid hair pins,222,15000,Typical,0.0148
boho bridesmaid dress,214,29000,Very low,0.0074
bridesmaid gifts unique,195,176100,Very low,0.0011
maid of honor dress,181,7200,Very low,0.0251
bridesmaid wedding,162,876900,Very low,0.0002
bridesmaid robes set,160,16500,Very high,0.0097
bridesmaid outfit,131,63600,Very low,0.0021
bridesmaid gifts personalized,129,218400,Very high,0.0006
bridesmaid clutch bag,124,17300,Very high,0.0072
special occasion dress,121,46600,Very low,0.0026
bridesmaid wine glass,117,11100,Typical,0.0105
velvet bridesmaid dress,105,6300,Very low,0.0167
bridesmaid gifts bulk,101,22300,Very high,0.0045
satin bridesmaid dress,96,16400,Very low,0.0059
bridesmaid champagne flute,79,4600,High,0.0172
bridesmaid earrings pearl,79,44100,Typical,0.0018
bridesmaid cosmetic bag,75,28600,Very high,0.0026
bridesmaid apparel,47,95900,Very low,0.0005
custom bridesmaid jewelry,44,70000,Very high,0.0006
chiffon bridesmaid dress,38,7800,Very low,0.0049
bridesmaid wedding dress,33,108000,Very low,0.0003
mismatched bridesmaid dresses,28,1400,Very low,0.02
bridesmaid clutch purse,28,21100,Very low,0.0013
bridesmaid gifts from bride,23,9800,Very high,0.0023
maternity bridesmaid dress,22,5900,Very low,0.0037
bridesmaid gifts for sister,21,11100,Very low,0.0019
wedding attendant gifts,20,117900,Very high,0.0002
bridesmaid decor,19,100400,Very high,0.0002
bridesmaid t-shirt,18,30300,Very low,0.0006
bridesmaid gift personalized,13,217000,Very low,0.0001
bridesmaid matching set,12,50600,Very low,0.0002
sequin bridesmaid dress,11,14100,Very low,0.0008
winter wedding bridesmaid,11,18300,Very low,0.0006
bridesmaid robes satin,11,18300,Very low,0.0006
bridesmaid earrings rose gold,11,21200,Very low,0.0005
bridesmaid gift for sister,11,174100,Very high,0.0001
bridesmaid hairstyle,10,7500,Very low,0.0013
formal event dress,10,95100,Very low,0.0001
bridesmaid dress ideas,8,7700,Very low,0.001
casual bridesmaid dress,8,20800,Very low,0.0004
wedding party attire,8,44400,Very low,0.0002
bridesmaid party decor,8,82400,Very low,0.0001
short bridesmaid dresses,6,9100,Very low,0.0007
fall wedding bridesmaid,4,15500,Very low,0.0003
plus size bridesmaid,4,18600,Very low,0.0002
long bridesmaid dresses,4,21300,Very low,0.0002
bridesmaid dress color,1,10400,Very low,0.0001
bridesmaid theme,1,14100,Very low,0.0001
bridesmaid fashion,1,20900,Very low,0
bridesmaid dress for wedding,1,114900,Very low,0
candle,29000,896400,Very low,0.0324
candle holder,24000,260899.99999999997,Very low,0.092
wax melts,20900,40000,Very high,0.5225
beeswax candles,10600,42400,High,0.25
lantern,7200,245500,Very low,0.0293
fall candles,5200,46900,Typical,0.1109
personalized candle,5200,41700,High,0.1247
candle molds,4700,47100,Very low,0.0998
diffuser,4000,55200,Very low,0.0725
christmas candles,3700,115000,Very low,0.0322
taper candles,3600,29800,Typical,0.1208
custom candle,3500,194100,Very high,0.018
soy candle,3400,329700,High,0.0103
christmas candle,3300,152200,Very low,0.0217
fall candle,3200,90000,Typical,0.0356
spell candles,2600,21700,Typical,0.1198
container candles,2500,102500,Very low,0.0244
beeswax candle,2400,67000,Typical,0.0358
wedding candle,2400,99800,High,0.024
personalized candles,2300,90300,Typical,0.0255
room spray,2300,23900,Typical,0.0962
handmade candles,2100,116800,Very low,0.018
soy candles,2000,245000,High,0.0082
custom candles,1700,126600,High,0.0134
soy wax candle,1500,166700,High,0.009
candle making supplies,1500,113500,Very low,0.0132
unique candles,1400,138900,Very low,0.0101
decorative candles,1300,114500,Very low,0.0114
handmade candle,1300,180800,Very low,0.0072
candle gift set,1200,111600,Very low,0.0108
taper candle,1100,51600,Very low,0.0213
patriotic decor,1000,467000,Very low,0.0021
spell candle,999,30200,Very low,0.0331
patriotic gifts,893,368600,Very low,0.0024
large candle,860,55300,Very low,0.0156
hand poured candle,722,48300,Very low,0.0149
ritual candle,710,59000,Very low,0.012
black candle,700,117600,Typical,0.006
votive candles,691,21300,Typical,0.0324
luxury candles,654,85200,Very low,0.0077
decorative candle,654,172000,Very low,0.0038
natural candles,642,88800,High,0.0072
meditation candle,637,51600,Typical,0.0123
luxury candle,565,99800,Typical,0.0057
unique candle,472,223700,Very low,0.0021
meditation candles,422,26500,Very high,0.0159
candle wax,407,256100.00000000003,High,0.0016
vegan candle,400,120600,Very high,0.0033
natural candle,387,114800,Typical,0.0034
holiday candle,361,131800,Very low,0.0027
altar candle,345,33800,Very low,0.0102
essential oil candle,334,31000,Very high,0.0108
tealight candles,318,24300,High,0.0131
organic candles,299,60400,Typical,0.005
aromatherapy candle,292,71200,Very low,0.0041
vintage candle,273,213600,Very low,0.0013
mini candle,269,33000,Typical,0.0082
white candle,264,195800,Typical,0.0013
candle wicks,260,22600,Very high,0.0115
candle accessories,258,59700,Very low,0.0043
winter candle,221,38000,Very low,0.0058
novelty candle,218,30000,Very low,0.0073
jar candle,211,82000,High,0.0026
rustic candles,210,39400,Very low,0.0053
holiday candles,205,69500,Typical,0.0029
essential oil candles,201,19900,Very high,0.0101
jar candles,199,54500,Very low,0.0037
organic candle,185,94000,Very high,0.002
beach candle,176,25100,Very low,0.007
tin candle,169,13900,Very low,0.0122
votive candle,164,30200,Very low,0.0054
bathroom candle,154,166100,Very low,0.0009
eco friendly candle,141,71600,Very low,0.002
designer candle,136,8900,Very low,0.0153
aromatherapy candles,127,56800,Typical,0.0022
home decor candles,125,518200.00000000006,Very low,0.0002
winter candles,112,17400,Very low,0.0064
vegan candles,110,85700,High,0.0013
shaped candle,101,34700,Very low,0.0029
travel candle,86,9400,Very low,0.0091
diy candle kit,84,18600,High,0.0045
tealight candle,77,34300,Typical,0.0022
anniversary candles,75,36200,Typical,0.0021
sculpted candle,69,6900,Very low,0.01
painted candle,60,13000,Very low,0.0046
essential oils for candles,59,7900,Very low,0.0075
fireplace candle,58,10900,Very low,0.0053
mothers day candle,55,27000,Very low,0.002
aroma candle,55,64300,Very high,0.0009
spa candles,53,26800,Typical,0.002
seasonal candles,53,33000,Very low,0.0016
spa candle,51,32700.000000000004,Typical,0.0016
fragrance candle,50,637300,Very low,0.0001
fragrance oils for candles,48,18200,Very high,0.0026
massage candles,46,4800,Very high,0.0096
minimalist candle,42,54700,Very low,0.0008
stress relief candle,40,11800,Very high,0.0034
easter candle,40,22100,Very low,0.0018
artisanal candle,35,52200,Very low,0.0007
housewarming gift candle,35,85100,Very high,0.0004
summer candle,33,34400,Very low,0.001
seasonal candle,33,59600,Typical,0.0006
artisan candle,32,22800,Very low,0.0014
cotton wick candle,30,27900,Very low,0.0011
spring candle,29,25500,Very high,0.0011
relaxation candle,29,68700,Very low,0.0004
small batch candle,28,24000,Very low,0.0012
fragrance candles,27,404900,Very low,0.0001
home decor candle,27,732200,Very low,0
pet friendly candle,24,5200,Very high,0.0046
summer candles,23,34300,Very low,0.0007
office candle,21,40200,Very low,0.0005
bedroom candle,21,193300,Very low,0.0001
eco-friendly candle,20,137400,Very low,0.0001
gourmet candle,18,9300,Very low,0.0019
spring candles,18,35800,Very low,0.0005
therapy candle,17,10700,Very low,0.0016
themed candle,17,162900,Very low,0.0001
gourmet candles,16,7900,Very low,0.002
fragrance oil candles,15,40100,Very low,0.0004
food scented candle,14,6200,Very low,0.0023
floral scented candle,13,21100,Very low,0.0006
minimalist candles,13,53100,Very low,0.0002
paraffin free candle,12,3300,Very high,0.0036
animal shaped candle,11,7700,Very low,0.0014
artisanal candles,11,33800,Very low,0.0003
mood candle,10,23900,Very low,0.0004
colored candle,9,7800,Very low,0.0012
aromatic candle,9,13900,Very low,0.0006
living room candle,9,220100,Very low,0
fathers day candle,8,7700,Very low,0.001
patriotic candle,8,10700,Very low,0.0007
valentines day candle,6,19400,Very low,0.0003
patriotic americana,4,43400,Very low,0.0001
craft candle,4,203000,Very low,0
relaxation candles,3,21600,Very low,0.0001
patio candle,3,41400,Very low,0.0001
fragrance oil candle,3,47200,Very low,0.0001
therapeutic candle,3,89100,Very low,0
patriotic americana decor,3,89300,Very low,0
ambient candle,2,13500,Very low,0.0001
woodsy scented candle,1,1400,Very low,0.0007
masculine scent candle,1,1800,Very low,0.0006
spicy scented candle,1,3600,Very low,0.0003
small business candle,1,5000,Very low,0.0002
patriotic holiday,1,62100,Very low,0
patriotic home,1,282600,Very low,0
car,11000,1600000,Very low,0.0069
car decor,30800,723400,Very low,0.0426
car decal,29800,616400,Very low,0.0483
car accessories for women,17000,56700,Very low,0.2998
car seat covers,10800,24000,Very low,0.45
car charm,9300,148900,Very low,0.0625
car sticker,8800,539400,Very low,0.0163
car seat cover,5900,34900,Very low,0.1691
motorcycle accessories,5600,49700,Very low,0.1127
truck accessories,4400,76400,Very low,0.0576
car gifts,3800,503000,Very low,0.0076
car accessories for men,3200,31400,Very low,0.1019
car mirror charm,3100,62500,Very low,0.0496
car keychain,3000,117800,Very low,0.0255
garage decor,2900,259399.99999999997,Very low,0.0112
car poster,2900,78700,Very low,0.0368
car ornament,2700,111300,Very low,0.0243
car key holder,2600,29500,Very low,0.0881
car wall art,2200,247500,Very low,0.0089
car dashboard decor,1800,14400,Very low,0.125
car dashboard accessories,1800,12100,Very low,0.1488
car emblem,1500,63700,Very low,0.0235
car license plate frame,1300,31900,Very low,0.0408
car floor mats,1300,12100,Very low,0.1074
car interior accessories,1200,41400,Very low,0.029
car guy gift,1200,37500,Very low,0.032
car interior decor,1100,51200,Very low,0.0215
car badge,1000,74400,Very low,0.0134
custom car emblem,926,33600,Very low,0.0276
car sunshade,916,8000,Very low,0.1145
car art,863,441200,Very low,0.002
automotive decor,859,110300,Very low,0.0078
car steering wheel cover,844,11500,Very low,0.0734
car emblems,833,20600,Very low,0.0404
car shirt,719,132300,Very low,0.0054
vehicle accessories,572,161200,Very low,0.0035
car lover gift,561,185400,Very low,0.003
vintage car decor,521,155000,Very low,0.0034
automotive wall art,507,77800,Very low,0.0065
car model,505,74000,Very low,0.0068
motorcycle decor,487,68800,Very low,0.0071
car trunk organizer,451,5100,Very low,0.0884
vintage car art,420,178500,Very low,0.0024
toy car,415,103100,Very low,0.004
car print,411,200400,Very low,0.0021
car silhouette,401,36000,Very low,0.0111
vehicle decals,395,125400,Very low,0.0031
car dashboard,390,17900,Very low,0.0218
suv accessories,380,24000,Very low,0.0158
motorcycle art,372,71800,Very low,0.0052
car enthusiast,368,153000,Very low,0.0024
racing decor,348,115700,Very low,0.003
car badges,339,51300,Very low,0.0066
car jewelry,327,40600,Very low,0.0081
car enthusiast gift,321,104500,Very low,0.0031
car painting,266,22200,Very low,0.012
car pendant,236,26100,Very low,0.009
car mug,233,30800,Very low,0.0076
car gear shift cover,225,7200,Very low,0.0313
car necklace,218,22600,Very low,0.0096
automotive art,199,99200,Very low,0.002
car vent decor,190,9900,Very low,0.0192
car exterior accessories,187,11800,Very low,0.0158
custom car art,178,95300,Typical,0.0019
car art print,142,144600,Very low,0.001
car drawing,134,59900,Typical,0.0022
auto decor,130,237900,Very low,0.0005
diecast car,123,40400,Very low,0.003
road trip essentials,121,9200,Very low,0.0132
car memorabilia,117,41900,Typical,0.0028
car themed gifts,116,106100,Very low,0.0011
auto enthusiast,113,50700,Very low,0.0022
car photography,109,15800,Very low,0.0069
classic car art,102,100400,Very low,0.001
driving gifts,100,18200,High,0.0055
car themed decor,99,77500,Very low,0.0013
automotive wall decor,98,86700,Very low,0.0011
car exterior decor,97,10700,Very low,0.0091
car design,96,141200,Very low,0.0007
sports car accessories,95,34900,Very low,0.0027
car gift for her,95,66000,Typical,0.0014
classic car decor,93,91300,Very low,0.001
car shaped pillow,92,4900,Very low,0.0188
off road accessories,88,14000,Very low,0.0063
car t-shirt,85,36400,Very low,0.0023
car customization,85,425800,Very low,0.0002
car emergency kit,83,5000,Very low,0.0166
automotive art prints,83,48900,Very low,0.0017
car custom,82,558500,Very low,0.0001
car gear shift knob,81,4600,Very low,0.0176
car model kit,79,16100.000000000002,Very low,0.0049
car parts decor,74,147200,Very low,0.0005
car detailing kit,73,5400,Very low,0.0135
transportation art,67,245400,Typical,0.0003
car lovers,63,52400,Typical,0.0012
car illustration,63,56300,Very low,0.0011
car enthusiast decor,63,179800,Very low,0.0004
car themed room decor,62,34000,Very low,0.0018
retro car decor,61,103800,Very low,0.0006
car owner gift,56,12700,Very low,0.0044
car related gifts,52,3100,Very high,0.0168
car tuning parts,52,9000,Very low,0.0058
muscle car art,47,26700,Very low,0.0018
car graphic,40,164000,Very low,0.0002
sports car decor,35,92000,Very low,0.0004
car model display,34,11100,Very low,0.0031
automotive gift,33,147300,Very low,0.0002
custom car plates,32,25700,Very low,0.0012
car camera,31,12900,Very low,0.0024
car themed,30,223200,Very high,0.0001
car sketch,29,46300,High,0.0006
car personalization,28,392100,Very low,0.0001
automotive apparel,26,20000,Very low,0.0013
personalized car gift,25,95000,Very high,0.0003
car gift for him,24,70200,High,0.0003
sports car art,24,81200,Very high,0.0003
car racing art,24,89600,Very low,0.0003
car photography print,23,20800,Very low,0.0011
car silhouette art,23,35100,Very low,0.0007
auto art,23,155700,Very low,0.0001
car enthusiasts,22,131300,Very low,0.0002
car stereo system,21,4300,Very low,0.0049
car camping gear,21,8000,Very high,0.0026
car blueprint art,21,9700,Very low,0.0022
car wheel decor,21,17200,Very low,0.0012
car lighting,21,21800,Very low,0.001
racing car decor,21,70400,Very low,0.0003
car dashboard accessory,20,6300,Very high,0.0032
car enthusiast apparel,20,15300,Very low,0.0013
driving gift,20,26200,Very low,0.0008
car themed clothing,20,26300,Very low,0.0008
car blueprints,18,59600,Very low,0.0003
custom car parts,18,141000,Very low,0.0001
automotive gifts,17,50700,Very low,0.0003
car themed gift,12,148500,Very low,0.0001
car building blocks,11,2300,Very low,0.0048
car themed blanket,11,11000,Very low,0.001
road trip decor,10,46200,Very low,0.0002
car tire inflator,9,1200,Very low,0.0075
car club merchandise,9,4100,Very low,0.0022
car model decor,9,18000,Very low,0.0005
car sketches,9,43200,Very low,0.0002
car sketch art,9,46800,Very low,0.0002
car themed accessories,9,49000,Very low,0.0002
car tuning accessories,8,9300,Very low,0.0009
car owner gifts,8,28600,Very low,0.0003
car interior accessory,8,304400,Very low,0
car diagnostic tool,6,626,Very low,0.0096
car repair tools,6,7300,Very low,0.0008
off road vehicle art,5,2200,Very low,0.0023
car lover present,5,4200,Very low,0.0012
car themed bedding,5,9000,Very low,0.0006
car toy display,5,21600,Very low,0.0002
car model art,5,33700,Very low,0.0001
car themed jewelry,4,3400,Very low,0.0012
car logo art,4,7300,Very low,0.0005
racing inspired,4,27400,Very low,0.0001
car emblem decor,4,29600,Very low,0.0001
car exhaust decor,3,787,Very low,0.0038
driving enthusiast,3,1600,Very low,0.0019
automotive collectibles,3,14000,Very low,0.0002
car illustrations,3,59300,Very low,0.0001
car themed mug,2,1500,Very low,0.0013
hybrid car accessories,2,1900,Very low,0.0011
car girl gift,2,23100,Very low,0.0001
custom vehicle art,2,24000,Very low,0.0001
car navigation system,1,574,Very low,0.0017
car wash supplies,1,1000,Very low,0.001
car outline art,1,17700,Very low,0.0001
car lover decor,1,52500,Very low,0
card,9900,2900000,Very low,0.0034
wedding card,47600,555000,Very high,0.0858
christmas card,12500,680200,Very low,0.0184
oracle cards,9500,34600,Very low,0.2746
invitation card,7100,470600,Very low,0.0151
business card,5400,168300,Typical,0.0321
card wallet,4400,120200,Very low,0.0366
sympathy card,4300,109100,Very high,0.0394
papercraft,4200,3900000,Very low,0.0011
card sleeves,3800,38400,Very low,0.099
valentine card,3100,146800,Very low,0.0211
stationery set,2800,786700,Very low,0.0036
trading cards,2800,162100,Very low,0.0173
fathers day card,2700,85500,High,0.0316
custom card,2600,1400000,High,0.0019
personalized card,2100,282200,High,0.0074
thinking of you card,1900,34900,Very high,0.0544
card display,1900,184800,Very low,0.0103
card games,1500,483700,Very low,0.0031
photo card,1400,343400,High,0.0041
handmade card,1200,459700,Very low,0.0026
oracle card deck,1200,34900,Very low,0.0344
place card,1100,90100,Very low,0.0122
save the date card,937,41000,Very low,0.0229
card making supplies,910,2700000,Very low,0.0003
card storage,879,85400,Very low,0.0103
watercolor card,864,297000,Very low,0.0029
get well card,804,26500,High,0.0303
trading card,792,156400,Very low,0.0051
just because card,650,25200,Typical,0.0258
card organizer,520,29400,Very low,0.0177
art card,513,2300000,Very low,0.0002
card stock,471,40200,Very low,0.0117
blank card,470,339900,Typical,0.0014
card for him,462,156200,High,0.003
card frame,404,157100,Very low,0.0026
card for couple,390,60300,Very low,0.0065
card for friend,389,98400,Very high,0.004
card for her,386,255200,Very high,0.0015
minimalist card,384,153600,Very low,0.0025
card set,371,1100000,Very low,0.0003
illustrated card,328,59000,Typical,0.0056
collectible cards,327,450000,Very low,0.0007
welcome home card,313,22300,High,0.014
quirky card,276,53600,Very low,0.0051
stationery paper,273,2200000,Typical,0.0001
eco friendly card,264,91200,Very high,0.0029
handmade greeting,232,266500,Very low,0.0009
blank note card,228,120000,Typical,0.0019
playing card deck,226,30400,Very low,0.0074
unique card,222,512700.00000000006,High,0.0004
floral card,219,494100,High,0.0004
vintage card,218,922300,Very low,0.0002
calligraphy card,216,94300,Typical,0.0023
collectible card,214,427500,Very low,0.0005
hand drawn card,195,142000,Very low,0.0014
card embellishments,175,1500000,Very low,0.0001
embossed card,124,46500,Typical,0.0027
new year card,107,32600,Very low,0.0033
card design,103,1700000,Very low,0.0001
card album,93,53700,Very low,0.0017
retro card,91,336400,Very low,0.0003
illustration card,83,662200,High,0.0001
card stock paper,80,26800,Very low,0.003
party invitation card,73,661200,Very low,0.0001
small card,67,267100,High,0.0003
journal card,65,628100,Very low,0.0001
bookmark card,58,27600,Very low,0.0021
card designs,58,585400,Very low,0.0001
whimsical card,55,212200,High,0.0003
premium card,54,175800,Very low,0.0003
customizable card,50,797600,Very high,0.0001
party card,48,3200000,Very low,0
message card,44,187700,Very low,0.0002
planner card,42,474600,Very low,0.0001
card collection,41,274100,Very low,0.0001
pun card,39,48700,Very high,0.0008
custom note card,39,138300,Typical,0.0003
small business card,38,46400,High,0.0008
paper card,34,3600000,High,0
card paper,34,5100000,Typical,0
greeting card design,30,361100,Very low,0.0001
art print card,29,1200000,Very low,0
scrapbook card,27,2500000,Very low,0
card scrapbook,27,2600000,Very low,0
abstract card,23,179900,Very low,0.0001
greeting card envelope,22,163400,Very low,0.0001
handmade paper card,22,298300,High,0.0001
foil stamped card,21,3500,Very low,0.006
occasion card,20,107700,Very low,0.0002
stationery card,20,1800000,Very low,0
sentimental card,19,27400,Very high,0.0007
blank stationery,18,195400,Very low,0.0001
design card,18,1700000,Very low,0
card envelope,17,209900,Very low,0.0001
greeting card designs,16,49200,Very low,0.0003
craft card,16,3700000,Very low,0
designer card,14,27500,Very low,0.0005
designer stationery,13,69600,Very low,0.0002
event card,12,413800,Very low,0
artistic card,11,63400,Very high,0.0002
gift tag card,10,693400,High,0
correspondence card,9,7700,Very low,0.0012
artisan card,6,13500,Very low,0.0004
everyday card,5,26800,Very low,0.0002
blank art card,4,118100,Very low,0
decorative card,4,241400,Very low,0
seasonal card,4,593900,Very low,0
promotional card,3,7400,Very low,0.0004
holiday greeting,3,201100,Very low,0
blank note paper,1,210300,Very low,0
cat,29800,2200000,Very low,0.0135
cat tree,26000,90900,Very low,0.286
cat memorial gift,13900,192800,Typical,0.0721
cat bed,11000,28800,Very low,0.3819
cat portrait,8100,181800,Very low,0.0446
cat furniture,7900,23500,Very low,0.3362
cat decor,6700,579600,Very low,0.0116
cat wall art,6400,487900,Very low,0.0131
cat lover gift,6000,382200,Very low,0.0157
pet portrait gift,5800,429200,High,0.0135
cat accessories,4300,287400,Very low,0.015
cat costume,4000,135200,Very low,0.0296
cat painting,3200,132600,Very low,0.0241
cat birthday card,3200,37600,Very high,0.0851
black cat decor,3200,290400,Very low,0.011
funny cat shirt,3100,200000,Very low,0.0155
cat harness,3000,12500,Very low,0.24
cat collar personalized,2900,45600,Very high,0.0636
personalized cat collar,2600,48200,High,0.0539
cat scratching post,1900,8300,Very low,0.2289
cat mom gift,1800,90000,Typical,0.02
cat art print,1700,338000,Very low,0.005
cat mom shirt,1600,76500,Very low,0.0209
animal lover gift,1500,1200000,Very low,0.0013
cat window perch,1500,5000,Very low,0.3
custom pet painting,1200,112700,High,0.0106
cat dad shirt,1200,45400,Typical,0.0264
cat collar charm,1100,21500,Very low,0.0512
cat ear headband,1100,9500,Very low,0.1158
funny cat art,925,186600,Very low,0.005
cat mom sweatshirt,799,28000,High,0.0285
cat lover shirt,795,206800,Very low,0.0038
cat silhouette,741,73800,Very low,0.01
black cat charm,714,34100,Very low,0.0209
cat owner gift,695,136300,Very low,0.0051
cat water fountain,688,4800,Very low,0.1433
cat supplies,681,860100,Very low,0.0008
funny cat gifts,627,225100,Very low,0.0028
cat dad mug,542,13000,Typical,0.0417
interactive cat toy,535,8300,Very low,0.0645
cat tree modern,522,26500,Very low,0.0197
whimsical cat art,459,103300,Very low,0.0044
personalized cat gift,434,78300,Typical,0.0055
cat face mask,430,8700,Very low,0.0494
cat lover mug,427,47900,Very low,0.0089
cat portrait custom,426,138100,High,0.0031
ceramic cat figurine,422,21600,Very low,0.0195
cat themed home decor,399,107600,Very low,0.0037
cat mom mug,390,17400,Very low,0.0224
personalized cat tag,376,35600,High,0.0106
siamese cat art,350,13000,Very low,0.0269
cat carrier bag,323,6200,Very low,0.0521
calico cat art,321,14900,Very low,0.0215
cat painting original,282,21400,Very low,0.0132
cat bed furniture,271,15300,Very low,0.0177
cat eye jewelry,261,34100,Very low,0.0077
abstract cat art,259,48800,Very low,0.0053
siamese cat decor,247,12100,Very low,0.0204
cat illustration,238,234600,Very low,0.001
cute cat drawing,224,47700,Very low,0.0047
cat lady gift,220,57700,Typical,0.0038
cat themed clothing,211,41300,Very low,0.0051
tabby cat sticker,204,8900,High,0.0229
kitten gifts,182,105800,Typical,0.0017
cat sticker pack,154,51200,High,0.003
cat shirt women,142,78000,Very low,0.0018
cute cat art,128,323200,Very low,0.0004
cat themed decor,126,111300,Very low,0.0011
cat statue garden,124,9300,Very low,0.0133
minimalist cat art,124,65900,Very low,0.0019
sphynx cat statue,122,4400,Very low,0.0277
cat lover card,117,46500,Very low,0.0025
cat themed jewelry,112,56900,Very low,0.002
cat nursery decor,110,82100,Very low,0.0013
cat silhouette art,107,60500,Very low,0.0018
cat bookshelf decor,105,8800,Very low,0.0119
cat tail costume,95,10700,Very low,0.0089
cat grooming,94,13000,Very low,0.0072
cat lover sticker,88,55000,Very low,0.0016
cat mom tote bag,76,8900,Very low,0.0085
cat lover socks,74,2500,Very low,0.0296
persian cat figurine,61,6200,Very low,0.0098
cat themed bedding,59,5800,Very low,0.0102
cat lover bag,59,37800,Very low,0.0016
custom cat illustration,58,52100,Very low,0.0011
cat cartoon,52,121700,Very low,0.0004
whimsical cat painting,47,29400,Very low,0.0016
cat toy mouse,45,7400,Very high,0.0061
cat outline,43,13700,Typical,0.0031
cat wall tapestry,43,23800,Very low,0.0018
cat parent gift,43,29400,Very low,0.0015
cat dad sticker,42,10100,Very high,0.0042
cat illustration print,42,73500,Very low,0.0006
cartoon cat drawing,39,23700,Very low,0.0016
cat paw print jewelry,38,13000,Very low,0.0029
cat face earrings,35,6700,Very low,0.0052
catnip mouse,34,4900,Very high,0.0069
cat mom phone case,34,6700,Very low,0.0051
cat lover jewelry,30,87800,Very low,0.0003
persian cat decor,29,10400,Typical,0.0028
cat mug funny,29,37200,Typical,0.0008
cat person gift,28,19700,Typical,0.0014
siamese cat drawing,27,4200,Very low,0.0064
cat lover tote bag,26,17800,Very low,0.0015
cat adoption gift,25,13500,Very low,0.0019
cat sleeping art,24,22500,Very low,0.0011
cat rescue gift,22,30500,Very low,0.0007
cat stationery set,21,32600,Very low,0.0006
cat feather wand,20,6200,Very high,0.0032
cat portrait commission,20,20200,Very low,0.001
cat grooming kit,17,4600,Very low,0.0037
cat lady mug,17,11500,Very low,0.0015
cat toy handmade,17,30300,Very low,0.0006
cat lover keychain,16,31700,Very low,0.0005
cat grooming brush,15,2700,Very low,0.0056
cat bed handmade,13,14300,Very low,0.0009
kitten illustration,13,24500,Very low,0.0005
cat themed pillow,11,12900,Very low,0.0009
cat themed necklace,11,21800,Very low,0.0005
cat dad keychain,10,7300,Very high,0.0014
cat lover tote,10,19000,Very low,0.0005
cat lover notebook,9,8700,Very low,0.001
hand painted cat art,9,25200,Very low,0.0004
cat outline necklace,8,2200,Very low,0.0036
kitten nursery decor,8,24500,Very low,0.0003
cat training clicker,6,4800,Very low,0.0013
cat bowl custom,6,5300,Very low,0.0011
cat dad phone case,6,7400,Very low,0.0008
kitten adoption,6,8300,Very low,0.0007
cat harness leash,6,10500,Very low,0.0006
cat tunnel tube,5,3300,Very low,0.0015
cat carrier airline approved,5,6600,Very low,0.0008
cat lover phone case,5,10600,Very low,0.0005
cat dad tote bag,4,3100,Very low,0.0013
cat dental treats,3,5000,Very low,0.0006
cat themed keychain,3,5300,Very low,0.0006
cat mug coaster,3,5800,Very high,0.0005
cat breeds art,3,6300,Very low,0.0005
cat silhouette tote bag,3,8100,Very low,0.0004
cat silhouette keychain,2,876,Very low,0.0023
senior cat care,2,1000,Very low,0.002
cat person keychain,2,1100,Very low,0.0018
cat themed tote bag,2,4200,Very low,0.0005
cat care tips,2,4700,Very low,0.0004
bengal cat artwork,1,1100,Very low,0.0009
senior cat gift,1,1400,Very low,0.0007
cat whiskers design,1,1500,Very low,0.0007
cat themed phone case,1,1600,Very low,0.0006
cat owner sticker,1,1900,Very low,0.0005
cat outline design,1,2900,Very low,0.0003
quirky cat accessory,1,3000,Very low,0.0003
charm,10400,1700000,Very low,0.0061
phone charm,44100,85300,Very low,0.517
charm necklaces,35500,499500,Very low,0.0711
jewelry making,6500,997000,Very low,0.0065
necklace charms,6400,1300000,Very low,0.0049
earring charms,5100,363800,Very low,0.014
gemstone pendant,4900,1300000,Very low,0.0038
gold charm,4800,1400000,Very low,0.0034
silver charms,4600,1100000,Very low,0.0042
vintage charms,4300,423100,Very low,0.0102
zipper pulls,4100,43200,Typical,0.0949
bracelet charms,3900,788200,Very low,0.0049
silver charm,3200,1700000,Very low,0.0019
necklace pendant,3100,1400000,Very low,0.0022
jewelry findings,2900,585100,Very low,0.005
polymer clay charms,2600,34000,Very low,0.0765
initial charm,2300,270900,Typical,0.0085
lucky charm,2100,197400,Very low,0.0106
enamel charm,2000,161800,Very low,0.0124
birthstone charm,1900,262300,Very high,0.0072
planner charms,1800,19400,Very low,0.0928
resin charms,1800,102900,Very low,0.0175
enamel charms,1700,122900,Very low,0.0138
jewelry charms,1600,906500,Typical,0.0018
custom charm,1500,1100000,Typical,0.0014
letter charms,1400,83000,Very high,0.0169
custom charms,1300,528300,Very low,0.0025
birthstone charms,1300,155200,Very high,0.0084
acrylic charms,1200,134700,Very low,0.0089
planner charm,1100,25600,Very low,0.043
charm earrings,1100,366700,Very low,0.003
antique charm,995,159600,Very low,0.0062
bracelet charm,969,1200000,Very low,0.0008
clip on charms,919,122700,Very low,0.0075
travel charms,863,55100,High,0.0157
glass charms,862,248800,Typical,0.0035
heart charms,842,332200,High,0.0025
initial charms,837,158900,Very high,0.0053
handmade charms,827,726900,Very low,0.0011
animal charms,779,296300,High,0.0026
star charms,755,201200,Typical,0.0038
bead charms,747,1400000,Typical,0.0005
crystal charms,745,522000,Very low,0.0014
statement pendant,689,530200,Very low,0.0013
metal charms,687,304800,Very low,0.0023
charms for bracelets,662,849000,Very low,0.0008
religious charms,611,198600,Typical,0.0031
animal charm,581,491400,Very low,0.0012
diy jewelry,573,816700,Very low,0.0007
lucky charms,564,135500,Very low,0.0042
resin charm,560,149600,Very low,0.0037
wholesale charms,536,93000,Very low,0.0058
small pendant,497,287900,Typical,0.0017
personalized charms,466,349900,High,0.0013
bronze charms,431,105600,Very low,0.0041
food charms,428,54400,Very low,0.0079
beaded charms,425,1400000,Very low,0.0003
stone charms,389,421900,Typical,0.0009
craft embellishments,377,1800000,Very low,0.0002
number charms,376,16400,Very high,0.0229
charms for necklaces,357,1600000,Typical,0.0002
bag accessory,320,1000000,Very low,0.0003
charms for bags,302,256500,Very low,0.0012
diy craft supplies,287,1900000,Very low,0.0002
craft charms,275,1000000,Very low,0.0003
craft supply,270,823500,Typical,0.0003
jewelry finding,259,712600,Very high,0.0004
fruit charms,257,35800,Very low,0.0072
crochet charms,243,45100,Very low,0.0054
custom photo charms,239,38000,Very low,0.0063
religious charm,237,282600,Very low,0.0008
diy jewelry supplies,234,779000,Very low,0.0003
floating charms,230,12200,Very high,0.0189
bookmark charms,229,28000,Very low,0.0082
engraved charms,228,244700,Typical,0.0009
diy charm,220,587100,Very low,0.0004
minimalist charm,207,641200,Very low,0.0003
miniature charms,182,59800,Very low,0.003
earring component,169,210500,Very low,0.0008
alphabet charms,168,22500,Very high,0.0075
scrapbooking embellishments,167,2500000,Very high,0.0001
wooden charms,156,56500,Very low,0.0028
antique style charms,149,66200,Very low,0.0023
holiday charms,143,121800,Typical,0.0012
charms for journals,137,35200,Very low,0.0039
glass bead charms,113,203200,Typical,0.0006
wooden charm,107,84700,Very low,0.0013
slider charms,105,29200,Very low,0.0036
spiritual charms,104,210100,Very low,0.0005
miniature ornament,104,245200,Very low,0.0004
antique silver charms,103,83500,Very low,0.0012
birthstone charms for bracelet,91,76700,Very high,0.0012
charm pendants,89,929800,Very low,0.0001
charms for crafts,85,695000,Very low,0.0001
wood charms,82,71600,Very low,0.0011
charms for keychains,74,406400,Very low,0.0002
hanging charms,61,50600,Very low,0.0012
charms wholesale,45,74300,Very low,0.0006
charms for zippers,43,75500,Very low,0.0006
personalized pendants,38,199500,Typical,0.0002
music note charms,35,13000,High,0.0027
cute animal charms,34,94600,Very low,0.0004
engraved token,32,16700,Very low,0.0019
art deco charms,31,138900,Very low,0.0002
charm sets,30,231400,Very low,0.0001
tiny pendants,29,86600,Very low,0.0003
personalized letter charm,25,40500,Very low,0.0006
decorative charms,24,91900,Very low,0.0003
vintage style charms,24,109200,Very low,0.0002
add on charms,18,139400,Very high,0.0001
ornament charms,18,200700,Very low,0.0001
seasonal charms,17,96600,Very low,0.0002
charms for bookmarks,16,19300,Very low,0.0008
charms for phone cases,15,17500,Very low,0.0009
charms for planners,14,19700,Very low,0.0007
collectible bauble,13,12300,Very low,0.0011
resin craft charms,13,41400,Very low,0.0003
charm dangles,13,285000,Very low,0
accent charms,12,30900,Very low,0.0004
charms for zipper pulls,12,44100,Very low,0.0003
wedding favor charms,9,49500,Very low,0.0002
miniature charms bulk,7,10800,Very low,0.0006
initial charms for jewelry,7,140800,Very low,0
keychain dangle,6,24500,Very low,0.0002
personalized pet charms,6,25900,Very low,0.0002
vintage style charm,6,227000,Very low,0
sweet sixteen charms,5,7700,Very low,0.0006
alphabet charms bulk,5,8500,Very low,0.0006
decorative trinket,5,137300,Very low,0
small decorative items,4,2800,Very high,0.0014
healing crystal charm,4,83700,Very low,0
diy craft charms,4,111500,Very low,0
travel themed charms,3,1700,Very low,0.0018
personalized fob,3,17900,Very low,0.0002
star constellation charms,3,24000,Very high,0.0001
charms for stitch markers,3,44500,Very high,0.0001
bookmark dangle,2,9400,Very low,0.0002
charms for embroidery,2,9800,Very low,0.0002
geometric shape charms,2,15900,Very low,0.0001
charm for zipper pull,2,24400,Very low,0.0001
celestial moon charms,2,80800,Very low,0
fairy garden charms,1,7100,Very low,0.0001
alphabet pendant charm,1,16400,Very low,0.0001
handcrafted charms,1,39200,Very low,0
christmas,162600,4400000,Very low,0.037
christmas gifts,79900,2600000,Very low,0.0307
christmas decor,62900,1500000,Very low,0.0419
christmas ornaments,36600,837100,Very low,0.0437
christmas decorations,28000,694400,Very low,0.0403
christmas wreath,20200,200800,Very low,0.1006
personalized christmas ornament,16800,156900,Typical,0.1071
christmas tree,10600,976600,Very low,0.0109
christmas home decor,10600,1300000,Very low,0.0082
vintage christmas decor,10400,1200000,Very low,0.0087
christmas wrapping paper,9600,105400,Very low,0.0911
christmas crafts,8600,1500000,Very low,0.0057
christmas wall art,8400,1500000,Very low,0.0056
personalized christmas ornaments,8400,273800,Typical,0.0307
christmas tree topper,7900,43000,Very low,0.1837
christmas wreaths,7300,109000,Very low,0.067
christmas sweater,7300,387900,Very low,0.0188
christmas earrings,7200,334100,Very low,0.0216
christmas tree skirt,6900,14400,Very low,0.4792
christmas mug,6700,294300,Very low,0.0228
christmas garland,6500,49800,Very low,0.1305
ugly christmas sweater,6000,73900,Very low,0.0812
christmas gift ideas,5400,572100,Very low,0.0094
christmas stockings personalized,5300,67900,Typical,0.0781
christmas tree decorations,5000,180300,Very low,0.0277
christmas table runner,4600,44200,Very low,0.1041
christmas gifts for him,4400,237200,Very low,0.0185
christmas village,4300,94200,Very low,0.0456
christmas gifts for her,4100,1200000,Very low,0.0034
christmas mugs,3700,222300,Very low,0.0166
personalized christmas gifts,3600,913500,Very low,0.0039
christmas centerpiece,3500,98700,Very low,0.0355
christmas advent calendar,3100,27600,Very low,0.1123
christmas tree skirts,3000,11000,Very low,0.2727
christmas table decor,3000,148500,Very low,0.0202
holiday home decor,2800,1300000,Very low,0.0022
christmas lights,2800,113800,Very low,0.0246
personalized christmas gift,2700,254400,Very low,0.0106
christmas wall decor,2300,1500000,Very low,0.0015
christmas art,2100,1800000,Very low,0.0012
rustic christmas decor,2000,318000,Very low,0.0063
christmas print,2000,1300000,Very low,0.0015
christmas sign,1900,280600,Very low,0.0068
christmas craft kits,1900,424100,Very low,0.0045
christmas banner,1600,78700,Very low,0.0203
christmas gifts for kids,1600,718300,Very low,0.0022
christmas village houses,1600,19200,Very low,0.0833
christmas cookie cutters,1500,27200,Very low,0.0551
seasonal home decor,1400,2200000,Very low,0.0006
christmas pillow,1400,121500,Very low,0.0115
festive home decor,1400,426600,Very low,0.0033
christmas stocking stuffers,1400,120100,Very low,0.0117
christmas party favors,1300,86700,Very low,0.015
christmas cookies,1300,86000,Very low,0.0151
christmas pillow covers,1300,45500,Very low,0.0286
christmas necklace,1300,825700,Very low,0.0016
christmas baby outfit,1200,80400,Very low,0.0149
christmas party,1200,2000000,Very low,0.0006
christmas elf,1100,83100,Very low,0.0132
christmas gnome,1100,72300,Very low,0.0152
winter wedding decor,977,55700,Very low,0.0175
farmhouse christmas decor,964,378600,Very low,0.0025
christmas snow globe,949,20000,Very low,0.0474
christmas craft ideas,945,152100,Very low,0.0062
winter wonderland,938,61100,Very low,0.0154
handmade christmas decor,922,690100,Very low,0.0013
christmas candle holder,908,44000,Very low,0.0206
custom christmas gift,838,1000000,Very low,0.0008
handmade christmas gifts,833,1000000,Very low,0.0008
christmas wedding decor,812,417800,Very low,0.0019
christmas bedding,805,137100,Very low,0.0059
christmas doormat,753,23000,Very low,0.0327
christmas village accessories,721,10500,Very low,0.0687
christmas gift wrap,716,224100,Very low,0.0032
holiday wreath,712,202200,Very low,0.0035
christmas nativity,692,91700,Very low,0.0075
christmas kitchen decor,691,902600,Very low,0.0008
winter wedding favors,665,10800,Very low,0.0616
christmas party decor,615,557300,Very low,0.0011
christmas wine glass,557,29900,Very low,0.0186
winter wonderland decor,432,52000,Very low,0.0083
holiday greeting cards,427,114700,Very low,0.0037
christmas outdoor decorations,418,68700,Very low,0.0061
seasonal wall art,414,367400,Typical,0.0011
holiday centerpiece,411,86200,Very low,0.0048
holiday ornaments,403,613100,Very low,0.0007
christmas present ideas,352,69000,Very low,0.0051
christmas stockings custom,327,82500,Typical,0.004
christmas baby clothes,321,63600,Very low,0.005
christmas puzzle,295,104600,Very low,0.0028
holiday gift wrap,287,141600,Very low,0.002
christmas nativity set,264,27000,Very low,0.0098
christmas party supplies,261,1600000,Very low,0.0002
winter holiday decor,229,528200,Very low,0.0004
holiday gift tags,215,114500,Typical,0.0019
christmas teacher gift,211,142400,Very low,0.0015
christmas lights outdoor,209,18400,Very low,0.0114
christmas stocking stuffer,184,167100,Very high,0.0011
christmas decor diy,181,193900,Very low,0.0009
modern christmas decor,180,632700,Very low,0.0003
christmas candle holders,170,37200,Very low,0.0046
christmas craft supplies,146,1500000,Very low,0.0001
christmas themed gifts,145,659800,Typical,0.0002
diy christmas decorations,143,65300,Very low,0.0022
christmas movie night,127,10000,Typical,0.0127
winter solstice decor,124,9700,Very low,0.0128
holiday signs,120,86500,Very low,0.0014
holiday cookie cutters,105,33200,Very high,0.0032
christmas gift wrapping,104,113000,Very low,0.0009
christmas scented candles,102,37300,Very low,0.0027
holiday party invitations,99,36400,Very low,0.0027
christmas gifts unique,97,652500,Very low,0.0001
handmade holiday ornaments,90,114600,Very low,0.0008
seasonal mugs,85,40300,Very low,0.0021
christmas indoor decor,83,329100,Very low,0.0003
holiday apron,81,20100,Very low,0.004
festive table runners,72,7800,Very low,0.0092
stocking stuffer ideas,56,51000,Typical,0.0011
personalized holiday gifts,49,290800,Very low,0.0002
nativity scene figures,48,8700,Very low,0.0055
christmas baking gifts,48,37100,Very low,0.0013
christmas baking supplies,39,34700,Very low,0.0011
holiday recipe cards,34,7300,Very low,0.0047
christmas tree accessories,34,30700,Very low,0.0011
christmas village pieces,33,8100,High,0.0041
personalized holiday ornaments,33,184600,Very low,0.0002
yuletide decorations,31,7800,Very low,0.004
winter solstice jewelry,27,2200,Very low,0.0123
christmas pet bandana,25,21200,Very low,0.0012
christmas kitchenware,21,105400,Very low,0.0002
holiday gift baskets,20,33400,Very low,0.0006
winter craft kits,20,166400,Very low,0.0001
winter wonderland theme,19,33900,Very low,0.0006
festive garland,18,48600,Very low,0.0004
christmas board game,17,25000,Very low,0.0007
festive throw pillows,17,32100,Very low,0.0005
holiday table linens,17,40300,Very low,0.0004
holiday photo props,15,17200,Very low,0.0009
holiday baking supplies,15,69000,Very low,0.0002
winter themed decor,15,76400,Very low,0.0002
christmas coworker gift,15,78900,Very low,0.0002
festive mugs,13,21100,Very low,0.0006
christmas hot cocoa bar,10,10900,Very low,0.0009
holiday photo booth props,8,3500,Very low,0.0023
christmas painted ornaments,8,27700,Very low,0.0003
holiday table settings,8,60500,Very low,0.0001
festive garlands,7,26300,Very low,0.0003
christmas pet accessories,7,30100,Very low,0.0002
seasonal gift tags,7,43300,Very low,0.0002
christmas home accents,6,7200,Very low,0.0008
seasonal gift baskets,6,58900,Very low,0.0001
winter holiday crafts,5,7200,Very high,0.0007
holiday picture frames,5,8700,Very low,0.0006
festive wrapping paper,5,27700,Very low,0.0002
festive pillows,4,6800,Very low,0.0006
winter home accents,4,7100,Very low,0.0006
holiday welcome mats,3,22800,Very low,0.0001
holiday table setting,3,29500,Very low,0.0001
festive candle holders,2,3300,Very low,0.0006
christmas party banners,1,4800,Very low,0.0002
festive stockings,1,6800,Very low,0.0001
couple,5900,1100000,Very low,0.0054
couple portrait,9500,33900,Very low,0.2802
couple gifts,8900,383800,Very low,0.0232
engagement gift for couple,8100,104400,Typical,0.0776
anniversary gifts for couples,6300,315000,Very low,0.02
couple hoodies,5400,29500,Very low,0.1831
engagement gifts for couple,4800,122700,High,0.0391
gifts for couples,4100,392200,Very low,0.0105
couple gift ideas,3500,125400,Very low,0.0279
personalized anniversary gifts,2300,385800,Very low,0.006
couple keychain,2000,26400,Very low,0.0758
couple sweatshirt,1900,40600,Typical,0.0468
couple keychains,1800,19300,Very low,0.0933
matching couple shirts,1800,91600,Very low,0.0197
couple photo frame,1300,17100,Typical,0.076
matching couple bracelets,1300,9500,Very low,0.1368
couple necklace,1100,46400,Very low,0.0237
couple shirts,1100,151400,Very low,0.0073
custom couple gifts,1100,389200,Very low,0.0028
matching couple jewelry,1100,32800,Very low,0.0335
couple wall art,931,238800,Very low,0.0039
gifts for newlyweds,857,89200,Very low,0.0096
couple phone case,847,5600,Very low,0.1512
personalized couple gifts,840,210900,Very low,0.004
couple jewelry,680,96400,Very low,0.0071
couple matching,610,269300,Very low,0.0023
couple mugs,598,28400,Very low,0.0211
couple art,597,422600,Very low,0.0014
couple name sign,580,41200,Very low,0.0141
couple decor,532,494100,Very low,0.0011
couple matching outfits,491,33500,Very low,0.0147
couple home decor,486,304100,Very low,0.0016
couple wall decor,465,232100,Very low,0.002
couple blanket,462,24200,Very low,0.0191
matching couple outfits,345,25100,Very low,0.0137
couple photo,343,145300,Typical,0.0024
couple gift for her,320,196500,Very low,0.0016
new couple gift,313,85600,Very low,0.0037
matching couple gifts,252,144800,Very low,0.0017
couple illustration,242,85600,Very low,0.0028
couple gifts for him,235,127400,Very low,0.0018
couple necklaces,218,27800,Very low,0.0078
couple prints,192,132900,Very low,0.0014
couple anniversary gifts,174,307700,Very low,0.0006
couple artwork,155,84700,Very low,0.0018
couple matching pajamas,151,12000,Very low,0.0126
engagement gift couple,131,227500,High,0.0006
couple gifts personalized,125,309300,Very low,0.0004
couple mug set,123,10200,Very low,0.0121
engagement couple gifts,120,143800,Typical,0.0008
wedding couple gifts,120,406000,Very low,0.0003
couple art print,90,154300,Very low,0.0006
couple custom,90,717700,Very low,0.0001
couple gifts for her,87,140000,Very low,0.0006
couple matching hoodies,83,25600,Very high,0.0032
couple personalized gifts,79,326300,Very low,0.0002
couple matching jewelry,77,27100,Very low,0.0028
couple matching gifts,70,385600,Very low,0.0002
couple wedding gifts,70,429000,Typical,0.0002
couple t shirts,69,97000,Very low,0.0007
couple personalized,69,406800,Very low,0.0002
couple gift for him,68,48900,Very low,0.0014
couple gift box,63,46200,Very low,0.0014
couple pajama set,61,7500,Very low,0.0081
couple gifts for wedding,59,283200,Very low,0.0002
travel gifts for couples,58,30600,Very low,0.0019
couple t-shirts,43,78300,Very low,0.0005
couple wedding,39,659300,Very low,0.0001
lovers gifts,38,927700,Very low,0
couple shirt set,33,7300,Very low,0.0045
couples date night ideas,33,8200,Very low,0.004
couple matching keychains,28,7100,Very low,0.0039
couple gifts wedding,26,82500,Very low,0.0003
couple matching phone cases,24,4200,Very low,0.0057
gift for significant other,21,102900,Very low,0.0002
couple matching sweatshirt,20,80100,Very low,0.0002
couple custom gift,14,595900,Very low,0
couple gifts for christmas,13,128000,Very low,0.0001
couple matching sweaters,12,6600,Very low,0.0018
couple matching set,12,99500,Very low,0.0001
couple gifts for anniversary,12,311100,Very low,0
gifts for him and her,12,836600,Very low,0
couple matching hats,11,6600,Very low,0.0017
gift for soulmate,11,15700,Very low,0.0007
romantic couple gifts,11,240200,Very low,0
couple gifts funny,10,7000,Very low,0.0014
couple matching socks,9,880,Very low,0.0102
romantic wall hanging,9,92500,Very low,0.0001
couple love art,9,186300,Very low,0
couple matching jewelry set,8,43100,Very low,0.0002
romantic gifts for couple,8,92500,Very low,0.0001
couple gifts for new parents,7,6800,Very low,0.001
couple matching sets,7,58400,Very low,0.0001
matching couple accessories,6,6500,Very low,0.0009
couple gifts unique,6,7100,Very low,0.0008
couple matching accessories,6,11600,Very low,0.0005
romantic gifts for couples,6,399300,Very low,0
couple gifts anniversary,6,567400,Very low,0
couple custom portrait,5,73100,Very high,0.0001
gift for my love,5,96200,Very low,0.0001
couple gifts for date night,4,22400,Very low,0.0002
anniversary present ideas,4,389800,Very low,0
couple gifts for him and her,3,6900,Very low,0.0004
matching couple items,3,7800,Very low,0.0004
matching mugs for couple,3,8100,Very low,0.0004
matching phone cases couple,2,1100,Very low,0.0018
partners gifts,2,6800,Very low,0.0003
couple matching mugs,2,36100,Very low,0.0001
couple gifts for engagement,2,79500,Very low,0
couple anniversary decor,2,287400,Very low,0
anniversary celebration gifts,2,410100,Very low,0
couple gifts birthday,1,5800,Very low,0.0002
romantic home accents,1,6700,Very low,0.0001
couple gifts for gamers,1,17500,Very low,0.0001
valentines day gifts for couples,1,105400,Very low,0
couple gifts for couples,1,686800,Very high,0
crochet,126300,1300000,Very low,0.0972
crochet bag,30700,150300,Very low,0.2043
crochet gifts,22700,449300,Very low,0.0505
crochet blanket,20100,126200,Very low,0.1593
crochet cardigan,13900,62200,Very low,0.2235
crochet baby blanket,13000,77500,Very low,0.1677
crochet top,10300,109400,Very low,0.0941
crochet hooks,9600,42900,Very low,0.2238
crochet sweater,9500,108800,Very low,0.0873
crochet keychain,7300,77400,Very low,0.0943
crochet hat,7300,190500,Very low,0.0383
crochet animals,6900,225100,Very low,0.0307
crochet dress,5900,69800,Very low,0.0845
crochet kit,5200,636600,Very low,0.0082
crochet scarf,4000,75500,Very low,0.053
crochet coaster,3800,28400,Typical,0.1338
crochet earrings,3700,14700,Very low,0.2517
crochet shawl,3700,50400,Very low,0.0734
crochet coasters,3600,22100,Typical,0.1629
crochet toys,3500,156300,Very low,0.0224
easy crochet pattern,3400,419500,Typical,0.0081
crochet kits,3400,390300,Very low,0.0087
crochet tote bag,3200,67500,Very low,0.0474
crochet accessories,3100,240700,Very low,0.0129
crochet wall hanging,2900,28600,Very low,0.1014
handmade crochet,2400,617800,Very low,0.0039
crochet hook set,2300,12700,Very low,0.1811
crochet stuffed animal,2100,130800.00000000001,Very low,0.0161
crochet gift,2100,684500,Very low,0.0031
crochet clothes,1900,65300,Very low,0.0291
crochet pillow,1900,28900,Very low,0.0657
crochet shorts,1800,8400,Very low,0.2143
crochet yarn,1800,310900,Typical,0.0058
crochet basket,1700,30700,Very low,0.0554
crochet sunflower,1600,27500,Typical,0.0582
crochet hair accessories,1200,24000,Very low,0.05
crochet supplies,1200,804300,Very low,0.0015
crochet baby hat,1200,59800,Typical,0.0201
crochet clothing,1200,153900,Very low,0.0078
crochet home decor,1000,178800,Very low,0.0056
crochet decor,1000,324700,Very low,0.0031
crochet jewelry,1000,66100,Very low,0.0151
easy crochet patterns,834,289800,High,0.0029
crochet lace,808,108500,Very low,0.0074
crochet art,807,202600,Very low,0.004
crochet market bag,740,33200,Typical,0.0223
crochet rug,736,31500,Very low,0.0234
crochet ideas,712,155600,Very low,0.0046
yarn for crochet,534,166200,Typical,0.0032
vintage crochet,523,244800,Very low,0.0021
crochet plant hanger,501,6300,High,0.0795
crochet stitch,466,191200,Typical,0.0024
crochet baby items,437,6600,Very low,0.0662
crochet tutorial,303,352700,Very low,0.0009
crochet potholder,227,8100,Typical,0.028
crochet plant pot,214,8000,Very low,0.0267
crochet crafts,203,761300,Very low,0.0003
crochet project,202,254300,Very low,0.0008
crochet trim,184,25900,Very low,0.0071
crochet for kids,159,373300,Very low,0.0004
modern crochet,134,87800,Very low,0.0015
crochet creations,84,10200,Very low,0.0082
crochet edging,78,10400,Very low,0.0075
crochet fashion,57,87900,Very low,0.0006
crochet mandalas,39,7900,Very low,0.0049
easy crochet projects,35,69700,Very high,0.0005
crochet craft,33,971300,Very low,0
chunky yarn crochet,31,31100,Very high,0.001
crocheting supplies,26,733400,Very low,0
cotton yarn crochet,20,62700,Very high,0.0003
crochet inspiration,16,6700,Very low,0.0024
crochet home goods,13,396500,Very low,0
crochet enthusiast,3,10600,Very low,0.0003
crochet techniques,1,16900,Very low,0.0001
wool yarn crochet,1,44400,Very low,0
crochet customization,1,928700,Very low,0
cup,5700,1900000,Very low,0.003
home decor,406900,1800000,Very low,0.2261
housewarming gift,92900,779100,Very low,0.1192
birthday gift,89100,1200000,Very low,0.0742
vase,40600,363700,Very low,0.1116
kitchenware,37100,21500,Very low,1.7256
ceramic mug,28200,1100000,Very low,0.0256
coffee mug,27100,1400000,Very low,0.0194
kitchen decor,26000,1900000,Very low,0.0137
desk decor,21800,742900,Very low,0.0293
tumbler,17100,1000000,Very low,0.0171
water bottle,13100,644700,Very low,0.0203
custom mug,12900,554100,High,0.0233
pen holder,12800,77000,Very low,0.1662
handmade mug,12200,140700,Very low,0.0867
coaster set,11400,184600,Very low,0.0618
espresso cup,10300,41100,Very low,0.2506
coffee cup,9900,1200000,Very low,0.0083
handmade pottery,9000,276900,Very low,0.0325
personalized mug,8700,203200,Very high,0.0428
custom tumbler,7200,385900,High,0.0187
personalized tumbler,6900,123800,Very high,0.0557
kitchen accessories,6900,440400,Very low,0.0157
lunch box,6300,36900,Very low,0.1707
iced coffee cup,6000,48800,Very low,0.123
tea cup,5300,522500,Very low,0.0101
glassware,4700,223500,Very low,0.021
glass tumbler,4500,199600,Very low,0.0225
funny mug,4300,502200,Very low,0.0086
glass cup,3800,255800,Very low,0.0149
personalized water bottle,3800,81300,Very high,0.0467
coffee tumbler,3700,275900,Very low,0.0134
shot glass,3700,51100,Very low,0.0724
personalized cup,3600,193400,Very high,0.0186
makeup brush holder,3100,9800,Very low,0.3163
planter pot,3100,124800,Very low,0.0248
iced coffee glass,2800,34400,Very low,0.0814
whiskey glass,2800,58700,High,0.0477
camping gear,2800,45300,Very low,0.0618
tumbler cup,2700,524200.00000000006,Very low,0.0052
cute mug,2700,313000,Very low,0.0086
custom cup,2600,777200,High,0.0033
enamel mug,2300,32299.999999999996,Very low,0.0712
tea mug,2300,403500,Very low,0.0057
coffee lover gift,2200,507500,Very low,0.0043
coffee accessories,2000,135100,Very low,0.0148
custom wine glass,2000,84800,Very high,0.0236
tumbler with straw,2000,64099.99999999999,Typical,0.0312
barware,2000,1900000,Very low,0.0011
cup holder,2000,119900,Very low,0.0167
goblet,1900,54600,Very low,0.0348
ceramic tumbler,1800,38500,Very low,0.0468
large mug,1700,142300,Very low,0.0119
engraved tumbler,1600,74300,High,0.0215
soup mug,1500,10700,Very low,0.1402
camping mug,1400,36400,High,0.0385
mug holder,1300,56900,Very low,0.0228
antique glass,1200,415700,Very low,0.0029
cocktail glass,1200,74100,Very low,0.0162
tea accessories,1200,101600,Very low,0.0118
desk accessory,1100,200700,Very low,0.0055
custom travel mug,1100,69000,Very high,0.0159
tumbler accessories,969,89500,Very low,0.0108
travel coffee cup,968,94300,Very low,0.0103
party cups,902,201000,Very low,0.0045
straws,885,158800,High,0.0056
coffee cup sleeve,841,19800,Typical,0.0425
travel tumbler,819,42100,Very low,0.0195
tea lover gift,787,226900,Very low,0.0035
drinking glass,785,377200,Very low,0.0021
unique mug,695,599200,Very low,0.0012
insulated water bottle,694,61400,High,0.0113
monogram mug,683,22200,Very low,0.0308
storage container,657,290200,Very low,0.0023
outdoor gear,599,154400,Very low,0.0039
cold cup,572,38800,Typical,0.0147
stainless steel cup,516,174500,Very low,0.003
novelty mug,486,91900,Very low,0.0053
engraved cup,452,139600,Very high,0.0032
office mug,450,152100,Very low,0.003
vintage cup,396,406000,Very low,0.001
handmade cup,392,152900,Very low,0.0026
bachelorette cup,388,24300,High,0.016
water tumbler,373,548100,Very low,0.0007
wedding cup,331,132300,Very low,0.0025
insulated cup,328,105400,Typical,0.0031
disposable cups,325,10600,Typical,0.0307
toddler cup,319,17700,Very high,0.018
stainless steel mug,283,149700,Very low,0.0019
travel accessory,282,279600,Very low,0.001
mug warmer,267,8900,Very low,0.03
decorative jar,262,124900,Very low,0.0021
plastic cup,236,80700,Very low,0.0029
insulated bottle,227,50400,Very low,0.0045
baby cup,199,78900,High,0.0025
artisan mug,186,39100,Very low,0.0048
insulated travel mug,180,29700,Very low,0.0061
coffee to go cup,174,15500,Typical,0.0112
minimalist mug,172,46300,Very low,0.0037
enamel cup,169,31600,Very low,0.0053
smoothie cup,167,5800,Very low,0.0288
boba cup,164,6600,Very low,0.0248
bubble tea cup,158,2300,Typical,0.0687
water canteen,152,7200,Very low,0.0211
party cup,145,250300,Very low,0.0006
gift mug,140,1100000,Very low,0.0001
decorative glass,132,624400,Very low,0.0002
drinkware set,131,610700,Very low,0.0002
funny cup,130,354700,Very low,0.0004
boho mug,128,37000,Very low,0.0035
bamboo cup,127,34900,Typical,0.0036
food container,115,51000,Very low,0.0023
drinking cup,115,827600,Very low,0.0001
reusable cup,113,93800,Very high,0.0012
snack container,111,26200,Very low,0.0042
antique mug,104,26900,Very low,0.0039
juice glass,102,25100,Very low,0.0041
gym bottle,95,12200,Very high,0.0078
small cup,86,79700,Very low,0.0011
paper cup,82,115300,Very low,0.0007
milk cup,76,23800,Very low,0.0032
ergonomic mug,75,7000,Very low,0.0107
cold brew cup,73,8600,Very low,0.0085
boba tea cup,70,6000,High,0.0117
small tea cup,63,43100,Very low,0.0015
decorative cup,60,616500,High,0.0001
hot chocolate cup,55,28000,Very low,0.002
soda cup,53,11400,Very low,0.0046
disposable cup,46,7600,Very low,0.0061
desk cup,46,48000,Very low,0.001
sport bottle,28,10200,Very low,0.0027
hot cup,28,133000,Very low,0.0002
drinking vessel,24,16800,Very low,0.0014
artisan cup,23,39000,Very low,0.0006
soda glass,21,18900,Very low,0.0011
juice cup,19,12800,Very low,0.0015
minimalist cup,16,44900,Very low,0.0004
novelty cup,16,147500,Very low,0.0001
wedding favor cup,15,24500,Very high,0.0006
lemonade cup,12,4900,Very low,0.0024
gift cup,11,2000000,Very low,0
iced tea cup,10,11900,Very low,0.0008
desk mug,10,27300,Very low,0.0004
handle for cup,10,43600,Very low,0.0002
eco friendly cup,3,13500,Very low,0.0002
beverage container,3,45600,Very low,0.0001
lid and straw,3,55100,Very low,0.0001
deco mug,2,11000,Very low,0.0002
decor mug,2,2000000,Very low,0
biodegradable cup,1,8900,Very low,0.0001
custom,40300,2800000,Very low,0.0144
personalized baby gifts,37700,698000,High,0.054
custom pet portrait,37500,185100,Very low,0.2026
custom keychain,20800,433200,Typical,0.048
custom portraits,19200,37600,Very low,0.5106
custom baby blanket,13300,188000,Very high,0.0707
personalized jewelry box,13100,62900,High,0.2083
personalized keychain,9400,175100,High,0.0537
custom name necklace,8500,184000,Typical,0.0462
personalized home decor,8400,561800,Very low,0.015
custom dog tag,7300,120700,Typical,0.0605
personalized gifts for him,7300,312100,Very low,0.0234
custom journal,6400,262500,Typical,0.0244
custom bobblehead,6000,24900,Very low,0.241
custom wall art,5500,1100000,Very low,0.005
engraved gifts,5200,1100000,Very low,0.0047
custom notebook,5000,172400,High,0.029
personalized wall art,4700,412000,Very low,0.0114
personalized mugs,4100,304800,High,0.0135
engraved cutting board,4000,34400,High,0.1163
custom address stamp,3600,15800,Very high,0.2278
custom name jewelry,3500,196900,Very low,0.0178
personalized baby book,3100,38600,Very high,0.0803
monogrammed towels,2800,67600,High,0.0414
personalized gifts for her,2800,794800,Very low,0.0035
custom photo gifts,2800,689400,Typical,0.0041
engraved photo frame,2700,20200,Typical,0.1337
custom home decor,2700,1400000,Very low,0.0019
personalized keepsake box,2500,67400,Typical,0.0371
personalized teacher gifts,2500,290900,High,0.0086
unique wedding favors,2300,77900,Very low,0.0295
personalized gifts for mom,2200,303400,Very low,0.0073
personalized gift box,2100,176000,High,0.0119
personalized keychains,2000,198700,Typical,0.0101
custom wedding cake topper,1900,108800,Typical,0.0175
engraved cufflinks,1900,13800,Very high,0.1377
custom groomsmen gifts,1800,33000,High,0.0545
engraved watch,1800,26700,High,0.0674
personalized wine glass,1700,37700,Very high,0.0451
personalized baby onesie,1700,68000,Very high,0.025
custom wedding invitations,1600,131100,Very low,0.0122
engraved flask,1000,12000,Very high,0.0833
engraved pens,1000,27200,Very high,0.0368
custom gifts for her,997,1200000,Very low,0.0008
custom leather goods,990,12000,Very low,0.0825
engraved gifts for men,939,268700,Very low,0.0035
unique personalized gifts,928,1600000,Very low,0.0006
personalized welcome mat,900,25700,High,0.035
custom baby blankets,832,110000,High,0.0076
custom baby shower gift,661,770700,Typical,0.0009
custom phone cases,576,153100,Very low,0.0038
custom made jewelry,514,76700,Very low,0.0067
made to order,504,183400,Very low,0.0027
personalized baby shower,461,181900,Very low,0.0025
bespoke jewelry,346,31300,Very low,0.0111
personalized gifts for couples,342,406300,Very low,0.0008
custom housewarming gifts,252,375900,Typical,0.0007
unique stationery,243,332200,Very low,0.0007
made to measure,215,23200,Very low,0.0093
engraved gifts for him,209,152400,Very low,0.0014
bespoke furniture,162,10500,Very low,0.0154
custom garden flags,102,35800,High,0.0028
engraved wedding rings,101,100900,Very low,0.001
personalized baby mobile,97,7800,Very low,0.0124
bespoke clothing,93,44600,Very low,0.0021
custom made items,82,22400,Very low,0.0037
monogrammed items,79,17500,Very low,0.0045
bespoke cake topper,78,2500,Typical,0.0312
custom desk nameplate,72,12200,Very high,0.0059
engraved gifts for her,67,246100,Very low,0.0003
custom stamped jewelry,52,28000,Very low,0.0019
tailor made clothing,41,20400,Very low,0.002
custom family portraits,40,43200,Typical,0.0009
bespoke creations,38,3300,Very low,0.0115
bespoke artwork,26,3600,Very low,0.0072
bespoke invitations,25,7500,Very low,0.0033
custom memorial gifts,24,366900,Very high,0.0001
handmade personalized gifts,18,398700,Very low,0
bespoke signage,17,2600,Very low,0.0065
custom boss gifts,16,37000,Typical,0.0004
engraved keepsakes,15,236500,Very low,0.0001
monogrammed accessories,15,338100,Very low,0
bespoke stationery,14,52400,Very low,0.0003
custom illustrated portraits,8,9000,Very low,0.0009
hand-painted ceramics,8,23700,Very low,0.0003
handmade custom gifts,6,92000,Very low,0.0001
bespoke bouquet,5,1600,Very low,0.0031
custom desk nameplates,4,9600,Very low,0.0004
dad,5400,1700000,Very low,0.0032
gifts for men,61000,2400000,Very low,0.0254
gifts for him,58700,1300000,Very low,0.0452
gifts for dad,23100,795200,Very low,0.029
new dad gift,12300,195200,Very low,0.063
dad hat,9400,224600,Typical,0.0419
dad shirt,7900,754100,Typical,0.0105
dad birthday card,7100,78800,Very high,0.0901
man cave decor,5700,518500,Very low,0.011
dad mug,4900,166400,Typical,0.0294
birthday gifts for dad,4800,457100,Very low,0.0105
husband birthday,4800,269100,High,0.0178
papa gifts,3100,328100,Typical,0.0094
family gift,3000,1300000,Very low,0.0023
fathers day shirt,2900,266400,Very low,0.0109
custom gift for dad,2800,411500,Very low,0.0068
dad jewelry,2700,55300,Very low,0.0488
dad christmas gift,1800,301900,Very low,0.006
father in law gift,1700,15700,Very low,0.1083
dad wedding gift,1500,113500,High,0.0132
gifts for parents,1400,254100,Very low,0.0055
gift for father,1300,491500,Very low,0.0026
funny dad shirt,1200,336600,Very low,0.0036
dad to be,1200,1400000,Typical,0.0009
christmas gift for dad,1100,89100,Very low,0.0123
gift for husband birthday,1100,179900,Very low,0.0061
grandpa birthday gift,1100,139800,Typical,0.0079
christmas gifts for dad,1100,212500,Very low,0.0052
man gift,1100,3900000,Very low,0.0003
brother gift,1000,169400,Very low,0.0059
dad hoodie,968,82900,High,0.0117
dad wallet,933,23500,Very low,0.0397
personalized dad gift,919,83700,High,0.011
grandfather gift,805,42200,Typical,0.0191
dad coffee mug,761,113200,Typical,0.0067
husband gift ideas,707,84600,Very low,0.0084
unique dad gift,627,179000,Very low,0.0035
funny dad gift,581,378500,Typical,0.0015
dad birthday present,551,80400,Typical,0.0069
dad keychain,546,37800,Very high,0.0144
dad apron,540,10900,High,0.0495
gift for him birthday,538,471400,Very low,0.0011
dad keepsake,444,95900,Very low,0.0046
parent gift,444,421900,Very low,0.0011
dad sweater,440,54700,High,0.008
dad t-shirt,404,406900,High,0.001
custom dad mug,364,78700,High,0.0046
dad photo frame,339,15800,High,0.0215
sentimental dad gift,336,20600,Very low,0.0163
golf dad gift,319,59000,Typical,0.0054
father shirt,300,362700,Very low,0.0008
dad wood sign,297,22300,Very high,0.0133
dad portrait,289,74700,Very low,0.0039
dad card,284,171500,Very high,0.0017
dad socks,245,8800,Very high,0.0278
engraved dad gift,241,135700,Very low,0.0018
birthday gift for man,232,1200000,High,0.0002
special dad gift,226,114100,Very low,0.002
sports dad gift,223,181500,Very low,0.0012
dad picture frame,192,24600,Typical,0.0078
gift for parent,174,291900,Very low,0.0006
gamer dad gift,165,71000,Very high,0.0023
dad fishing gift,160,53700,High,0.003
dad appreciation,149,54200,Very low,0.0027
dad retirement gift,128,40000,Typical,0.0032
dad apparel,123,383000,High,0.0003
man gift ideas,103,561300,Very low,0.0002
fathers day decor,102,166100,Very low,0.0006
father birthday card,100,60500,Very high,0.0017
dad frame,96,51500,High,0.0019
dad joke,77,106600,Very low,0.0007
father figure gift,72,10700,Very low,0.0067
dad christmas present,67,49100,Very low,0.0014
dad birthday banner,55,17600,Very low,0.0031
best dad ever gift,53,51200,Very low,0.001
mens dad gift,49,516600,Very low,0.0001
dad gamer gift,41,65099.99999999999,Very low,0.0006
dad joke gift,38,95600,Very low,0.0004
dad accessories,38,333900,Very low,0.0001
gift for new father,37,158400,Very low,0.0002
dad anniversary gift,37,201500,Very low,0.0002
outdoorsy dad gift,35,5100,Very low,0.0069
dad wall art,32,289400,Very low,0.0001
dad from daughter,27,61100,Very high,0.0004
cool dad gift,27,95600,Very low,0.0003
mens personalized gift,27,462400,High,0.0001
dad poem,26,6400,Very low,0.0041
dad notebook,26,11600,Very low,0.0022
father mug,24,87300,Very low,0.0003
gifts for new father,20,68100,Very low,0.0003
dad birthday decor,20,117100,Very high,0.0002
dad outfit,20,142300,Very low,0.0001
dad quote,19,61300,High,0.0003
gardening dad gift,17,21700,Very high,0.0008
papa bear gift,15,10000,Very low,0.0015
parent gift ideas,14,28600,Very low,0.0005
personalized father gift,14,222000,Very low,0.0001
dad decor,14,583000,Very low,0
present for father in law,13,2700,Very low,0.0048
dad from son,13,33000,Very low,0.0004
fatherhood gifts,13,181800,Very low,0.0001
man gift idea,13,613400,Very low,0
super dad gift,12,15600,Very low,0.0008
custom father gift,10,646600,Very high,0
dad quote gift,7,31900,Very low,0.0002
dad humor,7,72800,Very low,0.0001
father gift ideas,7,82500,Very low,0.0001
dad grilling gift,6,32200.000000000004,Very low,0.0002
music dad gift,6,37000,Very low,0.0002
grandfather gift ideas,5,15700,Very low,0.0003
dad artwork,5,26400,Very low,0.0002
dad travel gift,5,34000,Very low,0.0001
dad sports gift,5,97700,Very low,0.0001
dad anniversary,5,142500,Very low,0
dad custom gift,5,668400,Very low,0
stepdad present,4,1900,Very high,0.0021
best father award,4,5000,Very low,0.0008
gift for father figure,4,6900,Very low,0.0006
mens gifts dad,4,7000,Very low,0.0006
woodworking dad gift,4,8000,Very low,0.0005
dad sentimental gift,4,11800,Very low,0.0003
dad anniversary card,4,14400,Very low,0.0003
outdoors dad gift,4,21400,Very low,0.0002
new papa gift,4,56500,Very low,0.0001
custom dad present,4,111400,Very low,0
father anniversary gift,4,168100,Very low,0
dad home decor,4,288700,Very low,0
new father present,4,770800,Very low,0
man of the house gift,3,8000,Very low,0.0004
custom gift for father,3,77500,Very high,0
gift for him dad,2,2500,Very low,0.0008
dad joke apparel,2,2500,Very low,0.0008
dad and me outfit,2,9200,Very low,0.0002
hero dad gift,2,14500,Very low,0.0001
grilling dad gift,2,21700,Very high,0.0001
dad hobby gift,2,25600,Very low,0.0001
grill dad gift,2,30500,Very low,0.0001
best father gift,2,142900,Very high,0
cool dad gift idea,1,6100,Very low,0.0002
thoughtful dad gift,1,12900,Very low,0.0001
patriotic dad gift,1,22500,Very low,0
dad tool kit,1,27400,Very low,0
travel dad gift,1,30900,Very low,0
holiday gift for dad,1,40900,Very low,0
traveling dad gift,1,42600,Very low,0
coffee lover dad,1,43600,Very low,0
coffee dad gift,1,193300,Very low,0
gift for the father,1,1100000,Very low,0
man gift birthday,1,1700000,Very low,0
decor,29300,7700000,Very low,0.0038
rugs,179800,776900,Very low,0.2314
halloween decor,154800,1300000,Very low,0.1191
fall decor,91600,1600000,Very low,0.0573
candles,59600,553100,Very low,0.1078
tapestry,56600,532300,Very low,0.1063
room decor,45200,2600000,Very low,0.0174
bathroom decor,43500,2100000,Very low,0.0207
office decor,36100,1100000,Very low,0.0328
bedroom decor,29300,2100000,Very low,0.014
vintage decor,27800,1700000,Very low,0.0164
throw pillows,27700,400300,Very low,0.0692
baby shower decor,26800,931100,Very low,0.0288
lighting,25600,226500,Very low,0.113
wall hangings,23800,3600000,Very low,0.0066
picture frames,22800,202600,Very low,0.1125
macrame wall hanging,22000,67900,Very low,0.324
garden decor,20600,1600000,Very low,0.0129
vases,19900,404200,Very low,0.0492
vintage home decor,17900,1500000,Very low,0.0119
mirrors,15800,216500,Very low,0.073
mid century modern decor,14900,518000,Very low,0.0288
farmhouse decor,14900,2200000,Very low,0.0068
pillows,13700,580800,Very low,0.0236
living room decor,12500,2300000,Very low,0.0054
decorative pillows,12100,306000,Very low,0.0395
shelf decor,11400,429800,Very low,0.0265
outdoor decor,11000,2200000,Very low,0.005
boho decor,8800,2100000,Very low,0.0042
blankets,8800,569000,Very low,0.0155
kids room decor,8600,1400000,Very low,0.0061
apartment decor,8600,227100,Very low,0.0379
coastal decor,8200,1400000,Very low,0.0059
planters,7600,185400,Very low,0.041
gallery wall,7100,1100000,Very low,0.0065
coffee table decor,6800,145200,Very low,0.0468
tapestries,5600,306200,Very low,0.0183
game room decor,5400,1400000,Very low,0.0039
table decor,5200,1300000,Very low,0.004
rustic home decor,5100,2300000,Very low,0.0022
unique home decor,4900,805000,Very low,0.0061
boho home decor,4800,1800000,Very low,0.0027
rustic decor,4300,1100000,Very low,0.0039
quirky home decor,4300,277700,Very low,0.0155
wood signs,3900,350500,Very low,0.0111
dorm room decor,3900,1600000,Very low,0.0024
entryway decor,3900,916100,Very low,0.0043
coastal home decor,3900,1300000,Very low,0.003
unique decor,3600,802300,Very low,0.0045
decorative objects,3400,43800,Very low,0.0776
retro home decor,3300,2300000,Very low,0.0014
wall decorations,3300,761500,Very low,0.0043
decorative bowls,3100,177300,Very low,0.0175
home accents,3000,1800000,Very low,0.0017
hallway decor,2900,191300,Very low,0.0152
eclectic decor,2800,1100000,Very low,0.0025
mantel decor,2800,99800,Very low,0.0281
shabby chic decor,2700,222500,Very low,0.0121
interior design,2600,286400,Very low,0.0091
patio decor,2600,704000,Very low,0.0037
eclectic home decor,2400,1100000,Very low,0.0022
winter decor,2400,913600,Very low,0.0026
aesthetic decor,2300,1100000,Very low,0.0021
bar cart decor,2200,98700,Very low,0.0223
aesthetic room decor,2100,527900,Very low,0.004
decorative baskets,2100,69100,Very low,0.0304
decorative mirrors,2100,54000,Very low,0.0389
minimalist decor,2000,2100000,Very low,0.001
industrial decor,1900,205100,Very low,0.0093
handmade decor,1900,938800,Very low,0.002
handmade home decor,1700,1200000,Very low,0.0014
botanical decor,1600,934100,Very low,0.0017
throw blankets,1500,443700,Very low,0.0034
tray decor,1500,440800,Very low,0.0034
modern decor,1400,1100000,Very low,0.0013
floral decor,1400,1100000,Very low,0.0013
personalized decor,1400,882000,Very low,0.0016
ornaments for home,1300,955700,Very low,0.0014
craft room decor,968,532400,Very low,0.0018
easter decor,919,553800,Very low,0.0017
custom decor,747,1900000,Very low,0.0004
spring decor,713,678500,Very low,0.0011
event decor,674,495600,Very low,0.0014
macrame decor,658,92700,Very low,0.0071
minimalist home decor,624,2600000,Very low,0.0002
abstract decor,575,2700000,Very low,0.0002
small space decor,574,28200,Very low,0.0204
scandinavian home decor,461,434400,Very low,0.0011
summer decor,439,910300,Very low,0.0005
rustic home accents,378,267500,Very low,0.0014
statement decor,377,415200,Very low,0.0009
vintage style decor,340,2100000,Very low,0.0002
trendy home decor,296,756400,Very low,0.0004
geometric decor,286,1600000,Very low,0.0002
industrial home decor,275,235600,Very low,0.0012
art for walls,229,2900000,Very low,0.0001
decorative lighting,209,65200,Very low,0.0032
she shed decor,174,14800,Very low,0.0118
nature inspired decor,174,1400000,Very low,0.0001
vintage inspired decor,133,1100000,Very low,0.0001
accent decor,129,2400000,Very low,0.0001
decorative accents,119,486800,Very low,0.0002
decorative rugs,87,293600,Very low,0.0003
creative decor,56,687700,Very low,0.0001
industrial style decor,54,80000,Very low,0.0007
decorative collectibles,52,531600,Very low,0.0001
unique home accents,49,505200,Very low,0.0001
accent pieces,48,102500,Very low,0.0005
glam home decor,46,101600,Very low,0.0005
interior design items,41,3300,Very low,0.0124
decorative throws,41,429600,Very low,0.0001
handcrafted home decor,38,200800,Very low,0.0002
rental friendly decor,30,7700,Very low,0.0039
room accents,25,954200,Very low,0
display items,17,28500,Very low,0.0006
tabletop displays,17,78100,Very low,0.0002
display objects,16,21600,Very low,0.0007
glamorous decor,14,46600,Very low,0.0003
retro home accents,14,81000,Very low,0.0002
interior styling,13,141100,Very low,0.0001
customizable decor,12,1300000,Very low,0
boutique home decor,10,93800,Very low,0.0001
coastal style decor,10,190900,Very low,0.0001
style decor,8,1400000,Very low,0
shelf displays,7,100400,Very low,0.0001
artisanal decor,4,45200,Very low,0.0001
artistic home accents,2,22500,Very low,0.0001
interior accents,2,61000,Very low,0
room styling,2,861800,Very low,0
home styling,2,1800000,Very low,0
custom home accents,1,121300,Very low,0
statement decor piece,1,148000,Very low,0
stylish home accents,1,169700,Very low,0
decorative accents for home,1,218000,Very low,0
digital,48300,8400000,Very low,0.0057
digital download,55400,6100000,Very low,0.0091
digital planner,42700,824400,Typical,0.0518
digital wall art,8100,6600000,Very low,0.0012
digital download wall art,3900,3300000,Very low,0.0012
digital journal,3700,848100,Typical,0.0044
digital planner stickers,3400,155100,High,0.0219
digital invitation,3300,1400000,Very low,0.0024
digital notebook,3200,131300,Typical,0.0244
instant download,2000,2400000,Very low,0.0008
printable coloring pages,1800,277700,Typical,0.0065
digital art download,1800,4099999.9999999995,Very low,0.0004
digital portrait,1600,1100000,Very low,0.0015
digital planner template,1600,550300,Typical,0.0029
digital invitation template,1500,1500000,Very low,0.001
digital art print,1200,3900000,Very low,0.0003
digital wall art prints,1200,3600000,Very low,0.0003
digital template,1100,3300000,Very low,0.0003
digital download invitation,1000,1200000,Very low,0.0008
digital artwork,975,1000000,Very low,0.001
digital patterns,846,1800000,Very low,0.0005
printable cards,816,1300000,Very low,0.0006
digital scrapbook paper,762,1300000,Typical,0.0006
printable planner pages,750,129500,Typical,0.0058
digital pattern,720,2200000,Very low,0.0003
printable wall decor,671,2000000,Very low,0.0003
printable planners,644,618600,Very low,0.001
digital download planner,630,464100,Very low,0.0014
digital design,621,3700000,Very low,0.0002
digital printables,618,3800000,Very low,0.0002
digital card,606,2700000,Very low,0.0002
digital clipart,583,2100000,Very low,0.0003
printable weekly planner,556,206400,High,0.0027
digital designs,525,1400000,Very low,0.0004
printable gift tags,484,242300,Typical,0.002
printable artwork,477,1600000,Very low,0.0003
digital photo frame,442,130000,Very low,0.0034
printable daily planner,437,209300,Very low,0.0021
printable stationery,411,2400000,High,0.0002
printable invitations,395,925500,Very low,0.0004
printable journal pages,377,222500,Very high,0.0017
digital journal template,351,434900,High,0.0008
digital download artwork,327,1700000,Very low,0.0002
printable worksheets,307,262000,Very low,0.0012
digital notebook template,287,62200,Very high,0.0046
digital planner printable,265,552700,Very low,0.0005
printable templates,265,1800000,Typical,0.0001
digital stationery,241,2700000,Very low,0.0001
digital scrapbook kit,229,297000,Typical,0.0008
digital wall decor,222,8100000,Very low,0
printable wedding invitations,215,280800,Very low,0.0008
printable birthday invitations,207,513700.00000000006,Very low,0.0004
digital printable art,191,2600000,Very low,0.0001
printable thank you cards,162,127200,Very high,0.0013
digital greeting card,157,351700,Very low,0.0004
digital download template,149,2200000,Very low,0.0001
digital sticker sheet,142,89900,Very low,0.0016
printable banners,127,368000,Very low,0.0003
printable calendars,119,242000,Very high,0.0005
digital planner inserts,115,44600,Very high,0.0026
digital journal pages,114,172200,Very high,0.0007
printable monthly planner,114,174500,High,0.0007
digital sticker book,113,56500,Very high,0.002
digital watercolor,109,1000000,Very low,0.0001
digital welcome sign,99,217200,High,0.0005
printable art prints,98,1300000,High,0.0001
digital wall art printable,92,2500000,Very low,0
instant download art,88,2000000,Very low,0
digital download card,84,2300000,Very low,0
digital graphics,81,859100,Very high,0.0001
digital printable planner,80,499900,Very low,0.0002
digital crafts,80,2100000,Very low,0
digital wall calendar,75,46900,Very low,0.0016
digital artwork download,73,1500000,Very low,0
printable decor,72,2700000,Very low,0
digital download files,70,1800000,Very low,0
printable photo booth props,68,8200,Very low,0.0083
digital download journal,67,564600,High,0.0001
digital coloring page,66,303100,Very low,0.0002
digital art canvas,62,2500000,Very low,0
digital scrapbook pages,61,131300,Typical,0.0005
digital file art,49,2800000,Very low,0
digital sticker sheets,48,16700,Very low,0.0029
digital scrapbooking kit,47,265700,Very low,0.0002
printable gratitude journal,46,37000,Very high,0.0012
digital recipe template,45,41200,High,0.0011
digital printable wall art,45,2500000,Very low,0
digital journal cover,44,36700,Very high,0.0012
printable business cards,43,42300,High,0.001
printable party decorations,41,383000,Very low,0.0001
digital scrapbooking paper,38,1400000,High,0
digital download sticker,37,505100,Very low,0.0001
digital journal prompts,32,49800,Very high,0.0006
digital product design,30,77300,Very high,0.0004
digital collage sheet,28,186300,Very low,0.0002
digital recipe card,27,42200,High,0.0006
digital download planner stickers,27,100100,Very low,0.0003
digital photo collage,27,115100,High,0.0002
digital classroom decor,27,398200,Very high,0.0001
printable party invitations,25,1400000,Very low,0
digital art patterns,23,1400000,Very low,0
digital journal printable,22,733200,Very low,0
printable checklists,21,60800,Very low,0.0003
printable baby shower invitations,21,265000,Very low,0.0001
printable paper patterns,21,324200,Very high,0.0001
digital graphic design,21,738900,High,0
printable stationery sets,20,303200,High,0.0001
digital marketing tools,19,11000,Very low,0.0017
digital puzzle template,17,3500,Very low,0.0049
printable budget sheets,17,103000,Very high,0.0002
digital fabric print,17,521900,Very low,0
digital sticker kit,16,87000,Very low,0.0002
digital printable stickers,16,389000,Very low,0
digital printable journal,16,644500,Very low,0
printable habit trackers,15,58000,Very low,0.0003
digital party banner,15,337300,Very low,0
digital texture pack,14,34100,Very low,0.0004
digital invitation design,14,808300,Very low,0
digital art for sale,12,30400,Very low,0.0004
printable undated planner,12,61000,Very low,0.0002
digital photo frame art,12,71100,Very low,0.0002
digital wedding signage,12,205800,Very high,0.0001
digital planner stickers printable,11,71400,Very low,0.0002
digital journal template printable,11,427700,Very low,0
downloadable graphics,10,32000,Very low,0.0003
printable signage,9,258500,Very low,0
printable self care journal,8,124700,Very low,0.0001
digital scrapbooking elements,7,101700,Very low,0.0001
digital sticker printable,7,202000,Very low,0
digital design elements,7,217000,Very high,0
digital sticker sheets printable,6,10000,Very high,0.0006
digital notebook pages,6,14100,Very low,0.0004
digital font bundle,6,52100,Very low,0.0001
printable stickers for planners,6,122900,Very low,0
digital background patterns,5,7200,Very low,0.0007
digital planner stickers kit,5,19800,Very low,0.0003
printable meal planners,5,27100,Very low,0.0002
digital sticker designs,5,150600,Very low,0
digital design assets,4,13200,Very low,0.0003
digital icon set,4,63000,Very low,0.0001
printable background images,3,55700,Very low,0.0001
digital art for printing,3,174600,Very low,0
printable digital files,2,7200,Very low,0.0003
digital planner insert,2,61500,Very low,0
printable scrapbook elements,2,85900,Very low,0
digital sticker journal,2,92800,Very low,0
electronic files,1,6300,Very low,0.0002
digital planner layout,1,9500,Very low,0.0001
digital drawing tablet,1,19200,Very low,0.0001
digital prints,93200,2300000,Very low,0.0405
digital invitations,9300,1100000,Very low,0.0085
downloadable prints,9100,375600,Very low,0.0242
printable planner,8300,949000,Very low,0.0087
digital wedding invitations,5000,286500,Very low,0.0175
printable stickers,2400,474100,Typical,0.0051
digital coloring pages,1200,197000,High,0.0061
printable bookmarks,763,60500,Typical,0.0126
printable birthday cards,656,532500,Typical,0.0012
digital embroidery designs,476,246900,Very high,0.0019
printable greeting cards,390,335600,Very low,0.0012
printable recipe cards,384,25300,Typical,0.0152
printable art download,285,2200000,Typical,0.0001
printable posters,267,1400000,Very low,0.0002
digital banner,249,474100,High,0.0005
clipart digital download,226,1900000,Very low,0.0001
printable wedding signs,224,178900,Typical,0.0013
digital abstract art,224,1100000,Very low,0.0002
printable bathroom art,215,479700,Very low,0.0004
digital scrapbooking kits,188,182400,Very low,0.001
printable vintage art,178,1600000,Very low,0.0001
printable party decor,163,1500000,Very low,0.0001
digital nursery art,159,1100000,Very low,0.0001
printable quotes,157,486600,High,0.0003
printable kitchen art,149,1100000,Very low,0.0001
printable digital download,129,2600000,Very low,0
digital signage,115,68700,Very low,0.0017
printable classroom decor,102,365600,Typical,0.0003
printable nursery art,100,735600,Typical,0.0001
printable patterns,96,902500,Very low,0.0001
digital art files,91,2200000,Very low,0
printable office art,89,1200000,Very low,0.0001
digital photo frames,82,23200,Very low,0.0035
digital textures,80,209900,High,0.0004
digital downloads art,79,3000000,High,0
digital illustration art,76,2900000,Very low,0
digital download designs,68,1300000,Very low,0.0001
printable office decor,61,1300000,Very low,0
digital floral prints,57,912000,Very low,0.0001
digital poster prints,48,860600,Very low,0.0001
printable botanical art,45,421800,Very low,0.0001
printable watercolor art,45,448000,Typical,0.0001
digital svg files,40,1400000,Very low,0
digital illustrations,39,2900000,Very low,0
printable quote art,38,653500,Very low,0.0001
digital animal prints,37,801300,Very low,0
digital vintage prints,37,1400000,Very low,0
printable nature art,36,485900,Typical,0.0001
printable digital paper,35,1500000,Very high,0
printable anniversary gift,33,179700,Very high,0.0002
digital line art,33,305600,Very low,0.0001
printable maps,31,101100,Typical,0.0003
printable line art,30,147000,Very low,0.0002
digital doodles,30,275800,Very high,0.0001
digital collage sheets,27,342700,High,0.0001
printable digital art,27,2800000,Very low,0
printable kitchen decor,26,1100000,Very low,0
printable black and white art,24,213800,Very low,0.0001
printable bedroom art,23,1800000,Very low,0
printable clip art,22,1200000,Very low,0
printable seasonal art,19,521200.00000000006,Very low,0
printable graphics,15,391600,Typical,0
digital paper crafts,14,2100000,Very low,0
printable graphic art,13,729800,Very low,0
printable birthday gift,13,804600,Very low,0
printable city maps,12,44500,Very low,0.0003
digital journal templates,12,210400,High,0.0001
digital card making,12,2000000,Very low,0
printable party supplies,12,2700000,Very low,0
printable photo frames,11,9300,Very low,0.0012
printable diy crafts,11,249100,Very low,0
printable wedding decor,11,469200,Very high,0
digital paper designs,11,560200,Typical,0
digital travel prints,10,352400,Very low,0
digital design prints,10,1300000,Very low,0
digital decor prints,10,1900000,Very low,0
printable book plates,7,9000,Very high,0.0008
printable typography art,7,199500,Very high,0
printable backgrounds,7,276900,Very low,0
printable digital stationery,7,2100000,Very low,0
printable fabric designs,6,77500,Very low,0.0001
printable fine art,6,125100,Very low,0
digital download graphics,6,935300,Very low,0
printable minimalist art,5,876500,Very low,0
printable digital downloads,5,2000000,Very low,0
printable wall stickers,4,142900,Very low,0
digital pattern designs,4,676600,Very low,0
printable interior design,3,8500,Very low,0.0004
digital texture packs,3,28900,Very low,0.0001
printable wall calendars,3,56500,Very low,0.0001
printable wedding art,3,284500,Very low,0
printable textures,3,346600,Very high,0
digital artwork instant,3,518900,Very low,0
printable bedroom decor,3,1700000,Very low,0
printable downloads art,3,2800000,Very low,0
printable decor prints,3,2900000,Very low,0
digital illustration files,2,6800,Very low,0.0003
printable wall decals,2,174900,Very low,0
printable farmhouse decor,2,311700,Very low,0
printable illustrations,2,376800,Very low,0
printable svg files,2,839600,Very low,0
printable digital patterns,2,1300000,Very low,0
printable wall hangings,2,1800000,Very low,0
printable wall posters,2,1900000,Very low,0
digital art for home,2,6600000,Very low,0
printable design files,1,7200,Very low,0.0001
printable birth announcements,1,7400,Very low,0.0001
printable boho decor,1,509500,Very high,0
printable digital designs,1,999100,Very low,0
printable custom art,1,1600000,Very low,0
digital wall hangings,1,1700000,Very low,0
printable living room art,1,2000000,Very low,0
download,3700,7300000,Very low,0.0005
printable bookmark,789,97200,High,0.0081
digital file,538,3200000,Very low,0.0002
printable birthday banner,536,270000,High,0.002
printable invitation,406,693800,Very low,0.0006
digital wall art download,393,3000000,Very low,0.0001
printable budget planner,372,121700,Very high,0.0031
printable paper,319,2700000,High,0.0001
printable pattern,294,257800,Very low,0.0011
printable craft,290,2000000,Typical,0.0001
printable template,285,2200000,Very low,0.0001
digital download stickers,256,376100,Very low,0.0007
printable teacher planner,236,49000,Very high,0.0048
printable sticker,235,546700,High,0.0004
digital printable,208,3700000,Very low,0.0001
digital business cards,199,49100,Typical,0.0041
printable scrapbook paper,195,874300,High,0.0002
digital habit tracker,182,58700,Typical,0.0031
printable chore chart,144,45900,Very high,0.0031
digital embroidery patterns,137,500600,Typical,0.0003
downloadable coloring pages,117,18600,Very high,0.0063
digital download invitations,110,823700,Very low,0.0001
digital download patterns,107,1300000,Very low,0.0001
instant download prints,104,910100,Very low,0.0001
printable thank you card,100,252700,Very high,0.0004
printable coloring page,89,273900,Very high,0.0003
printable scrapbook,88,1700000,Very low,0.0001
printable baby shower,86,887500,Very high,0.0001
printable design,83,1100000,Very low,0.0001
digital paper download,83,2800000,High,0
printable wall calendar,81,55100,Very high,0.0015
printable paper crafts,79,1600000,Typical,0
printable download,71,3500000,Very low,0
downloadable fonts,61,15700,Very high,0.0039
digital download labels,58,177300,Very high,0.0003
digital download pattern,49,1600000,Very low,0
instant digital download,47,2700000,Very low,0
digital download clip art,43,1800000,Very low,0
digital craft,42,2600000,Very low,0
printable travel journal,39,20100,High,0.0019
digital photo download,37,577400,High,0.0001
printable recipe card,35,35100,Very high,0.001
digital planner download,34,545500,Very low,0.0001
digital download paper,34,3300000,Typical,0
printable workout planner,33,27600,Very low,0.0012
printable digital stickers,30,280200,Very high,0.0001
digital sticker download,30,699100,Very low,0
printable wall quotes,28,679800,Very low,0
printable planner download,28,749900,Very low,0
digital download templates,26,1800000,Very low,0
digital file download,25,2400000,Very low,0
digital download journal pages,23,167700,High,0.0001
digital wedding templates,23,183000,Very low,0.0001
printable file,22,1300000,Very low,0
digital design download,21,2800000,Very low,0
digital sublimation designs,20,517200.00000000006,Very high,0
digital download sewing patterns,20,721600,Very low,0
printable download art,20,2300000,Typical,0
printable download planner,18,569100,Very low,0
instant download print,18,945300,Very low,0
digital download crafts,17,1500000,Very low,0
printable chore charts,16,45700,Very high,0.0004
printable craft templates,16,799100,Very low,0
digital invitation download,16,1300000,Very low,0
instant download template,15,1600000,Very low,0
digital download elements,14,64099.99999999999,Very low,0.0002
printable digital journal,13,731400,Very low,0
digital clipart download,13,1700000,Very low,0
printable wall quote,12,276500,Very low,0
printable sticker download,12,768900,Very low,0
printable birthday banners,11,115500,Very low,0.0001
printable wedding signage,11,147500,Very high,0.0001
digital download fonts,10,103200,Very high,0.0001
printable wedding invites,10,160100,Very low,0.0001
instant download planner,10,222700,Very low,0
printable digital planners,10,424000,Very low,0
downloadable stationery,10,439300,Very high,0
digital download sewing,10,1400000,Very low,0
printable party favor tags,9,170900,Very high,0.0001
digital journal download,9,617600,Very low,0
digital background download,8,360900,Very low,0
printable digital cards,7,964800,Very low,0
digital stationery set,6,635700,Very low,0
digital photo booth props,5,19100,Very low,0.0003
printable vision boards,4,4700,Very low,0.0009
printable lesson plans,3,78400,Very low,0
printable digital invitations,2,12400,Very low,0.0002
printable digital sticker sheet,1,105800,Very low,0
dog,25300,2600000,Very low,0.0097
dog memorial gift,61600,428500,High,0.1438
dog tag,54600,189700,Very high,0.2878
dog collars,29700,152400,Very low,0.1949
dog harness,23900,23900,Very low,1
personalized dog collar,21200,82300,Typical,0.2576
leather dog collar,19800,77300,Very low,0.2561
dog urn,18100,140900,Very low,0.1285
custom dog collar,16800,178400,Very low,0.0942
dog collar personalized,16700,85600,Typical,0.1951
dog tags,14100,127100,Very high,0.1109
dog bed,14000,30600,Very low,0.4575
personalized dog tag,12500,54800,Very low,0.2281
personalized dog gifts,12400,302500,Very low,0.041
dog gift,12200,2200000,Very low,0.0055
dog remembrance gift,11700,145600,High,0.0804
dog accessories,10800,345900,Very low,0.0312
dog name tag,10300,77200,High,0.1334
gift for dog lover,9900,532500,Very low,0.0186
dog costume,9900,131700,Very low,0.0752
dog tag personalized,9900,57200,Very high,0.1731
dog halloween costume,9400,72800,Very low,0.1291
dog tags personalized,8900,62500,Very high,0.1424
engraved dog collar,8800,53700,Very low,0.1639
embroidered dog collar,8700,41400,Very low,0.2101
dog collar charm,8300,32600,Very low,0.2546
dog collar leather,8200,93200,Very low,0.088
personalized dog gift,8000,225300,Very low,0.0355
dog collars personalized,7900,73600,Very low,0.1073
dog gifts personalized,7800,271000,Very low,0.0288
dog collar and leash set,7600,23500,Very low,0.3234
dog collar lead,7500,22200,Very low,0.3378
dog gifts for owners,7400,213700,Very low,0.0346
dog collar boy,7400,34400,Very low,0.2151
dog collar charms,7400,16300,Very low,0.454
dog collar girl,7400,51500,Very low,0.1437
dog collar and leash,7400,78300,Very low,0.0945
unique dog collar,7300,61200,Very low,0.1193
collars for dogs,7300,49900,Very low,0.1463
gift for dog lovers,7300,136300,Very low,0.0536
dog collar name tag,7200,86000,Very low,0.0837
dog collar set,7200,62000,Very low,0.1161
dog collars with name,7100,62300,Very low,0.114
dog gift box,7100,52500,Very low,0.1352
personalized dog collar boy,7100,18100,Very low,0.3923
dog portrait from photo,7100,54200,Typical,0.131
personalized dog tag necklace,7000,11300,Very low,0.6195
dog collar with name plate,7000,13000,Very low,0.5385
dog collars leather,7000,42200,Very low,0.1659
dog collar plaid,6900,21800,Very low,0.3165
personalized dog collar and leash,6900,52400,Very low,0.1317
dog gifts for men,6900,71400,Very low,0.0966
dog gifts for women,6900,102300,Very low,0.0674
dog gift basket,6900,53900,Very low,0.128
personalized dog collar with name,6900,55900,Very low,0.1234
embroidered dog collar personalized,6900,37500,Very low,0.184
custom dog collar with name,6900,56500,Very low,0.1221
collars for dog,6800,124100,Very low,0.0548
dog collars boy,6800,21200,Very low,0.3208
dog collar personalized buckle,6800,22000,Very low,0.3091
personalized dog collar girl,6800,19900,Very low,0.3417
custom dog collar tag,6800,93700,Very low,0.0726
dog collar with name pink,6800,19400,Very low,0.3505
dog gift bag,6700,92500,Very low,0.0724
engraved dog collar tag,6700,33200,Very low,0.2018
adjustable dog collar,6700,58500,Very low,0.1145
dog collars and leash,6700,76800,Very low,0.0872
dog collar tag personalized,6700,37300,Very low,0.1796
personalized dog collar with bow,6700,18400,Very low,0.3641
dog collar engraved,6700,53100,Very low,0.1262
personalized dog tag for collar,6700,37800,Very low,0.1772
personalized collar dogs,6700,40600,Very low,0.165
dog collars and leashes set white,6700,9000,Very low,0.7444
dog collar personalized girl,6700,24400,Very low,0.2746
embroidered dog collar with buckle,6700,17900,Very low,0.3743
personalized dog gifts for kids,6700,40800,Very low,0.1642
personalized collar dog,6700,81000,Very low,0.0827
dog collar tag slide on,6700,9500,Very low,0.7053
dog collar with name tag engraved,6700,36200,Very low,0.1851
dog collars for girls,6700,27700,Very low,0.2419
engraved dog collars girl,6700,16900,Very low,0.3964
dog collar tags engraved,6700,33200,Very low,0.2018
dog collar and leash holder,6700,11700,Very low,0.5726
dog collar personalized and leash,6700,54900,Very low,0.122
dog collar name waterproof,6700,44100,Very low,0.1519
custom dog collar and leash,6700,63200,Very low,0.106
personalized dog tag necklace for men,6600,7800,Very low,0.8462
personalized dog tag with name,6600,42400,Very low,0.1557
dog collar name on buckle,6600,19700,Very low,0.335
dog collar personalized boy,6600,18300,Very low,0.3607
dog collar and leash sharks,6600,7000,Very low,0.9429
personalized dog collar for small dogs,6600,26900,Very low,0.2454
engraved dog collar american,6600,12300,Very low,0.5366
dog collar personalized martingale,6600,17400,Very low,0.3793
dog collar leather handmade carved,6600,12000,Very low,0.55
dog collars plaid,6600,15800,Very low,0.4177
dog gifts memorial,6600,258500,Very low,0.0255
dog collar name tag engraved,6600,34000,Very low,0.1941
dog collar leather personalized,6600,37000,Very low,0.1784
dog collar with name and buckle,6600,23700,Very low,0.2785
dog collars with charms,6600,17000,Very low,0.3882
dog collars with name plates,6600,13900,Very low,0.4748
dog collar leather handmade,6600,37600,Very low,0.1755
dog collars engraved,6600,53700,Very low,0.1229
dog collar name,6600,144700,Very low,0.0456
dog collar nameplate,6600,9300,Very low,0.7097
dog collar personalized rolled,6600,11800,Very low,0.5593
dog collar with name and number,6600,14800,Very low,0.4459
dog collars with name and phone number,6600,15000,Very low,0.44
dog collar tag oscar essa,6600,7000,Very low,0.9429
personalized dog gifts for men,6600,23700,Very low,0.2785
engraved dog collar under 10 dollars,6600,12100,Very low,0.5455
dog collars personalized and leash,6600,55700,Very low,0.1185
dog collar personalized with name,6600,57800,Very low,0.1142
dog gifts for significant other,6600,6800,Very low,0.9706
dog collar name patch,6600,7900,Very low,0.8354
dog collars and leash girl,6600,19700,Very low,0.335
dog collar engraved tag,6600,33200,Very low,0.1988
personalized dog gifts for dad,6600,42700,Very low,0.1546
dog collar name phone number,6600,15100,Very low,0.4371
dog gift bag stickers,6600,7900,Very low,0.8354
personalized dog tag heart,6600,8800,Very low,0.75
personalized dog gift for men,6600,24500,Very low,0.2694
personalized dog gifts for owners,6600,71700,Very low,0.0921
personalized dog tag for dogs,6600,25600,Very low,0.2578
embroidered dog collar martingale,6600,16400,Very low,0.4024
dog collar name plate,6600,12400,Very low,0.5323
dog collar tag custom,6600,94400,Very low,0.0699
engraved dog collar with name,6600,48800,Very low,0.1352
"personalized dog collar,adjustable",6600,42000,Very low,0.1571
dog collars boys,6600,7700,Very low,0.8571
personalized dog tag for men titanium,6500,6800,Very low,0.9559
dog collars and leash set,6500,24400,Very low,0.2664
dog collar and leash personalized,6500,52500,Very low,0.1238
dog collar leather pattern,6500,23700,Very low,0.2743
woodland forest dog collar,6500,12400,Very low,0.5242
pattern dog collar,6500,66200,Very low,0.0982
dog collar and leash set no white,6500,9000,Very low,0.7222
dog collar engraved buckle,6500,20000,Very low,0.325
dog collar with name charm,6500,17000,Very low,0.3824
dog collar with name engraved on buckle,6500,21400,Very low,0.3037
collar personalized dog,6500,76600,Very low,0.0849
webbing dog collar,6500,20900,Very low,0.311
custom dog collars with name and number,6500,15100,Very low,0.4305
dog gifts bags,6500,38600,Very low,0.1684
dog collars engraved buckle,6500,22500,Very low,0.2889
engraved dog collar qr,6500,9600,Very low,0.6771
engraved collar tags for dogs,6500,21500,Very low,0.3023
dog collar personalized bead,6500,12800,Very low,0.5078
dog collar personalized diamonds,6500,12200,Very low,0.5328
dog collar and leash with peaches,6500,7100,Very low,0.9155
custom dog collar and leash set,6500,20000,Very low,0.325
dog gifts for dad,6500,118000,Very low,0.0551
embroidered dog collar with metal buckle,6500,12100,Very low,0.5372
dog collars personalized boy,6500,18600,Very low,0.3495
engraved dog collar charm,6500,11700,Very low,0.5556
dog collars personalized with diamonds,6500,12100,Very low,0.5372
custom dog collar leather,6500,92900,Very low,0.07
pet gifts for dog moms,6500,239100,Very low,0.0272
dog collar tag charm,6500,21000,Very low,0.3095
unique dog collar for male,6500,12100,Very low,0.5372
personalized dog collar leather pink,6500,16300,Very low,0.3988
dog collar with name beads,6500,16400,Very low,0.3963
collars and leashes dog,6500,79100,Very low,0.0822
dog gifts boxes,6500,23900,Very low,0.272
dog collar personalized leather,6500,36400,Very low,0.1786
personalized dog collar tag,6500,38800,Very low,0.1675
embroidered dog collar brown,6500,13500,Very low,0.4815
dog collar tag silicone,6500,21100,Very low,0.3081
pet collars webbing dog collar personal,6500,9300,Very low,0.6989
dog collars tags,6500,42800,Very low,0.1519
dog collars and leashes personalized,6500,54300,Very low,0.1197
earrings,154900,1100000,Very low,0.1408
silver earrings,47900,1100000,Very low,0.0435
gold earrings,46000,969800,Very low,0.0474
stud earrings,40300,547700,Very low,0.0736
earrings for women,38400,1200000,Very low,0.032
sterling silver earrings,36400,553500,Very low,0.0658
hoop earrings,32700.000000000004,316100,Very low,0.1034
dangle earrings,17200,1100000,Very low,0.0156
statement earrings,15900,538700,Very low,0.0295
beaded earrings,15400,449200,Very low,0.0343
opal earrings,15100,52300,Very low,0.2887
mickey ears,14500,60500,Very low,0.2397
ear numbers,14500,5400,Very low,2.6852
diamond earrings,13700,178500,Very low,0.0768
cat ears,12800,26500,Very low,0.483
vintage earrings,12700,442300,Very low,0.0287
puppy ears,12200,11400,Very low,1.0702
earring,11800,1700000,Very low,0.0069
14k gold earrings,11800,188700,Very low,0.0625
earring stack,11000,91000,Very low,0.1209
solid gold earrings,10900,124000,Very low,0.0879
boho earrings,10500,664200,Very low,0.0158
cartilage earring,10500,157600,Typical,0.0666
drop earrings,10000,1100000,Very low,0.0091
earrings gold,9700,928300,Very low,0.0104
clay earrings,9100,138300,Very low,0.0658
mens earrings,9100,306100,Very low,0.0297
ear cuffs,9000,28700,Very low,0.3136
earrings dangle,8900,1200000,Very low,0.0074
unique earrings,8700,590700,Very low,0.0147
earrings silver,8400,1100000,Very low,0.0076
emerald earrings,8400,64800,Very low,0.1296
polymer clay earrings,8300,115900,Very low,0.0716
jade earrings,8000,22500,Very low,0.3556
fun earrings,7900,109300,Very low,0.0723
gothic earrings,7700,53400,Very low,0.1442
flat back stud earrings,7600,41400,Typical,0.1836
elf ears,7600,6900,Typical,1.1014
rose gold earrings,7600,173100,Very low,0.0439
earrings women,7400,1100000,Very low,0.0067
handmade earrings,7400,686100,Very low,0.0108
flower earrings,7000,397200,Very low,0.0176
ear weights,7000,11000,Very low,0.6364
garnet earrings,7000,30000,Very low,0.2333
chandelier earrings,6800,46000,Very low,0.1478
dolly parton earrings,6600,6800,Typical,0.9706
funky earrings,6600,32600,Very low,0.2025
hypoallergenic earrings,6500,190500,Very low,0.0341
art deco earrings,6200,130800.00000000001,Very low,0.0474
stainless steel earrings,6200,176500,Very low,0.0351
earring stack set,6100,24000,Very low,0.2542
dangle & drop earrings,6100,826500,Very low,0.0074
chanel earrings,6100,6000,Very low,1.0167
minnie ears,6100,45500,Very low,0.1341
lab grown diamond earrings,6000,36200,Very low,0.1657
bunny ears,5900,29800,Very low,0.198
earring set,5600,457300,Very low,0.0122
dog ears,5600,23500,Very low,0.2383
baroque pearl earrings,5500,14800,Very low,0.3716
crystal earrings,5500,311400,Very low,0.0177
kemonomimi ears,5500,6900,Very low,0.7971
whimsical earrings,5400,40700,Very low,0.1327
conch earrings,5400,56000,Very low,0.0964
football earrings,5400,18100,High,0.2983
symmetrical pear drop earrings,5400,19600,Very low,0.2755
aquamarine earrings,5300,23500,Very low,0.2255
ruby earrings,5200,40800,Very low,0.1275
indian earrings,5200,74500,Very low,0.0698
blue earrings,5100,422500,Very low,0.0121
black earrings,5100,242200,Very low,0.0211
cute earrings,5100,168600,Very low,0.0302
green earrings,5000,289400,Very low,0.0173
red earrings,4900,196400,Very low,0.0249
flatback earrings,4900,16600,Very low,0.2952
minimalist earrings,4800,356600,Very low,0.0135
white gold earrings,4800,217000,Very low,0.0221
screw back earrings,4700,44300,Very low,0.1061
gemstone earrings,4700,510400,Very low,0.0092
pink earrings,4600,285100,Very low,0.0161
gold dangle earrings,4500,487900,Very low,0.0092
chain earrings,4400,87600,Very low,0.0502
jhumka earrings,4400,19500,Very low,0.2256
fox ears,4300,8600,Very low,0.5
fish earrings,4300,31100,Very low,0.1383
amber earrings,4200,15800,Very low,0.2658
resin earrings,4100,102800,Very low,0.0399
daith earring,4100,54200,Very low,0.0756
ear gauges,4100,26100,Very low,0.1571
dangly earrings,4100,1200000,Very low,0.0034
small hoop earrings,4100,92300,Typical,0.0444
acrylic earrings,4000,79800,Very low,0.0501
titanium hoop earrings,4000,29300,Typical,0.1365
gold drop earrings,3900,440800,Very low,0.0088
citrine earrings,3800,20700,Very low,0.1836
earings woman,3600,427200,Very low,0.0084
book earrings,3600,19500,Typical,0.1846
ears,3500,676600,Very low,0.0052
lab diamond earrings,3500,45800,Very low,0.0764
pearl stud earrings,3500,72400,High,0.0483
leather earrings,3400,58600,Very low,0.058
cat ears and tail,3100,6500,Very low,0.4769
haunted mansion ears,2900,8200,High,0.3537
gold earring stack,2800,66700,Very low,0.042
vivienne westwood earrings,2600,3500,Very low,0.7429
disney-ear headband,2300,33300,Very low,0.0691
disney ears,6,50700,Very low,0.0001
embroidery,49100,1600000,Very low,0.0307
cross stitch patterns,77400,512500,Very low,0.151
cross stitch kit,32400,677400,Very low,0.0478
embroidery kit,29300,1400000,Very low,0.0209
needlepoint kit,20900,347100,Very low,0.0602
embroidery design,10900,1300000,Very low,0.0084
needlepoint kits,9200,212400,Very low,0.0433
punch needle kit,9100,15700,Very low,0.5796
custom embroidery,8400,697600,Typical,0.012
embroidery pattern,7300,1500000,Very low,0.0049
embroidered patches,5400,205700,Very low,0.0263
embroidered tote bag,4900,57000,High,0.086
hand embroidery patterns,4900,127500,Very low,0.0384
hand embroidery,4700,320300,Very low,0.0147
embroidered gifts,4500,912400,Very low,0.0049
machine embroidery,4000,794500,Typical,0.005
textile art,4000,357700,Very low,0.0112
embroidered jacket,3600,135800,Very low,0.0265
embroidered pillow,3500,85400,Very low,0.041
embroidery hoop,3200,115400,Typical,0.0277
embroidery digitizing,3000,39000,Very high,0.0769
fiber art,2900,486600,Very low,0.006
embroidery kits for beginners,2900,129300.00000000001,Very low,0.0224
embroidery art,2700,630400,Very low,0.0043
embroidery scissors,2400,11000,Typical,0.2182
embroidery gifts,2200,626600,Very low,0.0035
embroidery kits for adults,2200,28300,Very low,0.0777
embroidery supplies,1700,1500000,Very low,0.0011
embroidery thread,1500,116800,High,0.0128
custom embroidered patches,1500,77700,Very high,0.0193
embroidered clothing,1500,714700,Very low,0.0021
fabric art,1400,1100000,Very low,0.0013
vintage embroidery,1400,482200,Very low,0.0029
embroidery wall art,1400,240600,Very low,0.0058
personalized embroidery,1300,197800,Very low,0.0066
embroidery fabric,1300,575300,Typical,0.0023
embroidery machine,1200,722100,Very low,0.0017
floral embroidery,1100,450800,Very low,0.0024
embroidery hoop art,1100,105500,Very low,0.0104
embroidery tools,1000,788600,Very low,0.0013
embroidered bags,995,174000,High,0.0057
embroidery hoops,906,88800,Typical,0.0102
monogram embroidery,886,147700,Typical,0.006
embroidery gift,885,662500,Very low,0.0013
embroidery transfers,854,39900,Very low,0.0214
embroidery starter kit,775,21000,Very low,0.0369
embroidery sampler,732,40500,Very low,0.0181
embroidered wall hanging,719,22900,Very low,0.0314
embroidered tapestry,625,20000,Very low,0.0313
embroidery flowers,609,200500,Very low,0.003
diy embroidery,584,258600.00000000003,Very low,0.0023
animal embroidery,545,287000,Very low,0.0019
embroidery pattern pdf,542,522799.99999999994,Typical,0.001
modern embroidery,467,171200,Very low,0.0027
thread painting,451,7300,Very low,0.0618
stitch art,446,374100,Very low,0.0012
embroidered decor,392,358700,Very low,0.0011
embroidery monogram,387,182000,High,0.0021
embroidery stitches,365,390300,Very high,0.0009
embroidery kit adult,344,45100,Very low,0.0076
embroidered monogram,341,200700,Very low,0.0017
embroidery clothing,339,464900,Very low,0.0007
botanical embroidery,338,57300,Very low,0.0059
hand stitched,336,153600,Very low,0.0022
embroidery canvas,333,373700,Very low,0.0009
embroidered badge,320,86600,High,0.0037
embroidery transfer,306,55700,Very low,0.0055
embroidery wall hanging,290,73200,Very low,0.004
embroidered patches custom,286,77400,Very high,0.0037
embroidery project,276,211600,Very low,0.0013
embroidery decor,274,520500,Very low,0.0005
embroidery craft,271,974500,Typical,0.0003
embroidery starter,263,47100,Very low,0.0056
sewing crafts,235,1300000,Very low,0.0002
embroidery wall decor,211,247300,Very low,0.0009
embroidery craft kit,198,440900,High,0.0004
needlework supplies,186,136900,Very low,0.0014
thread art,178,52200,Very low,0.0034
embroidery beginner kit,161,297100,Very high,0.0005
embroidered home decor,153,204800,Very low,0.0007
stitch patterns,148,776100,Very low,0.0002
abstract embroidery,139,40600,Very low,0.0034
decorative stitching,117,29500,Very low,0.004
embroidery hoop decor,105,94700,Very low,0.0011
embroidery stitch guide,98,40700,Very high,0.0024
embroidery needle,98,100300,Typical,0.001
embroidery for clothes,96,54200,Very low,0.0018
embroidery designs for machine,88,277600,Typical,0.0003
embroidered accessories,87,484900,Very low,0.0002
custom embroidery art,86,187600,Typical,0.0005
creative stitching,84,25500,Very low,0.0033
needle art,80,105800,Very low,0.0008
embroidery services,69,11300,Typical,0.0061
embroidered hoops,68,23900,Very low,0.0028
embroidery kit for adults,68,37900,Very low,0.0018
embroidery pattern book,68,49200,Very low,0.0014
needle arts,64,86700,Very low,0.0007
custom pet portrait embroidery,55,15600,Very low,0.0035
embroidery personalized,47,170200,Very low,0.0003
embroidery kit for kids,43,134100,High,0.0003
embroidery pattern floral,39,450700,Very high,0.0001
needlecrafts,38,1600000,Very low,0
embroidery kit for teens,37,4200,Very low,0.0088
embroidery pattern digital,32,551300,Typical,0.0001
embroidery sewing machine,29,609500,Very low,0
handmade textiles,26,197700,Very low,0.0001
embroidery floss set,25,28700,Very low,0.0009
textile crafts,25,164100,Very low,0.0002
needle embroidery,22,102100,Very low,0.0002
embroidery patterns printable,22,188300,Very low,0.0001
sewing embroidery,22,2000000,Typical,0
embroidered sampler,21,5500,Very low,0.0038
embroidery artist,21,86300,Very low,0.0002
customizable patches,20,83100,Very low,0.0002
embroidery art print,19,79900,Very low,0.0002
embroidery project kit,19,331600,Very low,0.0001
textile artist,16,15200,Very low,0.0011
embroidery kit landscape,15,44200,Typical,0.0003
embroidery kit animal,15,325100,Very low,0
embroidery stitching,15,545400,Very low,0
embroidery tutorials,14,155700,Very low,0.0001
embroidery gifts for her,12,116400,Very low,0.0001
embroidery needle set,12,341600,Very high,0
embroidery patterns for sale,12,537800,Very low,0
embroidered portraits,11,14400,Very low,0.0008
artistic embroidery,11,31800,Very low,0.0003
embroidery kit with hoop,11,80000,Very low,0.0001
custom fabric art,10,134900,Very high,0.0001
embroidery by hand,10,159100,Very low,0.0001
embroidery hoop gifts,9,25500,Very low,0.0004
embroidery craft supplies,9,1300000,Very low,0
embroidery decorations,8,50600,Very low,0.0002
handcrafted textiles,7,6100,Very low,0.0011
embroidery hoop crafts,7,30600,Very low,0.0002
embroidery online,7,31500,Very low,0.0002
embroidery textile art,7,67700,Very low,0.0001
embroidery kit with pattern,7,1500000,Very low,0
embroidery kit with frame,6,21200,Very low,0.0003
embroidery kit for girls,5,6900,Very low,0.0007
embroidery kit with instructions,4,20900,Very high,0.0002
custom stitch work,3,1900,Very low,0.0016
embroidery kit for tote bag,3,6900,Very low,0.0004
embroidery kit for boys,3,7000,Very high,0.0004
embroidery techniques,3,8700,Very low,0.0003
embroidery kit for bookmark,3,11000,Very low,0.0003
embroidery art prints,3,105500,Very low,0
embroidery tools kit,3,259899.99999999997,Very low,0
embroidery kit handmade,3,306600,Very low,0
embroidery workshop,2,1800,Very low,0.0011
embroidery technique,2,9400,Very high,0.0002
embroidery starter pack,2,14300,Very low,0.0001
embroidery kit portrait,2,29200,Very low,0.0001
embroidery kit with threads,1,7000,Very low,0.0001
embroidery kit for wall hanging,1,8100,Very low,0.0001
embroidered,46600,1500000,Very low,0.0311
embroidered hat,10100,286000,High,0.0353
embroidered baby blanket,6100,48700,High,0.1253
embroidered handkerchief,4900,16700,Very high,0.2934
embroidered wall art,4700,50400,Very low,0.0933
embroidered name patch,4200,30900,Very high,0.1359
embroidered fabric,3900,217100,Very low,0.018
embroidered blanket,3300,67500,Typical,0.0489
embroidered dress,2300,126200,Very low,0.0182
embroidered apron,2100,32400,High,0.0648
embroidered curtains,2000,10700,Very low,0.1869
embroidered towels,2000,80100,High,0.025
embroidered art,2000,170700,Very low,0.0117
hand embroidered,1900,169100,Very low,0.0112
embroidered christmas stocking,1700,14200,Typical,0.1197
embroidered backpack,1600,94200,Typical,0.017
needlepoint art,1600,242000,Very low,0.0066
embroidered shoes,1500,30200,Very low,0.0497
embroidered tablecloth,1500,18600,Very low,0.0806
embroidered towel,1500,70600,High,0.0212
embroidery shirt,1400,288500,Very low,0.0049
embroidered pillows,1300,94700,Very low,0.0137
embroidered pillow cover,1300,67800,Very low,0.0192
embroidered table runner,1200,15000,Very low,0.08
embroidery floss organizer,1100,6400,Very low,0.1719
embroidered tote bags,907,68900,Very high,0.0132
embroidered wedding gift,901,115800,Very low,0.0078
embroidered applique,901,203500,Very low,0.0044
embroidered denim jacket,880,20300,Very low,0.0433
embroidery book,879,71700,Very low,0.0123
embroidered flowers,688,169900,Very low,0.004
embroidered wedding veil,659,18200,Very low,0.0362
embroidered denim,650,40700,Very low,0.016
embroidered wedding,650,291100,Typical,0.0022
embroidery tote bag,583,49300,Very low,0.0118
embroidered linen,560,181400,Very low,0.0031
embroidered pet portrait,557,14300,Typical,0.039
personalized patches,539,59000,Very high,0.0091
embroidered cat collar,510,18600,High,0.0274
embroidered baby onesie,502,35200,Very high,0.0143
embroidery needles,477,35400,Very high,0.0135
embroidery accessories,450,296400,Very low,0.0015
embroidered logo,421,125300,Typical,0.0034
embroidery jacket,414,120600,Very low,0.0034
cross stitch decor,400,260200,Very low,0.0015
embroidered pillow cases,388,40800,Typical,0.0095
embroidered name tags,363,32700.000000000004,Very high,0.0111
embroidered baby blankets,357,30100,High,0.0119
embroidered canvas,355,151900,Very low,0.0023
embroidered hoop art,317,16200,Very low,0.0196
embroidered keepsake,314,69500,Very low,0.0045
needlework art,279,102500,Very low,0.0027
embroidered animal,241,169200,Very low,0.0014
embroidered kitchen towel,234,49100,Very low,0.0048
embroidered bath towels,227,35700,Typical,0.0064
embroidered nursery decor,208,61200,Very low,0.0034
embroidered picture frame,206,8400,Very low,0.0245
embroidered bedding,186,65600,Very low,0.0028
embroidered artwork,165,12800,Very low,0.0129
embroidered silk,151,73000,Very low,0.0021
embroidery patches custom,142,72700,High,0.002
embroidery patterns for beginners,135,195100,Very high,0.0007
embroidered custom shirt,132,165800,Very high,0.0008
embroidered book cover,127,9000,Very low,0.0141
embroidered cotton,127,443600,Very low,0.0003
embroidered journal cover,126,7900,Very low,0.0159
embroidered custom hat,119,111900,Very high,0.0011
embroidered wedding gifts,115,129900,Very low,0.0009
embroidery transfer paper,91,25100,Very low,0.0036
embroidered vintage,62,277800,Very low,0.0002
embroidered jacket custom,57,83900,Very low,0.0007
embroidery design software,48,162400,Very low,0.0003
embroidered shirts personalized,45,165300,Typical,0.0003
embroidered housewarming gift,40,41900,Very low,0.001
embroidered wedding decor,39,164900,Very low,0.0002
embroidered floral art,38,60900,Very low,0.0006
embroidered anniversary gift,34,87800,Very high,0.0004
embroidered custom tote bag,31,40800,Very low,0.0008
embroidered pet bandana,28,12400,High,0.0023
embroidered gifts for her,28,180000,Typical,0.0002
embroidered landscape,25,11900,Very low,0.0021
embroidered textile art,24,17200,Very low,0.0014
unique textile art,22,100900,Very low,0.0002
embroidered custom patches,19,56600,Very high,0.0003
embroidered gifts for him,18,6900,Very high,0.0026
embroidered goth,18,13900,Very low,0.0013
embroidered hoops art,16,7700,Very low,0.0021
embroidered teacher gift,16,28800,Very high,0.0006
embroidered baby shoes,15,5400,Very low,0.0028
embroidered animal art,15,7700,Very low,0.0019
embroidered personalized ornament,13,8700,Very low,0.0015
embroidered fabric patches,12,39800,Very low,0.0003
embroidered shirt design,12,46300,Very low,0.0003
embroidered floral tote bag,11,15500,Very low,0.0007
embroidered lettering,10,6000,Very low,0.0017
embroidered celestial,9,14700,Typical,0.0006
embroidered textiles,8,26500,Very low,0.0003
custom sewn gifts,7,32700.000000000004,Very low,0.0002
embroidered stationery,6,27400,Very low,0.0002
embroidered animal designs,5,4100,Very low,0.0012
embroidered patch maker,5,5400,Very low,0.0009
embroidered custom bandana,5,33600,Very low,0.0001
embroidered crafts,4,6400,Very low,0.0006
custom sewn patches,2,4300,Very low,0.0005
stitched details,1,4000,Very low,0.0003
embroidered personalized bookmark,1,6800,Very low,0.0001
embroidered minimalist,1,7200,Very low,0.0001
engaged,4700,104900,Typical,0.0448
engagement card,15500,86100,Very high,0.18
engagement party decor,12400,155300,Typical,0.0798
engagement ornament,10300,51900,High,0.1985
engagement ring dish,8200,19500,Very high,0.4205
engagement gift ideas,6700,98100,High,0.0683
engagement ring holder,5600,35400,Typical,0.1582
engagement decor,3500,278500,High,0.0126
engagement sign,2600,77100,Typical,0.0337
engagement banner,2400,37100,Typical,0.0647
proposal gift,2300,220700,Very low,0.0104
fiance gift,2100,26300,Typical,0.0798
engaged gifts,2100,57500,Very high,0.0365
engagement gift box,1900,59800,Typical,0.0318
engagement frame,1900,35100,Typical,0.0541
engagement gift for him,1800,48500,Very low,0.0371
engagement party games,1800,54500,Typical,0.033
fiance gifts,1800,30100,Typical,0.0598
personalized engagement gift,1600,175500,Very high,0.0091
she said yes,1600,11200,High,0.1429
engagement favors,1400,54700,Very low,0.0256
engagement party invitations,1300,54900,Very low,0.0237
newly engaged,1200,28700,Typical,0.0418
just engaged,1100,21400,High,0.0514
engagement photo frame,1000,13400,Very high,0.0746
engagement gift for her,1000,202700,Typical,0.0049
engagement mug,1000,19700,High,0.0508
engagement party banner,846,38100,Typical,0.0222
fiance shirt,831,18500,High,0.0449
engagement photo album,759,10100,Typical,0.0751
engagement photo,700,75800,High,0.0092
future mrs gift,536,45200,Typical,0.0119
proposal gifts,398,206800,Very low,0.0019
engagement photo props,352,55200,Very low,0.0064
engagement party backdrop,335,20000,Very low,0.0168
engagement necklace,307,153100,Very low,0.002
engagement backdrop,265,17400,Very low,0.0152
future husband gift,249,11200,Typical,0.0222
engagement album,228,10700,Very low,0.0213
bridgerton wedding,227,10500,Very low,0.0216
engagement party signage,161,27500,Very low,0.0059
engagement accessories,148,81500,Very low,0.0018
engagement ring box wood,144,9100,Typical,0.0158
engagement jewelry,132,1800000,Very low,0.0001
engagement photos,122,60800,Very low,0.002
engagement celebration,118,178100,Very low,0.0007
engagement ideas,115,126500,Typical,0.0009
engagement bracelet,98,73200,Very low,0.0013
engagement gift personalized,93,278400,High,0.0003
engagement earrings,91,76400,Very low,0.0012
engagement outfit,90,30200,Very low,0.003
proposal gift for her,69,119700,Very low,0.0006
engagement photo album personalized,36,9300,Typical,0.0039
engagement party banner personalized,36,14100,Very high,0.0026
engagement photoshoot,33,10200,Typical,0.0032
engagement outfit women,22,25600,Very high,0.0009
engagement shoot,22,33700,Very low,0.0007
engagement surprise,19,18100,Very low,0.001
future groom,17,77500,Very high,0.0002
proposal gift for him,14,7000,Very low,0.002
engagement proposal box,14,29400,Very low,0.0005
engagement proposal ideas,13,427800,Very low,0
engagement celebration ideas,10,237900,Very low,0
romantic proposal,9,20600,Very low,0.0004
future wife gift,8,27200,Very high,0.0003
engagement ring pillow,6,927,Very low,0.0065
engaged groom,4,28300,Very low,0.0001
bridgerton engagement,2,7100,Very low,0.0003
engagement photo booth,2,7900,Very low,0.0003
engagement season,2,20500,Very low,0.0001
engaged bride,2,63000,Very low,0
engaged party supplies,2,293000,Very low,0
engagement photoshoot ideas,1,1100,Very low,0.0009
royal engagement,1,33500,Very low,0
engagement bridal shower,1,266200,Very low,0
engagement,15600,2700000,Typical,0.0058
engagement gifts,138600,1100000,High,0.126
moissanite engagement ring,37900,651600,Very low,0.0582
wedding bands,34800,618500,Very low,0.0563
promise ring,33800,740800,Very low,0.0456
gold rings,24700,1400000,Very low,0.0176
engagement ring set,24600,353700,Very low,0.0696
stackable rings,22000,368100,Very low,0.0598
vintage engagement ring,20200,587500,Very low,0.0344
lab grown diamond ring,16400,347200,Very low,0.0472
lab grown diamond,9800,457600,Very low,0.0214
statement ring,9000,1100000,Very low,0.0082
gold wedding band,8700,887100,Very low,0.0098
wedding band set,8200,266800,Very low,0.0307
diamond engagement ring,7600,849700,Very low,0.0089
couples gift,7500,245200,Very low,0.0306
engagement gifts for couples,7200,146200,Very low,0.0492
couples rings,7000,57700,Very low,0.1213
romantic gifts,6400,464900,Very low,0.0138
fine jewelry,6400,268200,Very low,0.0239
gold engagement ring,6100,1100000,Very low,0.0055
ring bearer box,6000,16500,Typical,0.3636
eternity band,5100,158200,Very low,0.0322
minimalist ring,4300,842000,Very low,0.0051
engagement ring gold,4100,954200,Very low,0.0043
couples jewelry,3700,104100,Very low,0.0355
platinum ring,3700,304900,Very low,0.0121
engagement gifts for her,3600,490900,High,0.0073
romantic gift,3300,289400,Very low,0.0114
solitaire ring,2800,345000,Very low,0.0081
his and hers rings,2700,16800,Very low,0.1607
couples ring set,2600,22100,Very low,0.1176
unique engagement rings,2600,420200,Very low,0.0062
proposal box,2300,55600,Typical,0.0414
wedding set,2200,1400000,Very low,0.0016
engagement ring silver,2100,904700,Very low,0.0023
custom engagement ring,2000,446700,Very low,0.0045
three stone ring,2000,92900,Very low,0.0215
engraved rings,1800,226700,Typical,0.0079
engagement ring vintage,1700,599200,Very low,0.0028
newly engaged gifts,1600,18300,Typical,0.0874
anniversary band,1500,733900,Very low,0.002
halo ring,1300,258100.00000000003,Very low,0.005
rose gold band,1200,576300,Very low,0.0021
gemstone engagement ring,1200,837200,Very low,0.0014
proposal ring,1200,163300,Very low,0.0073
engagement ring moissanite,1100,629400,Very low,0.0017
vintage style ring,1100,372500,Very low,0.003
anillos de oro,1000,1600000,Very low,0.0006
engagement ring diamond,970,748000,Very low,0.0013
halo engagement ring,932,245100,Very low,0.0038
anillos de boda,772,1100000,Very low,0.0007
engagement ring unique,766,657000,Very low,0.0012
engagement ring lab grown,569,440500,Very low,0.0013
handmade engagement ring,512,353300,Very low,0.0014
wedding proposal,502,270400,Very high,0.0019
engagement ring emerald,496,263500,Very low,0.0019
custom engagement,493,798800,Typical,0.0006
engagement ring sapphire,482,158800,Very low,0.003
personalized engagement,453,287100,Very high,0.0016
modern engagement ring,412,174900,Very low,0.0024
engraved band,400,131900,Very low,0.003
engagement ring setting,335,104700,Very low,0.0032
vintage engagement,312,751100,Very low,0.0004
platinum rings,263,230400,Very low,0.0011
engagement set,260,457600,Very low,0.0006
unique engagement,256,801600,Very low,0.0003
forever ring,224,15200,Very low,0.0147
diamond bands,168,426600,Very low,0.0004
anillos pareja,158,59100,Very low,0.0027
engagement ring band,156,1000000,Very low,0.0002
engagement ring minimalist,147,325400,Very low,0.0005
engagement ring alternative,127,147900,Very low,0.0009
engagement decor ideas,92,102200,Typical,0.0009
engagement ring box personalized,85,9700,High,0.0088
diamond solitaire,85,270500,Very low,0.0003
engagement ring cushion,71,96500,Very low,0.0007
engagement ring custom,67,406000,Very low,0.0002
special occasion jewelry,64,145900,Very low,0.0004
diamond engagement,61,790100,Very low,0.0001
artisan engagement ring,57,45400,Very low,0.0013
engagement ring settings,52,65200,Very low,0.0008
engagement ring modern,46,245900,Very low,0.0002
engagement ring couple,40,66100,Very low,0.0006
surprise proposal,33,17700,Typical,0.0019
engagement ring box leather,30,7200,Typical,0.0042
engagement photo backdrop,30,15700,Very low,0.0019
groom to be gift,30,199600,Very high,0.0002
engagement ring box velvet,27,13200,Very high,0.002
getting engaged,25,14700,Very low,0.0017
relationship milestone,19,18700,Typical,0.001
commitment jewelry,16,13300,Very low,0.0012
engagement hair accessories,15,7800,Very low,0.0019
engagement ceremony decor,14,19400,Very low,0.0007
symbol of love,13,119500,Very low,0.0001
engagement photo ideas,11,18200,Very low,0.0006
alternative engagement,11,144600,Very low,0.0001
dream engagement ring,10,2700,Very low,0.0037
love story jewelry,8,7100,Very low,0.0011
halo setting ring,6,25100,Very low,0.0002
compromiso alternativo,5,41900,Very low,0.0001
engagement ring affordable,5,46600,Very low,0.0001
regalo futura esposa,3,17300,Very low,0.0002
compromiso personalizado,2,4500,Very low,0.0004
engagement ceremony,2,12800,Very low,0.0002
engagement outfit ideas,2,16800,Very low,0.0001
father,651,1300000,Very low,0.0005
mens gifts,19900,2200000,Very low,0.009
father of the bride gift,19200,27400,High,0.7007
mens jewelry,17700,749700,Very low,0.0236
unique gifts for men,9000,527200,Very low,0.0171
gifts for men who have everything,7500,4900,Very low,1.5306
mens watch,7000,107000,Very low,0.0654
gift for brother,5300,108000,Very low,0.0491
mens hats,4700,298500,Very low,0.0157
gifts for dad from daughter,4200,41200,Very low,0.1019
mens wall art,4100,530500,Very low,0.0077
father daughter gift,2700,86200,Very low,0.0313
gift for grandpa,2400,77800,Very low,0.0308
gift for groom,2300,234500,Typical,0.0098
golf gift for dad,2100,55500,Very low,0.0378
mens travel bag,1400,20300,Typical,0.069
mens accessories,1400,817000,Very low,0.0017
gift for uncle,1300,25600,Very low,0.0508
custom dad gift,845,533600,High,0.0016
mens home decor,761,633400,Very low,0.0012
mens graduation gift,618,140500,Very low,0.0044
mens stocking stuffers,527,18200,Very low,0.029
mens dopp kit,402,14600,Very high,0.0275
dad whiskey glass,395,13100,High,0.0302
gifts for father in law,374,12400,Very low,0.0302
hat for dad,345,151900,High,0.0023
father son gift,332,86100,Very low,0.0039
grill master gift,323,21000,Very low,0.0154
new dad survival kit,297,4900,Very low,0.0606
dad gift ideas,293,204900,Very low,0.0014
stepdad gift,269,12700,Very high,0.0212
fishing gift for dad,267,39100,Very low,0.0068
dad hat gift,249,194200,Very low,0.0013
mug for dad,245,118600,Typical,0.0021
sports fan gift,226,587500,Very low,0.0004
gamer gift for him,217,151500,Very low,0.0014
mens birthday present,157,93700,Very low,0.0017
gift for male friend,134,9200,Very low,0.0146
gift ideas for dad,131,298100,Very low,0.0004
mens keepsake gifts,127,74700,Very low,0.0017
gift for dad from son,124,21700,Typical,0.0057
mens car accessories,118,30700,Very low,0.0038
mens wedding gift,111,797500,Typical,0.0001
mens leather goods,98,26800,Very low,0.0037
present for men,92,387800,Very low,0.0002
appreciation gifts for men,79,76800,Very low,0.001
mens grooming kit,78,7700,Typical,0.0101
engraved gift for men,77,380400,Typical,0.0002
mens desk accessories,73,22500,Very low,0.0032
military dad gift,73,27100,Very low,0.0027
mens retirement gift,70,48000,Typical,0.0015
mens birthday presents,68,13800,Very low,0.0049
brother gift ideas,68,23600,Very low,0.0029
dad book,57,33600,Typical,0.0017
dad birthday mug,55,68700,Typical,0.0008
dad joke mug,54,20700,Very high,0.0026
birthday gift for father,52,352900,Very low,0.0001
thoughtful gift for him,50,11100,Very low,0.0045
stocking stuffer for men,49,25200,High,0.0019
mens fishing gifts,43,72000,Typical,0.0006
dad keychain gift,29,41000,Very low,0.0007
hoodie for dad,26,83700,Very low,0.0003
gifts for him dad,22,246100,Very low,0.0001
dad mug gift,21,148700,Very low,0.0001
personalized wallet for dad,20,14100,Typical,0.0014
mens thank you gift,19,22700,Very low,0.0008
dad thank you gift,18,31400,Very low,0.0006
dad beer mug,17,12700,Very low,0.0013
custom dad portrait,17,42300,Very low,0.0004
mens gag gifts,15,15300,Typical,0.001
mens mugs,14,93900,Very low,0.0001
gift for father-in-law,11,4900,Very low,0.0022
mens thank you gifts,10,33300,High,0.0003
dad wallet gift,9,17800,Very low,0.0005
mens grilling gifts,8,16400,Very low,0.0005
father-in-law gift,6,10400,Very low,0.0006
uncle gift personalized,6,18300,Very low,0.0003
mens hobby gifts,6,32700.000000000004,Very low,0.0002
dad socks gift,5,6900,Very low,0.0007
dad watch gift,4,11500,Very high,0.0003
stepdad gift ideas,3,6300,Very low,0.0005
mens drinkware,3,6900,Very low,0.0004
mens grooming products,3,6900,Very low,0.0004
mens best friend gifts,2,7100,Very low,0.0003
mens relaxation gift,2,8100,Very low,0.0002
dad apron gift,2,10600,Very low,0.0002
dad grooming kit,1,1200,Very low,0.0008
dad grilling tools,1,1400,Very low,0.0007
dad camping gear,1,2000,Very low,0.0005
dad poem gift,1,5800,Very low,0.0002
mens outdoor gear,1,7100,Very low,0.0001
mens stocking stuffer ideas,1,7200,Very low,0.0001
dad going away gift,1,8800,Very low,0.0001
best friend gift,22700,422500,Typical,0.0537
friend birthday gift,5400,455500,Typical,0.0119
friend birthday card,4100,103300,Very high,0.0397
friendship jewelry,2600,976000,Very low,0.0027
gifts for best friends,2200,73100,Very low,0.0301
friendship ornament,1800,35100,Very low,0.0513
gift for bestie,1700,41700,Typical,0.0408
friendship keepsake,1100,48200,Very low,0.0228
friendship card,1100,164800,High,0.0067
bestie birthday card,994,15100,Very high,0.0658
friendship mug,847,38300,Typical,0.0221
bestie gift ideas,784,25900,Typical,0.0303
friendship bracelet kit,727,15400,High,0.0472
gifts for my best friend,712,24500,Typical,0.0291
best friend present,404,95300,Typical,0.0042
custom friend gift,389,410200,Very low,0.0009
gift for old friend,309,227000,Very low,0.0014
friendship candle,261,12600,Very high,0.0207
friend moving away gift,245,13100,Typical,0.0187
personalized best friend gift,213,62800,Typical,0.0034
long distance friend gift,201,24300,Very low,0.0083
friend picture frame,194,17400,Very low,0.0111
friendship charm,167,391000,Very low,0.0004
friendship art,141,930300,Typical,0.0002
friend gift ideas,119,119400,Very low,0.001
friendship print,110,304600,Very low,0.0004
friendship keychains,107,18300,Very low,0.0058
bestie jewelry,104,16500,Very low,0.0063
friend leaving gift,93,10000,Very high,0.0093
friendship poem,90,12700,Very low,0.0071
gift for new friend,85,294700,Very low,0.0003
friendship shirt,79,96300,Very high,0.0008
friendship sculpture,78,9200,High,0.0085
friendship gift box,78,44400,Very low,0.0018
gift for guy friend,76,9300,Very low,0.0082
gift for my best friend,75,24300,Very low,0.0031
unique friend gift,73,870700,Very low,0.0001
friendship photo frame,70,13200,Typical,0.0053
friendship token,70,13200,Very low,0.0053
friendship gift idea,68,165500,Very low,0.0004
best friend anniversary gift,67,144300,Typical,0.0005
friendship scrapbook,67,199700,Typical,0.0003
friendship gifts for men,62,607400,High,0.0001
friendship picture frame,61,26000,High,0.0023
friendship charm bracelet,60,220800,Very low,0.0003
friendship journal,55,30900,Typical,0.0018
gift for long distance friend,53,55000,Typical,0.001
friend anniversary gift,48,234800,Very low,0.0002
friendship pin,47,29700,Very low,0.0016
friendship quote art,45,144600,Very low,0.0003
custom best friend gift,45,214600,High,0.0002
gifts for besties,42,15500,Very high,0.0027
friendship anniversary gift,40,589400,Very low,0.0001
ride or die gift,38,7900,Very low,0.0048
friendship keepsake box,38,17200,Very low,0.0022
friendship art print,35,404700,Very low,0.0001
friendship pottery,33,14200,Very low,0.0023
gifts for close friends,32,6300,High,0.0051
custom friend portrait,32,58000,Very low,0.0006
gifts for my friend,31,39100,Typical,0.0008
friendship beads,30,403000,Very low,0.0001
friendship coffee mug,28,41100,Very low,0.0007
friendship keepsake gift,25,81700,Very low,0.0003
friendship statue,24,7600,Very low,0.0032
friendship bag,24,23100,Very low,0.001
friend appreciation gift,22,67400,Very low,0.0003
best friend birthday decor,22,125000,Very low,0.0002
friendship pillow,20,9700,Very low,0.0021
friendship symbol,20,37700,Very low,0.0005
friendship decor,20,700200,Very low,0
friendship trinket dish,19,7700,Very high,0.0025
gift for dear friend,19,124100,Very low,0.0002
friendship tote bag,18,2200,Very low,0.0082
friendship notebook,18,5700,Very low,0.0032
friendship socks,17,4100,Very high,0.0041
friendship necklace set,17,83300,Very high,0.0002
friendship artwork,17,323700,Very low,0.0001
funny gift for best friend,17,427500,Very low,0
friendship gift for women,17,849700,Very low,0
gift for close friend,16,305800,Very low,0.0001
matching friend bracelets,15,5900,Very low,0.0025
friendship wine glass,14,9300,Very low,0.0015
gift for special friend,14,42400,Very high,0.0003
buddy gift ideas,14,54900,Very low,0.0003
friendship gift set,14,64099.99999999999,Very low,0.0002
friendship enamel pin,13,8200,Very low,0.0016
friendship gift ideas for women,12,12200,Very low,0.001
friendship gift basket,12,12300,Very low,0.001
friendship anniversary card,12,28200,Very high,0.0004
friendship bracelet diy,12,74100,Very low,0.0002
gal pal gift,11,7400,Very low,0.0015
gift for soul sister,11,289800,Very high,0
friendship trinket,10,679500,Very low,0
bff birthday present,8,11400,Very low,0.0007
gift for lifelong friend,8,737100,Very low,0
friendship planner,7,22300,Very low,0.0003
companion gift,5,21500,Very low,0.0002
friendship gift for him,5,63100,Very high,0.0001
friendship gift for her,5,458600,Very low,0
friendship home decor,5,556200,Very low,0
friendship memory box,4,1200,Very low,0.0033
friendship travel mug,4,6900,Very low,0.0006
friendship temporary tattoo,4,8000,Very low,0.0005
gift for friend group,4,8900,Very low,0.0004
unique best friend gift,4,285900,Very low,0
friendship themed gift,4,1600000,Very low,0
friendship gift ideas for her,4,2000000,Very low,0
buddy present,3,1600,Very low,0.0019
gift for your bff,3,2400,Very low,0.0013
gift for my bff,3,7000,Very high,0.0004
friendship gift for men,3,7200,Very low,0.0004
bff gifts for her,2,25900,Very low,0.0001
friendship scrunchie,1,1100,Very low,0.0009
partner in crime gift,1,7300,Very low,0.0001
friendship themed gifts,1,12300,Very low,0.0001
friendship water bottle,1,18500,Very low,0.0001
pal gift,1,36100,Very low,0
funny,5900,2200000,Very low,0.0027
funny stickers,17200,445000,Typical,0.0387
whimsical home decor,9000,925000,Very low,0.0097
whimsical wall art,8200,675600,Very low,0.0121
funny wall art,7100,1200000,Very low,0.0059
funny mugs,5000,387600,Very low,0.0129
quirky wall art,3800,193200,Very low,0.0197
gag gifts,3600,129699.99999999999,Very low,0.0278
quirky gifts,3400,287900,Very low,0.0118
whimsical gifts,3300,463700,Very low,0.0071
funny hats,2500,153500,Very low,0.0163
funny gifts for her,2400,439900,Very low,0.0055
funny coffee mugs,2200,312500,Very low,0.007
funny bathroom signs,2100,28700,Very low,0.0732
funny home decor,2100,1600000,Very low,0.0013
funny office decor,2000,318200,Very low,0.0063
funny socks,2000,22800,Very low,0.0877
funny coworker gift,1900,154700,Very low,0.0123
funny gag gifts,1800,131000,Very low,0.0137
funny cards,1600,450400,High,0.0036
funny coasters,1600,23900,Very low,0.0669
funny gifts for friends,1500,80300,Very low,0.0187
quirky decor,1400,331300,Very low,0.0042
novelty gifts,1400,453400,Very low,0.0031
funny desk accessories,1300,36000,Very low,0.0361
funny car accessories,1200,56300,Very low,0.0213
funny gifts for him,1200,376700,Very low,0.0032
funny keychains,1100,90400,Very low,0.0122
funny christmas gifts,1100,394300,Very low,0.0028
sarcastic gifts,1100,315400,Very low,0.0035
funny graphic tees,1100,770300,Very low,0.0014
funny sweatshirts,1100,462900,Very low,0.0024
funny wedding gift,1000,160700,Very low,0.0062
gag gifts for men,1000,35400,Very low,0.0282
funny birthday gifts,910,766300,Very low,0.0012
whimsical gift,873,818800,Very low,0.0011
whimsical art prints,809,280200,Very low,0.0029
sarcastic mug,808,89100,Very low,0.0091
sarcastic wall art,755,105600,Very low,0.0071
funny shot glasses,741,8300,Very low,0.0893
funny t-shirts,661,1100000,Very low,0.0006
quirky jewelry,655,55300,Very low,0.0118
funny gifts for dad,643,313000,Very low,0.0021
funny retirement gift,630,83700,Typical,0.0075
novelty socks,627,15500,Very low,0.0405
funny coworker gifts,555,87800,Typical,0.0063
funny teacher gift,549,329600,Very low,0.0017
funny hoodies,520,243500,Very low,0.0021
funny kitchen decor,505,481400,Very low,0.001
funny wine glasses,407,22700,Very low,0.0179
funny anniversary gifts,406,144300,Very low,0.0028
funny tote bags,344,45200,Very low,0.0076
funny mom gift,300,557900,Very low,0.0005
sarcastic humor,296,268700,Very low,0.0011
funny mom gifts,272,474700,Typical,0.0006
funny stocking stuffers,268,26300,Very low,0.0102
playful wall art,253,140000,Very high,0.0018
quirky mug,239,45700,Very low,0.0052
gag gift for him,219,32900,Very low,0.0067
funny custom gifts,212,816600,Very low,0.0003
sarcastic decor,210,172900,Very low,0.0012
quirky stickers,203,35800,Very low,0.0057
silly gift,203,179600,Very low,0.0011
humorous gift,202,1100000,Very low,0.0002
quirky gifts for men,176,65200,Very low,0.0027
funny gifts for coworkers,166,122300,Very low,0.0014
funny kitchen gifts,154,557100,Very low,0.0003
novelty home decor,150,233700,Very low,0.0006
punny gifts,139,27000,Very low,0.0051
novelty mugs,137,82100,Very low,0.0017
sarcastic office decor,118,85400,Very low,0.0014
novelty items,110,12500,Very low,0.0088
novelty gifts for men,110,166000,Very low,0.0007
playful stickers,102,105300,Very low,0.001
funny stationery,96,492000,Very low,0.0002
novelty gifts for her,93,49600,Very low,0.0019
funny tumblers,93,117000,Very low,0.0008
humorous gifts,79,1300000,Very low,0.0001
gag gifts for him,77,27800,Very low,0.0028
funny banners,76,58200,Very low,0.0013
funny invitations,71,33000,Very low,0.0022
absurdist art,69,151600,Very low,0.0005
funny gifts for brother,68,32299.999999999996,High,0.0021
quirky home accessories,64,13700,Very low,0.0047
humorous stickers,63,98300,Typical,0.0006
funny novelty gifts,63,447200,Very low,0.0001
funny unique gifts,61,159800,Very low,0.0004
witty wall art,59,189900,High,0.0003
funny adult humor,59,460100,Very low,0.0001
humor wall art,57,231800,Very low,0.0002
funny quote art,49,342800,Very low,0.0001
sarcastic home decor,47,460000,Very low,0.0001
whimsical home goods,46,4000,Very low,0.0115
novelty gifts for women,45,148000,Very low,0.0003
funny gifts for couples,43,84700,Very low,0.0005
joke presents,40,2600,Very low,0.0154
gag gift idea,40,100800,Very low,0.0004
sarcastic t-shirts,40,169200,Very low,0.0002
clever gifts,37,39300,Very low,0.0009
absurd sticker,35,16900,Very low,0.0021
novelty gifts for him,33,46200,Very low,0.0007
quirky office supplies,32,32200.000000000004,Very low,0.001
quirky kitchenware,27,2500,Very low,0.0108
joke present,26,20200,Very low,0.0013
playful jewelry,24,20200,Very low,0.0012
ironic gifts,24,276400,Very low,0.0001
silly gifts for friends,23,111900,Very low,0.0002
absurd gifts,22,4900,High,0.0045
witty mugs,22,185600,Very low,0.0001
novelty art,20,278800,Very low,0.0001
whimsical t-shirts,19,8300,Very low,0.0023
ironic sticker,18,19300,Very low,0.0009
quirky stationery,18,62700,Very low,0.0003
novelty kitchen gadgets,16,8300,Very low,0.0019
ironic home decor,13,15800,Very low,0.0008
playful kitchen decor,13,38900,Very low,0.0003
sarcastic gifts for friends,13,96800,Very low,0.0001
funny conversation starters,12,3700,Very high,0.0032
ridiculous gift,12,7800,Very low,0.0015
joke gifts for him,12,25600,Very low,0.0005
playful gifts,11,88100,Very high,0.0001
novelty home accessories,10,11700,Very low,0.0009
playful home decor,10,170900,Very low,0.0001
clever card,9,3700,Very low,0.0024
cheeky keychain,9,4600,Very low,0.002
funny unusual gifts,8,7400,Very low,0.0011
novelty item,7,8800,Very low,0.0008
silly stationery,7,10100,Very low,0.0007
clever mugs,7,19900,Very low,0.0004
cheeky gift,7,26200,Very low,0.0003
gag gifts for her,7,29700,Very low,0.0002
novelty office accessories,7,30500,Very low,0.0002
clever gift,6,9300,Very low,0.0006
playful accessories,6,14000,Very low,0.0004
funny favors,6,102400,Very low,0.0001
amusing gifts,5,3400,Very low,0.0015
joke gifts for her,5,13700,Very low,0.0004
comedic gifts,4,6800,Very low,0.0006
lighthearted art,4,13000,Very low,0.0003
lighthearted gift,4,17700,Very low,0.0002
comical home decor,4,30300,Very low,0.0001
funny pet lover gifts,4,46500,Very low,0.0001
absurd gift,3,3800,Very low,0.0008
offbeat jewelry,3,5400,Very low,0.0006
gag gift for her,3,37500,Very low,0.0001
clever sayings,2,2800,Very low,0.0007
playful gifts for him,2,3900,Very low,0.0005
mischievous gifts,2,4300,Very low,0.0005
humorous gifts for coworkers,2,7000,Very low,0.0003
ridiculous art,2,7500,Very low,0.0003
ironic t-shirt,2,15800,Very low,0.0001
amusing art,1,1800,Very low,0.0006
amusing gifts for men,1,1800,Very low,0.0006
mischievous gift,1,2300,Very low,0.0004
witty present,1,4100,Very low,0.0002
sarcastic kitchen items,1,7100,Very low,0.0001
mischievous print,1,16900,Very low,0.0001
gift,208300,2100000,Very low,0.0992
personalized gift,113900,696300,Very low,0.1636
christmas gift,30600,1300000,Very low,0.0235
gifts for boyfriend,26700,249200,Very low,0.1071
client gift,17000,20800,Very low,0.8173
gift for boyfriend,14000,214800,Very low,0.0652
gift for grandma,11100,218400,Very low,0.0508
gifts for husband,10500,281500,Very low,0.0373
gift for couple,10100,284700,Very low,0.0355
gift basket,8700,400800,Very low,0.0217
mothers day gift,8000,835400,Very low,0.0096
custom gift,7600,1300000,Very low,0.0058
handmade gift,6900,2000000,Very low,0.0034
hostess gift,5600,105600,Very low,0.053
groomsman gift,4800,40300,High,0.1191
gift card,4600,1900000,Very low,0.0024
stocking stuffer,4600,280500,Very low,0.0164
gift for girlfriend,4200,258399.99999999997,Very low,0.0163
gifts for coworkers,3700,165200,Very low,0.0224
gifts for grandparents,3500,95400,Very low,0.0367
long distance gift,3500,52600,Very low,0.0665
gift for daughter,3100,216500,Very low,0.0143
gifts for brother,3100,113600,Very low,0.0273
valentines day gift,3100,368300,Very low,0.0084
custom gift for him,2900,455300,Very low,0.0064
gifts for doctors,2800,121300,Very low,0.0231
gift set,2700,1400000,Very low,0.0019
gifts for nurses,2600,341700,Very low,0.0076
gift for teacher,2600,452000,Very low,0.0058
gift for son,2500,123300,Very low,0.0203
condolence gift,2400,81300,High,0.0295
affordable gifts,2100,35300,Very low,0.0595
unique gift ideas,2000,1100000,Very low,0.0018
new mom gift basket,1800,14300,Typical,0.1259
gift wrap,1700,813200,Very low,0.0021
spiritual gift,1600,751900,Very low,0.0021
holiday gift,1500,550300,Very low,0.0027
gift wrapping,1200,244800,Very low,0.0049
sympathy gift basket,1200,12200,High,0.0984
gift for aunt,1100,66200,Typical,0.0166
just because gift,1100,32000,Very low,0.0344
gift for parents,1100,189000,Very low,0.0058
gift basket ideas,951,57500,Very low,0.0165
sustainable gifts,875,166300,Very low,0.0053
gift certificate,810,84800,Typical,0.0096
luxury gifts,808,928500,Very low,0.0009
self care gifts,694,152400,Very low,0.0046
gift for godmother,649,22600,Typical,0.0287
gift for gardener,595,972000,Typical,0.0006
gift for niece,590,38100,Typical,0.0155
affordable gift,584,219900,Very low,0.0027
gift for chef,565,113300,Very low,0.005
gift for artist,541,272400,Very low,0.002
eco friendly gift,528,429600,Very high,0.0012
gift for nephew,498,27000,Very low,0.0184
gift for pet lover,484,455700,Typical,0.0011
gift for traveler,455,104300,Very low,0.0044
gift for gamer,432,1100000,Very low,0.0004
luxury gift,409,1800000,Very low,0.0002
small business gift,377,80500,Very low,0.0047
gift for musician,362,89200,Very low,0.0041
retirement gift ideas,346,49100,Typical,0.007
gift for home,320,5100000,Typical,0.0001
gift for him unique,293,316800,Very low,0.0009
unique present,290,445200,Very low,0.0007
gift for foodie,285,158700,Very low,0.0018
diy gift kit,260,414100,Very low,0.0006
unique gift idea,259,1900000,Very low,0.0001
sustainable gift,258,198900,Very low,0.0013
holiday gift ideas,255,300200,Very low,0.0008
care package gift,242,76100,Very low,0.0032
last minute gift,230,34800,Very low,0.0066
gift for her unique,230,369500,Very low,0.0006
thoughtful present,227,36700,Very low,0.0062
gift for pet,221,1300000,Very low,0.0002
gift for pet owner,211,245800,Typical,0.0009
gifts for pet lovers,197,200200,Very low,0.001
handmade present,195,245800,Very low,0.0008
artisan gifts,186,564700,Very low,0.0003
graduation gift ideas,119,64599.99999999999,Very low,0.0018
diy gift ideas,114,450300,Very low,0.0003
gift for coffee lover,113,568100,Very low,0.0002
gift for wine lover,101,58100,Typical,0.0017
thoughtful gift ideas,76,19700,Very low,0.0039
luxury gift basket,73,31700,Very low,0.0023
gift for her handmade,65,417300,Very low,0.0002
gift for tea lover,64,176000,High,0.0004
holiday present,63,98300,Very high,0.0006
experience gifts,48,15100,Typical,0.0032
easter gift basket,47,27600,Very low,0.0017
wellness gift set,42,26800,High,0.0016
experience gift,41,13200,Very low,0.0031
care package ideas,25,20800,Very low,0.0012
feminine gift,24,302800,Very low,0.0001
experience gift voucher,21,5700,Very low,0.0037
gift for teacher appreciation,19,381600,Very low,0
handmade pottery gift,18,203700,Very low,0.0001
wedding gift registry,17,11300,Very low,0.0015
holiday gift guide,13,52000,Very low,0.0003
budget friendly gift,10,3800,Very low,0.0026
gift for plant parent,5,7100,Very low,0.0007
gift for coffee addict,1,4300,Very low,0.0002
artisan food gift,1,6300,Very low,0.0002
gift for best friend personalized,1,7200,Very low,0.0001
gifts for women,42600,3000000,Very low,0.0142
personalized jewelry,20900,505800,Very low,0.0413
personalized blanket,13600,137600,High,0.0988
personalized journal,10800,106500,Typical,0.1014
personalized notebook,6300,83600,Very high,0.0754
gift for women,6100,1800000,Very low,0.0034
gifts for gardeners,5700,971100,Very low,0.0059
custom portrait gift,5100,96800,Very low,0.0527
home decor gifts,5000,3700000,Very low,0.0014
gifts for artists,4400,246700,Very low,0.0178
personalized gift for her,3000,217300,Very low,0.0138
affordable gifts for her,2900,1500,Very low,1.9333
christmas gift for her,2600,204800,Very low,0.0127
self care gift box,2500,40600,Typical,0.0616
gifts for women who have everything,2300,4400,Very low,0.5227
custom jewelry gift,1900,315100,Very low,0.006
home decor gift,1700,1300000,Very low,0.0013
gifts for chefs,1700,122300,Very low,0.0139
gifts for new mom,1600,284100,Typical,0.0056
special gifts for her,1600,36800,Very low,0.0435
gifts for coffee lovers,1300,114600,Very low,0.0113
gifts for bridesmaids,1300,602600,High,0.0022
gifts for grandmother,1200,82600,Typical,0.0145
spa gift basket,1100,31500,Typical,0.0349
gift sets for women,820,440000,Very low,0.0019
gifts for women unique,807,1400000,Very low,0.0006
best gifts for women,721,244500,Very low,0.0029
gifts for best friend female,717,8700,Typical,0.0824
coffee mug gift,620,673500,Very low,0.0009
birthday presents for her,557,13400,Very low,0.0416
jewelry gift for her,544,1300000,Very low,0.0004
thoughtful gifts for her,523,20200,Very low,0.0259
unique gift for her,444,888400,Very low,0.0005
photo gift ideas,422,261200,Very low,0.0016
present for her,404,235500,Very low,0.0017
handmade gift ideas,379,483700,Very low,0.0008
craft kit gift,355,657900,Very low,0.0005
gifts for her christmas,290,1300000,Very low,0.0002
bath bomb gift set,285,9600,High,0.0297
personalized present,274,400100,Typical,0.0007
tote bag gift,268,710500,Very low,0.0004
artisan home decor,264,381900,Very low,0.0007
luxury gift for her,244,294300,Very low,0.0008
digital gift card,242,1000000,Very high,0.0002
handmade gifts for her,236,1400000,Very low,0.0002
hand poured candles,233,42400,Very low,0.0055
luxury gifts for her,232,402000,Very low,0.0006
gift baskets for her,230,29300,Very low,0.0078
self love gifts,228,119500,Very low,0.0019
galentines day gift,205,28600,Very low,0.0072
special gift for her,205,169900,Very low,0.0012
gift sets for her,178,449200,Very low,0.0004
wellness gift box,167,14400,Very high,0.0116
gifts for wine lovers,167,31200,High,0.0054
gifts for women luxury,164,364300,Very low,0.0005
self care gifts for women,162,51400,Typical,0.0032
curated gift box,159,7400,Very low,0.0215
relaxation gift set,146,50100,Very high,0.0029
gifts for her anniversary,142,1400000,Very low,0.0001
gifts for coworker,134,198400,Typical,0.0007
wellness gifts for women,127,70500,Very low,0.0018
wife gift ideas,117,85300,Very low,0.0014
gift for women birthday,99,1500000,Typical,0.0001
cozy gifts for her,86,147800,Very low,0.0006
gifts for women personalized,74,980900,Very high,0.0001
handmade gift for her,72,1100000,Very low,0.0001
gifts for book lovers female,71,83000,Very low,0.0009
gifts for her jewelry,71,1300000,Very low,0.0001
gifts for yogis,70,19200,Very low,0.0036
artist gift ideas,62,113100,Very low,0.0005
gift ideas women,57,295900,Very low,0.0002
beauty gift set,52,226000,Very low,0.0002
outdoor gifts for women,51,142100,Very low,0.0004
present for women,51,242500,Typical,0.0002
gifts for her relaxation,49,43800,Very low,0.0011
cozy gift ideas,41,92500,Very low,0.0004
unique presents for women,38,21900,Very low,0.0017
handmade candle gift,32,135300,Very low,0.0002
jewelry gifts for her,29,430400,Very low,0.0001
gifts for women self care,28,61800,Very low,0.0005
wellness gifts for her,26,18100,Very low,0.0014
gifts for a lady,25,203100,Very low,0.0001
self care gift for her,24,64300,Very low,0.0004
wine accessory gift,23,67600,Very low,0.0003
relaxation gifts for her,21,68000,Very low,0.0003
chic gifts for her,21,197500,Very low,0.0001
gifts for significant other,20,6600,Very low,0.003
gifts for women coworker,19,241400,Very low,0.0001
engraved gift for her,18,258500,Typical,0.0001
hygge gifts for her,17,7500,Very low,0.0023
gifts for her best friend,17,46400,High,0.0004
kitchenware gift,17,62900,Very low,0.0003
custom mug for her,17,128100,Very low,0.0001
gifts for teacher appreciation,17,203800,Typical,0.0001
gifts for her under 50,15,3400,Very low,0.0044
gifts for women handmade,15,116300,Very low,0.0001
gifts for women boss,14,15900,Very low,0.0009
gifts for women thoughtful,12,8300,Very low,0.0014
stationery gifts for women,11,77700,Very low,0.0001
gifts for the woman who has it all,10,7100,Very low,0.0014
gifts for women bestie,8,7000,Very low,0.0011
gifts for women mom,8,7000,Very low,0.0011
gardening gift for her,8,31400,Very low,0.0003
birthday present women,8,147200,Very low,0.0001
appreciation gifts for her,7,26000,Very low,0.0003
gifts for her retirement,7,137100,Very low,0.0001
gifts for her coworker,6,59400,Very low,0.0001
gifts for women grandma,6,149600,Very high,0
gifts for her home decor,4,15400,Very low,0.0003
gifts for her from son,3,6700,Very high,0.0004
personalized presents for her,3,6800,Very low,0.0004
gifts for women who love plants,3,7000,Very low,0.0004
gifts for her appreciation,3,7100,Very low,0.0004
thoughtful presents for her,2,1100,Very low,0.0018
fashion gifts for her,2,6600,Very low,0.0003
gifts for women gardener,2,8000,Very low,0.0003
gifts for women cozy,2,12300,Very low,0.0002
gifts for her under 100,1,1800,Very low,0.0006
gifts for women elegant,1,6600,Very low,0.0002
feminine gift ideas,1,7500,Very low,0.0001
gifts for her boss,1,18200,Very low,0.0001
personalized gifts for men,9300,570600,Very low,0.0163
gift for men,8300,1700000,Very low,0.0049
mens jewelry gift,7000,390900,Very low,0.0179
christmas gifts for men,4500,813500,Very low,0.0055
funny gift for him,2900,140700,Very low,0.0206
mens birthday gift,2800,958900,Very low,0.0029
mens jewelry gifts,2500,951300,Very low,0.0026
gifts for son,2500,126200,Very low,0.0198
husband present,1900,41600,Very low,0.0457
tech gifts for men,1900,52700,Very low,0.0361
custom gifts for him,1500,524500,Very low,0.0029
christmas gift for husband,1400,34700,Very low,0.0403
gift for partner,1300,29100,Very low,0.0447
gift ideas for men,1100,597500,Very low,0.0018
whiskey lover gift,1100,25600,Very low,0.043
stocking stuffer for him,886,11300,Very low,0.0784
mens retirement gifts,639,49600,Very low,0.0129
present for him,639,123000,Very low,0.0052
mens leather gifts,514,333900,Very low,0.0015
mens wedding gifts,481,926600,Very low,0.0005
unique gift for dad,435,133200,Very low,0.0033
unique gift for men,423,816100,Very low,0.0005
mens leather gift,320,88900,Very low,0.0036
gifts for grandfather,251,33000,Very low,0.0076
custom keychain men,221,37700,Very high,0.0059
mens graduation gifts,213,26000,Very low,0.0082
gift for him anniversary,192,264500,Very low,0.0007
personalized gift for man,185,452200,Very low,0.0004
cool gifts for him,183,38600,Very low,0.0047
gift for guys,124,69900,Very low,0.0018
cool gifts for guys,122,10100,Very low,0.0121
leather gift for men,114,197900,Very high,0.0006
mens personalized jewelry,88,119800,High,0.0007
handmade gift for him,77,492700,Very low,0.0002
gift for brother birthday,75,66100,Very low,0.0011
engraved gift for him,71,108500,Very low,0.0007
gift for him personalized,67,418900,Very low,0.0002
mens christmas gift,67,573400,Very low,0.0001
wood gift for husband,66,20300,Very high,0.0033
mens gaming gift,65,42300,Very low,0.0015
mens custom jewelry,56,331500,Very low,0.0002
mens cool gift,55,280000,Very low,0.0002
mens bracelet engraved,52,41100,Very low,0.0013
mens sunglasses polarized,50,3900,Very low,0.0128
music lover gift men,49,62600,Typical,0.0008
travel gift for men,46,75200,Very high,0.0006
work from home gift,43,44700,Very high,0.001
mens funny gifts,39,1200000,Very low,0
mens outdoor gifts,30,45900,Very low,0.0007
coffee lover gift men,30,140100,Very low,0.0002
gift for him funny,29,333400,Very low,0.0001
hobby gifts for men,28,9800,Very low,0.0029
mens stocking stuffer,27,19200,Very low,0.0014
mens engraved gift,26,93900,High,0.0003
gift for him wedding,26,167100,Typical,0.0002
mens wallet minimalist,24,52400,Very high,0.0005
mens wood gifts,22,109800,Typical,0.0002
mens funny gift,21,76000,Very low,0.0003
gift for him christmas,21,445500,Very low,0
gift for the man who has everything,19,7600,Typical,0.0025
outdoorsman gift ideas,19,9100,Very low,0.0021
mens handmade jewelry,19,591000,Very low,0
mens grooming gifts,18,82200,Very low,0.0002
mens wooden gift,16,143500,Very low,0.0001
mens fishing gift,13,56100,Very low,0.0002
mens travel gift,12,174200,Very low,0.0001
relaxation gift for men,11,8800,Very low,0.0013
mens watch gift,10,75600,Very low,0.0001
watch gift for men,10,105400,Very low,0.0001
mens self care gifts,9,22000,Very low,0.0004
mens gag gift,9,32600,Very low,0.0003
mens office gift,9,82100,Very low,0.0001
mens card holder slim,8,19200,Very low,0.0004
mens self care gift,8,25300,Very low,0.0003
mens car gift,8,81800,Very low,0.0001
mens belt buckle custom,7,8500,Very high,0.0008
mens keychain custom,7,42200,Very high,0.0002
mens tech gifts,7,53300,Very high,0.0001
mens grooming gift,7,82800,Very low,0.0001
mens watch gift set,6,5000,Very low,0.0012
mens dopp kit personalized,6,8200,Very high,0.0007
mens appreciation gifts,6,71500,Very low,0.0001
birthday gift ideas men,6,92300,Very high,0.0001
mens unique gift,6,1100000,Very low,0
mens custom keychain,5,14800,Very low,0.0003
gift for him graduation,5,56700,Very low,0.0001
mens boyfriend gift,5,233500,Very low,0
mens wallet gift,4,37100,Very low,0.0001
mens beard care kit,3,6300,Very high,0.0005
mens camping gift,3,92800,Very low,0
personalized wallet gift,3,95300,Very low,0
mens appreciation gift,1,7100,Very low,0.0001
mens groom gift,1,7300,Very low,0.0001
handmade present for him,1,9100,Very low,0.0001
mens desk organizer personalized,1,9500,Very low,0.0001
mens tie clip custom,1,14100,Very low,0.0001
mens going away gift,1,16500,Very low,0.0001
book lover gift him,1,33300,Very low,0
mens coworker gift,1,54300,Very low,0
handmade gift for dad,1,61900,Very low,0
gift for him best friend,1,63800,Very low,0
mens book lover gift,1,117900,Very low,0
mens music gift,1,172100,Very low,0
mens holiday gift,1,277600,Very low,0
mens handmade gift,1,993300,Very high,0
girl,2400,3700000,Very low,0.0006
girl nursery decor,6300,462200,Very low,0.0136
newborn girl outfit,2600,186000,Very low,0.014
girl room decor,2200,468000,Very low,0.0047
little girl gifts,1100,100100,Typical,0.011
girl wall art,1100,1000000,Very low,0.0011
toddler girl dress,995,143800,Very low,0.0069
girl dress,825,401900,Very low,0.0021
girl costume,726,338600,Very low,0.0021
girl stickers,582,189400,Typical,0.0031
girl wall decor,449,1100000,Very low,0.0004
girl birthday outfit,426,283200,Very low,0.0015
girl party favors,391,149200,Very low,0.0026
girl jewelry box,334,81200,Very low,0.0041
girl toys,323,155300,Very low,0.0021
girl shirt,316,1100000,Very low,0.0003
little girl dress,295,39900,Very low,0.0074
girl hair accessories,293,110000,Very low,0.0027
girl sticker,289,267200,Very low,0.0011
toddler girl outfits,277,182200,Very low,0.0015
girl backpack,264,60300,Very low,0.0044
girl birthday party,253,799400,Very high,0.0003
girl gift ideas,234,447000,Very low,0.0005
girl hair clips,186,71600,Typical,0.0026
girl bedroom accessories,177,6900,Very low,0.0257
girl purse,162,143700,Typical,0.0011
girl accessories,155,776000,Very low,0.0002
baby girl essentials,142,14700,Very low,0.0097
girl headband,135,121900,Very high,0.0011
girl jewelry,123,877000,Typical,0.0001
girl hat,121,267200,Very low,0.0005
toddler girl shoes,116,14000,Very low,0.0083
girl superhero costume,107,11400,Very low,0.0094
girl fairy costume,105,27900,Very low,0.0038
girl toddler gifts,105,250300,High,0.0004
girl bedding,81,134800,Very low,0.0006
girl princess dress,78,49100,Very low,0.0016
girl sweater,70,161500,Very low,0.0004
girl pajamas,65,33600,Very low,0.0019
girl planner,65,102300,Typical,0.0006
girl shoes,63,61300,Very low,0.001
girl birthday decorations,60,144100,Very low,0.0004
girl toddler clothes,60,145300,Very low,0.0004
girl art prints,58,464800,Very low,0.0001
girl journal,56,70300,Typical,0.0008
girl custom gifts,53,397300,Very high,0.0001
girl lamp,50,30800,Very low,0.0016
girl photo album,47,14900,High,0.0032
girl clothing,47,1800000,Very low,0
girl tiara,46,34300,Very low,0.0013
girl pants,45,40200,Typical,0.0011
girl pillow,44,92900,Very high,0.0005
girl socks,41,17200,Very low,0.0024
girl leggings,41,22300,Very low,0.0018
girl shorts,39,32299.999999999996,Very low,0.0012
girl toddler toys,38,449500,Very low,0.0001
girl jacket,36,64200,Very low,0.0006
girl water bottle,35,67500,Very high,0.0005
girl skirt,32,79100,Very high,0.0004
girl hoodies,32,89200,Very low,0.0004
girl book,31,279500,High,0.0001
girl room accessories,30,152700,Very low,0.0002
girl boots,27,41100,Very low,0.0007
girl costume ideas,24,6500,Very low,0.0037
girl crafts,24,400600,Very low,0.0001
girl fairy wings,23,11800,Very low,0.0019
girl room decorations,23,126600,Very low,0.0002
girl baby shoes,22,28100,Very low,0.0008
girl fall outfits,22,42600,Very low,0.0005
girl tote bag,20,128000,Very high,0.0002
girl stuffed animal,19,36800,Very low,0.0005
girl lunch box,17,7700,Very low,0.0022
girl notebook,17,41000,Very low,0.0004
girl animal costume,15,39000,Very low,0.0004
girl room ideas,15,42900,Very low,0.0003
girl matching outfits,14,120900,Very low,0.0001
girl fashion,14,248000,High,0.0001
girl bedroom ideas,13,16100.000000000002,Very low,0.0008
girl toddler backpack,13,27500,Very high,0.0005
girl t-shirt,13,372100,Very low,0
girl personalized gift,13,984700,Very low,0
girl sweaters,12,165800,Very low,0.0001
girl stationery,12,490200,Very high,0
girl pajama set,11,6200,Very low,0.0018
girl bookshelf,11,12200,Very high,0.0009
girl doll clothes,11,69000,Very low,0.0002
girl party supplies,11,1900000,Very low,0
girl school supplies,10,88600,Very low,0.0001
girl sandals,9,10400,Very low,0.0009
girl winter coat,9,14000,Very low,0.0006
girl diary,9,18800,Very low,0.0005
girl dollhouse,9,46400,Very low,0.0002
girl photography,9,52200,Very low,0.0002
girl summer dress,9,72800,Very low,0.0001
girl craft kit,9,339200,Very low,0
girl sun hat,8,16300,Very low,0.0005
girl skirts,8,88100,Very low,0.0001
girl dancewear,7,11300,Very low,0.0006
girl winter clothes,7,31800,Very low,0.0002
girl sibling outfits,6,7300,Very low,0.0008
girl vanity set,6,7400,Very low,0.0008
girl personalized items,6,28400,Very low,0.0002
girl clothing set,6,158900,Very low,0
girl art smock,5,6000,Very low,0.0008
girl bedroom furniture,5,10400,Very low,0.0005
girl jackets,4,70900,Very low,0.0001
girl sticker sheets,3,7900,Very low,0.0004
girl school uniform,3,11000,Very low,0.0003
girl sticker set,3,19500,Very high,0.0002
girl summer clothes,3,37700,Very low,0.0001
girl scrapbook supplies,3,349300,Very low,0
girl handmade gift,3,1200000,Very low,0
girl activewear,2,3800,Very low,0.0005
girl unicorn decor,2,43700,Very low,0
girl t-shirts,2,437000,Very low,0
girl custom gift,2,2500000,Very low,0
girl rain boots,1,6200,Very low,0.0002
girl personalized jewelry,1,6200,Very low,0.0002
girl personalized item,1,7000,Very low,0.0001
girl handmade gifts,1,7200,Very low,0.0001
girl science kit,1,7800,Very low,0.0001
girl sticker book,1,11800,Very low,0.0001
girl bicycle,1,12900,Very low,0.0001
girl painting set,1,32900,Very low,0
girl toddler accessories,1,44300,Very low,0
graduation,8900,1100000,Very low,0.0081
new job gift,5000,43400,Typical,0.1152
graduation decor,3200,441600,Very low,0.0072
end of year gift,1900,32700.000000000004,Very low,0.0581
graduation gift for him,1600,22800,Very low,0.0702
new beginnings gift,1400,17800,Typical,0.0787
senior gift,1300,181400,Typical,0.0072
graduation party favors,1100,28000,Very low,0.0393
graduation banner,1100,55800,Very low,0.0197
graduation ring,1000,63000,Very low,0.0159
graduation party supplies,964,333500,Very low,0.0029
graduation party decor,929,170300,Very low,0.0055
graduation shirt,902,210200,Very low,0.0043
personalized graduation gift,898,72900,Very low,0.0123
college grad gift,782,45000,Very high,0.0174
senior year gift,772,50600,Very low,0.0153
graduation plaque,661,21400,High,0.0309
graduation cap decor,659,50500,Very low,0.013
graduation gift for son,646,14100,Very low,0.0458
graduation journal,636,41200,Very low,0.0154
high school graduation gift,629,64300,Very low,0.0098
graduation bracelet,587,49700,Very low,0.0118
graduation jewelry,547,152600,Very low,0.0036
graduation gift for daughter,495,23800,Typical,0.0208
gift for graduate,484,71500,Very low,0.0068
graduation cake topper,476,9400,Typical,0.0506
medical school graduation gift,405,38700,Very low,0.0105
graduation tassel,398,19200,Very low,0.0207
graduation photo frame,396,7400,High,0.0535
custom diploma frame,337,8400,Very low,0.0401
graduation pin,326,21400,Typical,0.0152
alumni gift,299,29300,Very low,0.0102
achievement gift,290,78300,Very low,0.0037
graduation sticker,286,33200,Very high,0.0086
end of school gift,268,66100,Very low,0.0041
law school graduation gift,253,15200,Very low,0.0166
graduation mug,235,34300,High,0.0069
graduation t-shirt,212,153800,Very low,0.0014
class of 2025 gift,206,20700,Very low,0.01
graduation gift for best friend,167,17000,Very low,0.0098
graduation tassel charm,147,7500,Very low,0.0196
nursing school graduation,147,83500,Very low,0.0018
nursing school graduation gift,116,72900,Typical,0.0016
graduation gift for brother,115,6000,Very low,0.0192
graduation gift for sister,107,15400,Very high,0.0069
graduation money holder,90,44600,Very low,0.002
custom graduation gift,90,440000,Very low,0.0002
graduation earrings,86,27100,Very low,0.0032
graduation cookie cutter,71,7700,High,0.0092
high school senior gift,61,72800,Typical,0.0008
graduation photo album,60,5500,Very high,0.0109
gift for academic achievement,47,5100,Very low,0.0092
graduation gift for friend,42,25800,Very low,0.0016
graduation diploma frame,40,8000,Very low,0.005
student leaving gift,32,3200,Very low,0.01
graduation planner,31,23400,Very high,0.0013
graduation sweatshirt,26,126400,Typical,0.0002
graduation charm bracelet,25,30200,Very high,0.0008
celebration gift,25,1100000,Typical,0
unique graduation gift,23,204900,Very low,0.0001
adulting gift,22,6100000,Very low,0
personalized diploma frame,19,6900,Very low,0.0028
graduation gift for artist,17,6000,Very high,0.0028
graduation gift for coworker,16,13300,Very low,0.0012
graduation wall art,15,157500,Very low,0.0001
graduation gift for doctor,14,52400,Very high,0.0003
graduation gift for teacher,13,53700,Very low,0.0002
college farewell gift,12,11700,Very low,0.001
diploma gift,11,18400,Very low,0.0006
personalized grad gift,10,26000,Very low,0.0004
college grad present,10,33000,Very low,0.0003
graduation gift for engineer,9,7400,Very low,0.0012
personalized graduation charm,9,35300,Very low,0.0003
student graduation gift,9,77200,Very low,0.0001
graduation gift for musician,8,17100,Very low,0.0005
congrats grad gift,7,25600,Very low,0.0003
yearbook gift,6,3200,Very low,0.0019
career starter kit,6,3800,Very low,0.0016
custom graduation mug,6,9000,Very low,0.0007
high school grad present,5,11900,Very low,0.0004
graduation gift for athlete,5,17300,Very low,0.0003
gift for graduate student,5,38100,Very high,0.0001
graduation gift for student,5,99800,Very low,0.0001
graduation celebration,4,25700,Very low,0.0002
commencement gift,3,1400,Very low,0.0021
school leaving gift,3,6300,Very low,0.0005
graduation year jewelry,3,6900,Very low,0.0004
gift for alumni,3,10700,Very low,0.0003
graduation decor ideas,3,17000,Very low,0.0002
congratulations grad gift,3,18100,Very low,0.0002
graduation personalized gift,3,103800,Very low,0
dorm decor gift,3,612800,Very low,0
graduation candy jar,2,576,Very low,0.0035
graduation gift for lawyer,2,5800,Very low,0.0003
university grad gift,2,7300,Very low,0.0003
college alumni gift,2,9700,Very low,0.0002
graduation care package,2,12100,Very low,0.0002
professional milestone gift,2,22100,Very high,0.0001
graduation student gift,2,80700,Very low,0
graduation day gift,2,218900,Very low,0
gift for law school grad,1,2800,Very low,0.0004
gift for scholars,1,5300,Very low,0.0002
graduation themed decor,1,5700,Very low,0.0002
gift for new grad,1,15500,Very low,0.0001
graduation gift for gamer,1,19300,Very low,0.0001
new graduate gift,1,39100,Very low,0
desk accessory gift,1,423800,Very low,0
grandma shirt,7000,211600,Typical,0.0331
grandma birthday gift,4700,248100,High,0.0189
grandma mug,2400,58600,High,0.041
custom grandma gift,2100,330500,Typical,0.0064
grandma mothers day gift,1900,170100,Very low,0.0112
grandma ornament,1800,39100,Very low,0.046
grammy gifts,1400,24200,Typical,0.0579
grandma birthday card,1400,24900,Very high,0.0562
grandma keepsake,1200,41600,Very low,0.0288
promoted to grandma,1200,16300,High,0.0736
nana birthday gift,1200,55800,High,0.0215
grandma birthday,1200,251400,High,0.0048
grandma blanket,1100,20000,Very low,0.055
nana mug,956,13600,Very high,0.0703
nana necklace,886,8800,Typical,0.1007
grandma sweater,851,42600,High,0.02
grandma christmas gift,824,136000,Very low,0.0061
nonna gifts,771,11600,Typical,0.0665
grandmother necklace,701,17700,Typical,0.0396
grandma decor,572,198500,Very low,0.0029
gifts for mimi,555,39100,Typical,0.0142
gifts for gigi,536,44800,Very low,0.012
grandma announcement,533,52500,Very low,0.0102
gigi necklace,495,7800,High,0.0635
personalized grandma gift,474,87000,Typical,0.0054
grandma baby gift,418,109300,Very low,0.0038
gift for gigi,417,45500,Very low,0.0092
mimi birthday gift,405,45300,Typical,0.0089
grandma card,402,54000,Very high,0.0074
gifts for new grandma,392,67200,Typical,0.0058
grandma tote bag,387,13700,Typical,0.0282
grandma to be gift,374,322900,Very low,0.0012
unique grandma gift,367,120800,Very low,0.003
grandma photo frame,307,13600,Typical,0.0226
grandma picture frame,304,15500,Typical,0.0196
nana birthday,304,56400,High,0.0054
grandma keychain,303,12600,Typical,0.024
new grandmother gift,293,46800,Very high,0.0063
christmas gift for grandma,286,82300,Very low,0.0035
grandma apron,281,9800,Typical,0.0287
grandma frame,252,25800,Typical,0.0098
grandma mug personalized,199,16400,Very high,0.0121
grandma christmas ornament,198,27600,Typical,0.0072
grandma garden stone,193,7400,Typical,0.0261
first time grandma gift,188,21900,High,0.0086
grammy birthday gift,181,66900,Very high,0.0027
grandmother birthday,180,88400,Very low,0.002
gifts for grandmothers,176,74200,Typical,0.0024
funny grandma gift,175,90800,Very low,0.0019
grammy necklace,151,7100,Typical,0.0213
gift for grammy,146,19200,Very high,0.0076
grandma quilt,132,19700,Very low,0.0067
custom gift for grandma,124,225500,Typical,0.0005
best grandma ever,123,20500,Typical,0.006
grandma pillow,110,10900,Very low,0.0101
gift for great grandma,108,16000,Very low,0.0067
worlds best grandma,103,6600,High,0.0156
gigi birthday gift,103,44000,High,0.0023
grandma wall art,88,95300,Very low,0.0009
grandma cutting board,86,9600,Very low,0.009
grammy birthday,77,24200,Typical,0.0032
gifts for abuela,72,13700,Very low,0.0053
grandma and me,72,22800,Very low,0.0032
gifts for nonna,69,9100,Very high,0.0076
grandma home decor,62,193600,Typical,0.0003
gigi birthday,61,43300,Very low,0.0014
gift for elderly woman,57,9500,Very high,0.006
sentimental grandma gift,51,29200,Very low,0.0017
grandma and grandpa gift,43,65400.00000000001,Very low,0.0007
grandma art,42,184600,Very low,0.0002
abuela gift ideas,41,8700,Very low,0.0047
grandma kitchen,40,98600,Very low,0.0004
grandmother print,39,12500,Very low,0.0031
grandmother keepsake,38,20000,Very low,0.0019
grandma baby outfit,37,16200,Very low,0.0023
grandma poem,32,8700,Very high,0.0037
grandma family tree,31,14200,Very low,0.0022
nana christmas,31,36600,Very low,0.0008
gift for abuela,31,46500,Very low,0.0007
gifts for oma,30,6700,Very low,0.0045
custom grandma necklace,30,29700,Very low,0.001
grandma memory box,29,3100,Very low,0.0094
grandmother blanket,29,5500,Very low,0.0053
grandma kitchen sign,29,10500,Very low,0.0028
gigi christmas,29,21800,Very low,0.0013
grandma kitchen decor,29,63900,Very low,0.0005
promoted to grandma gift,27,17900,High,0.0015
grandmother art,27,59300,Very low,0.0005
grandma art print,27,71900,Very low,0.0004
grandmother apron,26,7400,Very low,0.0035
grandmother frame,26,16600,Very high,0.0016
gigi christmas gift,25,21900,Very low,0.0011
grandmother photo frame,24,7800,Very low,0.0031
grandma garden sign,24,9400,Typical,0.0026
grandmother picture frame,22,9700,Very high,0.0023
family matriarch gift,21,7500,Very low,0.0028
grandma retirement gift,21,22400,Very low,0.0009
nonna birthday,20,6300,Very low,0.0032
grandma and me gift,19,11200,Very low,0.0017
grandmother card,19,14600,Very low,0.0013
grandma picture,19,23600,Typical,0.0008
gift for my grandma,18,14400,Very low,0.0013
grandma thank you gift,17,22700,Very high,0.0007
grandma quote,17,39900,Very low,0.0004
grandma birthday decor,17,96600,Very low,0.0002
best grandma gift,16,66200,Very low,0.0002
abuela birthday gift,14,10000,Very low,0.0014
grandma portrait,12,18300,Very low,0.0007
grandmother wall art,11,39000,Very low,0.0003
grandmother poem,10,4000,Very high,0.0025
handmade gift for grandma,10,51000,Very low,0.0002
grandmother wine glass,9,4500,Very low,0.002
grandmother decor,8,55100,Very low,0.0001
grandmother pillow,7,7300,Very low,0.001
special grandma gift,7,124500,Very low,0.0001
grandmother quotes,6,4200,Very low,0.0014
grandma cookbook,6,5400,Very low,0.0011
grammy retirement gift,6,7500,Very high,0.0008
cool grandma gift,6,23800,Very low,0.0003
grammy christmas,6,43800,Very low,0.0001
grandma anniversary gift,6,85400,Very low,0.0001
grandmother notebook,5,1500,Very low,0.0033
grandma illustration,5,27500,Very low,0.0002
mama new baby gift,5,81500,Very high,0.0001
personalized grandma decor,5,106700,Very low,0
grandmother recipe book,4,1100,Very low,0.0036
grandmother photo album,4,3900,Very low,0.001
grandmother jewelry box,4,4200,Very low,0.001
expecting grandma gift,4,92800,Very low,0
grandma love,4,117600,Very low,0
oma birthday gift,4,754700,Very low,0
grandmother coffee cup,3,17500,Very high,0.0002
grandmother christmas,3,42400,Very low,0.0001
grandma appreciation,2,3700,Very low,0.0005
grandma poem gift,2,5600,Very low,0.0004
grandma themed gifts,2,7000,Very low,0.0003
grandmother garden stone,2,7200,Very low,0.0003
grandma appreciation gift,2,20300,Very low,0.0001
grandma nursery decor,2,26200,Very low,0.0001
grandma necklace custom,2,35000,Very high,0.0001
grandma stationery,2,43900,Very low,0
grandma pride,1,1800,Very low,0.0006
grandmother tea towel,1,7800,Very low,0.0001
grandma custom portrait,1,16600,Very low,0.0001
grandmother sayings,1,18300,Very low,0.0001
best grandma ever gift,1,21600,Very low,0
grandpa shirt,2500,135800,High,0.0184
personalized keepsake,2500,130400,Very low,0.0192
grandpa sweater,1900,15600,Very low,0.1218
grandpa hat,1300,28000,Very high,0.0464
new grandpa gift,973,90800,Very low,0.0107
grandpa mug,949,29700,Typical,0.032
grandpa wallet,839,8100,Very low,0.1036
leather gift for him,668,137900,Typical,0.0048
grandpa birthday card,512,18400,Very high,0.0278
gift for grandfather,417,31400,Very low,0.0133
custom grandpa gift,327,121800,Very high,0.0027
first time grandpa,323,14900,High,0.0217
grandpa christmas gift,303,66300,Very low,0.0046
grandpa ornament,301,18300,Very low,0.0164
best grandpa ever,276,20900,Very high,0.0132
grandpa coffee mug,274,26200,High,0.0105
gift for elderly man,266,4800,Very low,0.0554
custom grandpa mug,264,24200,Very high,0.0109
grandpa card,172,28700,Very high,0.006
grandpa picture frame,104,10600,Typical,0.0098
grandpa birthday present,89,32600,Typical,0.0027
grandpa photo frame,87,6100,Very high,0.0143
grandpa golf gift,87,11400,Very high,0.0076
grandpa keychain,77,7200,Very high,0.0107
grandpa hoodie,71,15300,Typical,0.0046
grandpa apron,69,4700,High,0.0147
gifts for old men,66,92700,Very low,0.0007
personalized grandpa gift,59,77500,Typical,0.0008
funny grandpa gift,54,85700,Very low,0.0006
grandpa keepsake,52,58700,Very low,0.0009
grandpa socks,45,4500,Typical,0.01
old man gift,42,170200,Very low,0.0002
cool grandpa,36,19500,Typical,0.0018
grandpa christmas ornament,35,15500,Very low,0.0023
grandpa jewelry,34,7100,Very low,0.0048
fishing grandpa gift,34,22200,Very low,0.0015
grandpa sign,31,20800,Very low,0.0015
sentimental gift for him,28,13900,Very low,0.002
grandpa retirement,28,20500,Very low,0.0014
novelty gift for men,28,113900,Very low,0.0002
grandpa woodworking gift,27,5500,Very low,0.0049
grandfather birthday,24,45700,Very low,0.0005
gift for old man,24,128699.99999999999,Very low,0.0002
grandpa fishing,23,16800,Typical,0.0014
grandpa christmas present,22,19500,Very low,0.0011
grandpa best friend,20,3300,Very high,0.0061
gifts for grandfathers,19,44000,Very high,0.0004
retirement gift grandpa,18,25100,Very low,0.0007
memory gift for father,18,58900,Very low,0.0003
first time grandpa gift,17,12000,Very low,0.0014
grandpa retirement gift,17,22800,Very low,0.0007
diy grandpa gift,15,10500,Very low,0.0014
grandpa t-shirt,15,53100,Very low,0.0003
proud grandpa shirt,14,8000,Very low,0.0018
grandpa hunting gift,14,11200,Very high,0.0013
grandpa caricature,13,1300,Very low,0.01
grandpa fishing gift,13,18100,Very low,0.0007
grandpa decor,13,66600,Very low,0.0002
funny grandpa,13,95100,Very low,0.0001
grandpa story book,12,7000,Very low,0.0017
grandpa sayings,12,9600,Very low,0.0013
grandpa garden gift,11,6900,Very low,0.0016
grandpa watch,10,1300,Very low,0.0077
grandfather keepsake,10,6800,Very low,0.0015
grandpa apparel,10,94100,Very low,0.0001
grandpa accessories,8,6800,Very low,0.0012
grandpa portrait,8,22300,Very low,0.0004
grandpa wall art,8,33200,Very high,0.0002
granddad present,7,1800,Very low,0.0039
grandpa poem,6,3900,Very low,0.0015
grandfather present,6,10300,Very low,0.0006
personalized grandfather gift,6,36900,Very low,0.0002
elderly man gift,5,5300,Very low,0.0009
grandpa beer mug,5,8600,Very high,0.0006
keepsake for grandpa,5,18100,Very low,0.0003
memory gift grandpa,5,26800,Very low,0.0002
wooden gift for dad,5,48700,Very low,0.0001
unique grandpa gift,5,69500,Very low,0.0001
grandpa memories,4,6600,Very low,0.0006
cool grandpa gift,4,6600,Very low,0.0006
grandpa quote,4,11100,Very low,0.0004
golf grandpa gift,4,12200,Very low,0.0003
grandpa camping gift,4,12300,Very low,0.0003
senior man gift,4,208600,Very low,0
retro grandpa shirt,3,19600,Very low,0.0002
promoted to grandpa gift,3,22500,Very low,0.0001
grandpa art print,3,31200,Very low,0.0001
vintage man gift,3,1400000,Very low,0
gift for retired man,2,6900,Very low,0.0003
grandpa personalized mug,2,6900,Very low,0.0003
grandpa humor gift,2,7300,Very low,0.0003
engraved grandpa gift,2,8200,Very low,0.0002
wise man gift,2,14000,Very low,0.0001
funny grandfather gift,2,27900,Very low,0.0001
grandpa funny gift,2,131400,Very low,0
grandpa to be gift,2,152300,Very low,0
grandpa pride,1,1700,Very low,0.0006
grandpa family tree,1,1800,Very low,0.0006
grandpa appreciation,1,1800,Very low,0.0006
proud grandpa gift,1,1900,Very low,0.0005
special grandpa,1,2800,Very low,0.0004
grandpa grilling gift,1,6900,Very low,0.0001
grandpa humor,1,7600,Very low,0.0001
grandpa woodworking,1,10200,Very low,0.0001
grandfather christmas,1,10500,Very low,0.0001
grandpa anniversary,1,10700,Very low,0.0001
grandpa love,1,15700,Very low,0.0001
handmade grandpa gift,1,19600,Very low,0.0001
grandpa tool gift,1,28700,Very low,0
groom cufflinks,2700,27000,Very high,0.1
groom socks,905,5600,Very high,0.1616
groom handkerchief,762,19000,Very high,0.0401
groom shirt,697,64800,High,0.0108
groom wedding band,438,24600,Very low,0.0178
groom gift box,387,28600,High,0.0135
groom accessories,282,118700,Very low,0.0024
groom box,247,32500,Very high,0.0076
groom suit,210,95900,Very low,0.0022
groom sunglasses,144,5600,Very high,0.0257
grooming kit,140,19200,Very low,0.0073
groom present,140,22900,Typical,0.0061
groom pocket square,132,14000,High,0.0094
groom tie,128,83300,Very low,0.0015
groom emergency kit,122,3400,Very low,0.0359
wedding groom,122,498800,Typical,0.0002
groom gift ideas,119,113700,Very high,0.001
groom watch,109,7200,High,0.0151
groom outfit,99,48600,Very low,0.002
groom robe,85,7000,Very high,0.0121
groom sash,85,7400,High,0.0115
groom wedding box,80,21700,Typical,0.0037
grooming bag,80,23300,Very low,0.0034
groom wedding card,65,44600,Typical,0.0015
groom flask,63,5900,Very high,0.0107
personalized groom gift,60,193500,Very low,0.0003
mens grooming,49,151900,Very high,0.0003
grooming tools,46,289300,Very low,0.0002
groom custom gift,40,329900,Very low,0.0001
groom hamper,38,1900,Very low,0.02
groom survival kit,37,3500,Very low,0.0106
groom tuxedo,37,28900,Very low,0.0013
groom bachelor party,35,33000,Very low,0.0011
groom attire,34,27400,Very low,0.0012
groom jewelry,34,69700,Very low,0.0005
groom belt,33,6200,Very high,0.0053
groom party gifts,32,91500,Very low,0.0003
groom father gift,31,67400,High,0.0005
groom wedding socks,30,6900,Very high,0.0043
groom wedding day,29,135500,Very low,0.0002
groom wedding accessories,28,118500,Very low,0.0002
groom mug,25,13500,Very low,0.0019
groom proposal gift,25,34100,Very low,0.0007
groom accessory,25,493900,Very low,0.0001
groom suit accessories,24,28400,Very low,0.0008
grooming products,23,226400,Very low,0.0001
grooming gifts,23,237200,Very low,0.0001
groom speech,21,1400,Very high,0.015
groom proposal,19,28900,Very low,0.0007
groom wedding suit,18,89000,Very low,0.0002
groom keepsake,18,137400,Very low,0.0001
grooming station,17,6200,Very low,0.0027
groom wedding shoes,15,13800,Very low,0.0011
groom wedding party gifts,14,7100,Very low,0.002
groom wedding ring,14,39100,Very high,0.0004
grooming kit for men,12,4800,Very low,0.0025
groom wedding outfit,12,35600,Very low,0.0003
groom wedding shirt,12,57600,Very low,0.0002
groom gift funny,12,61800,Very high,0.0002
grooming kit men,11,7900,Very high,0.0014
groom wedding cufflinks,10,18200,Very low,0.0005
groom funny gift,7,28500,Very low,0.0002
wedding day groom,7,109200,Very low,0.0001
groom personalized gift,7,256399.99999999997,Very low,0
grooming case,6,6600,Very low,0.0009
groom wedding favors,6,7000,Very low,0.0009
groom wedding present,6,22800,Very low,0.0003
grooming set,6,42300,Very low,0.0001
groom gift for dad,6,51800,Very high,0.0001
groomsmans gift,5,16800,Very low,0.0003
groom wedding jewelry,4,86100,Very low,0
groom party,4,127800,Very low,0
grooming essentials,3,3400,Very low,0.0009
groom outfit ideas,3,11400,Very low,0.0003
groom wedding boutonniere,3,18400,Very low,0.0002
grooming gift set,3,29300,Very low,0.0001
groom wedding attire,3,29600,Very low,0.0001
groom wedding sign,2,17600,Very low,0.0001
groom wedding pin,2,21700,Very low,0.0001
groom gift for him,2,164000,Very low,0
groom wedding party,2,230700,Very low,0
groom party gift,2,275900,Very low,0
grooming kit beard,1,117,Very low,0.0085
groom squad gift,1,1500,Very low,0.0007
groom wedding planning,1,1800,Very low,0.0006
grooming package,1,2100,Very low,0.0005
groom toast,1,2200,Very low,0.0005
groom gift for father,1,7100,Very low,0.0001
groom wedding hamper,1,7400,Very low,0.0001
groom fashion,1,12700,Very low,0.0001
groom best man gift,1,19200,Very low,0.0001
groom gift box personalized,1,37500,Very low,0
groom accessories wedding,1,66900,Very low,0
groom wedding decor,1,234700,Very low,0
groom gift personalized,1,362400,Very low,0
groomsmen,2700,255100,High,0.0106
wedding party favors,6200,255400,Very low,0.0243
wedding party shirts,423,111400,Very low,0.0038
wedding gifts for men,326,633800,Very low,0.0005
groomsmans gifts,290,41800,High,0.0069
usher gifts,260,8400,Very high,0.031
wedding day accessories,160,144800,Very low,0.0011
custom groom gifts,129,193900,Very low,0.0007
personalized groom gifts,123,185200,High,0.0007
groom ties,109,57400,Very low,0.0019
wedding party gifts men,99,94600,Very low,0.001
wedding party accessories,77,170900,Very low,0.0005
custom wedding accessories,52,223600,Very low,0.0002
wedding day gifts for men,48,335300,Very high,0.0001
wedding day gifts for him,43,125200,Very high,0.0003
wedding party gifts for men,41,359900,High,0.0001
custom wedding party gifts,39,354300,Very low,0.0001
groom proposal box,27,15200,Very low,0.0018
groom suspenders,16,6300,Very low,0.0025
unique groom gifts,15,115200,Typical,0.0001
groom tuxedo accessories,14,7500,Very low,0.0019
groom wallet,12,6900,Very high,0.0017
groom bottle opener,9,1700,Very low,0.0053
wedding party outfits,9,148200,Very high,0.0001
wedding party gifts personalized,7,58200,Very low,0.0001
groom gifts personalized,4,7000,Very low,0.0006
groomsmans proposal,3,24900,Very low,0.0001
wedding party gift sets,3,438700,Very low,0
groom crew gifts,2,7000,Very low,0.0003
wedding party drinkware,2,90600,Very low,0
groom squad gifts,1,2100,Very low,0.0005
groomsmans proposal gifts,1,24200,Very low,0
handmade,42700,4000000,Very low,0.0107
handmade jewelry,19200,1200000,Very low,0.016
handmade items,11200,93600,Very low,0.1197
quilts for sale handmade,7100,14100,Very low,0.5035
handmade bag,7000,548000,Very low,0.0128
handmade ceramic mug,6900,96700,Very low,0.0714
handmade press on nails,6300,58700,Very low,0.1073
quilts handmade,5700,159300,Very low,0.0358
handmade quilt,5200,270400,Very low,0.0192
handmade cards,4700,329400,Very low,0.0143
handmade soap,4700,96800,Typical,0.0486
handmade nails,4400,70200,Very low,0.0627
handmade necklace,4200,1400000,Very low,0.003
handmade rug,3900,943700,Very low,0.0041
handmade christmas cards,3500,53300,Very low,0.0657
handmade mugs,3400,86700,Very low,0.0392
handmade ceramic,3300,536400,Very low,0.0062
handmade goods,3100,31100,Very low,0.0997
handmade leather wallet,3000,74100,Very low,0.0405
handmade ring,3000,849800,Very low,0.0035
handmade quilts,2800,146300,Very low,0.0191
mugs handmade,2700,93200,Very low,0.029
handmade journal,2700,160400,Very low,0.0168
handmade chess set,2700,9300,Very low,0.2903
handmade bracelet,2600,732900,Very low,0.0035
handmade quilts for sale,2600,17700,Very low,0.1469
handmade ceramics,2600,136700,Very low,0.019
handmade leather jewelry with silver beads,2500,18300,Very low,0.1366
handmade plush,2500,293600,Very low,0.0085
handmade rings,2400,756300,Very low,0.0032
handmade clothing,2400,648800,Very low,0.0037
handmade purse,2300,515900,Very low,0.0045
handmade coffee mug,2300,115800,Very low,0.0199
baby quilts handmade,2300,53400,Very low,0.0431
handmade leather bag,2300,206300,Very low,0.0111
handmade wallet,2300,101400,Very low,0.0227
handmade doll,2200,294600,Very low,0.0075
christmas ornament handmade,2200,340300,Very low,0.0065
handmade press ons,2100,56300,Very low,0.0373
ceramic mug handmade,2100,90100,Very low,0.0233
handmade silver ring,2100,652800,Very low,0.0032
handmade keychain,2000,274200,Very low,0.0073
handmade wall art,2000,1100000,Very low,0.0018
handmade crochet bag,2000,94000,Very low,0.0213
handmade christmas ornaments,1900,171900,Very low,0.0111
handmade knife,1900,74100,Very low,0.0256
handmade dress,1800,263000,Very low,0.0068
handmade notebook,1700,67800,Very low,0.0251
handmade christmas ornament,1700,277200,Very low,0.0061
handmade jewellery,1700,2200000,Very low,0.0008
handmade journals,1600,100700,Very low,0.0159
handmade halloween,1600,611100,Very low,0.0026
best selling items handmade,1500,6800,Very low,0.2206
handmade rugs,1500,714000,Very low,0.0021
matcha set handmade,1500,16300,Very low,0.092
handmade jewelry box,1500,75500,Very low,0.0199
handmade fall decor,1500,220700,Very low,0.0068
handmade bags,1500,394500,Very low,0.0038
buy handmade gifts online,1500,12700,Very low,0.1181
handmade sweater,1500,101600,Very low,0.0148
quilt handmade,1500,322400,Very low,0.0047
handmade pottery mug,1400,63400,Very low,0.0221
handmade birthday card,1400,154000,Typical,0.0091
earrings handmade,1400,852100,Very low,0.0016
handmade vase,1400,114200,Very low,0.0123
handmade knives,1400,53600,Very low,0.0261
handmade coasters,1400,77600,Very low,0.018
baby quilt handmade,1400,83700,Very low,0.0167
beaded earrings handmade,1400,173800,Very low,0.0081
handmade silver jewelry,1300,1400000,Very low,0.0009
handmade blanket,1300,172100,Very low,0.0076
ceramic mugs handmade,1300,54200,Very low,0.024
handmade furniture,1300,161500,Very low,0.008
handmade dolls,1300,202500,Very low,0.0064
handmade painting,1300,274700,Very low,0.0047
handmade junk journal,1300,44800,Very low,0.029
handmade christmas,1200,1800000,Very low,0.0007
handmade buttons,1200,61400,Very low,0.0195
handmade plushie,1200,122400,Very low,0.0098
moroccan handmade rug,1200,153500,Very low,0.0078
handmade rosary,1200,37500,Very low,0.032
handmade crochet blanket,1200,53400,Very low,0.0225
handmade bracelets,1200,511300,Very low,0.0023
handmade greeting cards,1200,158400,Very low,0.0076
handmade matcha bowl,1200,8400,Very low,0.1429
handmade lamp,1200,113200,Very low,0.0106
handmade leather journal,1200,36000,Very low,0.0333
ceramics handmade,1100,121200,Very low,0.0091
handmade soap bar,1100,78300,Very low,0.014
handmade stickers,1100,71200,Very low,0.0154
handmade tapestry,1100,105300,Very low,0.0104
beaded necklace handmade,1100,322300,Very low,0.0034
handmade sword,1100,24800,Very low,0.0444
pottery mug handmade,1100,56800,Very low,0.0194
handmade bag charm,1100,127200,Very low,0.0086
greeting cards handmade,1000,146900,Very low,0.0068
handmade halloween decor,1000,230900,Very low,0.0043
handmade tiles,1000,52200,Very low,0.0192
handmade leather,1000,768500,Very low,0.0013
handmade shoes,1000,120400,Very low,0.0083
handmade broom,989,9100,Very low,0.1087
handmade watercolor,979,101100,Very low,0.0097
handmade ceramic vase,945,53300,Very low,0.0177
clay earrings handmade,939,79100,Very low,0.0119
handmade ceramic mugs,933,55700,Very low,0.0168
handmade baby clothes,919,81200,Very low,0.0113
handmade witch hat,917,22100,Very low,0.0415
ceramic vase handmade,898,60000,Very low,0.015
handmade christmas stocking,896,75300,Very low,0.0119
handmade silver earrings,892,278500,Very low,0.0032
matcha bowl set handmade,884,8200,Very low,0.1078
handmade anniversary card,878,57300,Typical,0.0153
handmade corset,877,17100,Very low,0.0513
coffee mug handmade,877,128800.00000000001,Very low,0.0068
christmas decor handmade,857,905800,Very low,0.0009
handmade baby blanket,856,112300,Very low,0.0076
handmade toys,848,275900,Very low,0.0031
handmade butter dish,845,6000,Very low,0.1408
mug handmade,839,133100,Very low,0.0063
handmade cardigan,814,45400,Very low,0.0179
wood crafts handmade,782,100000,Very low,0.0078
stuffed animal handmade,766,111800,Very low,0.0069
handmade leather purse,762,242700,Very low,0.0031
tags for handmade items,761,8500,Typical,0.0895
press on nails handmade,746,61000,Very low,0.0122
handmade tags,730,116400,Typical,0.0063
handmade labels,701,82100,Typical,0.0085
halloween mug handmade,695,12800,Very low,0.0543
handmade nails press on,694,57500,Very low,0.0121
purses for women handmade,691,144200,Very low,0.0048
handmade teddy bear,689,36000,Very low,0.0191
matcha bowl handmade,687,8500,Very low,0.0808
vintage quilts handmade,676,65500,Very low,0.0103
handmade halloween costume,639,81800,Very low,0.0078
handmade bags for women,634,125000,Very low,0.0051
handmade pillow,625,227100,Very low,0.0028
handmade baby quilt,624,83500,Very low,0.0075
handmade stuffed animal,621,92800,Very low,0.0067
handmade leather shoes,620,70500,Very low,0.0088
knives handmade,614,41800,Very low,0.0147
handmade soap bars,594,34900,High,0.017
crochet bag handmade,590,87200,Very low,0.0068
soy candles handmade,571,56400,Very high,0.0101
handmade clock,562,27100,Very low,0.0207
handmade soaps,552,64000,High,0.0086
handmade cushion,541,219200,Very low,0.0025
wickedly handmade,491,5500,Typical,0.0893
beaded jewelry handmade,478,887900,Very low,0.0005
handmade tassel cushion,300,2600,Very low,0.1154
handmade baby shower favors,166,7900,Very low,0.021
hat,16000,2200000,Very low,0.0073
custom hat,15700,655500,Very high,0.024
fascinator,12600,42100,Very low,0.2993
cowboy hat,9400,122200,Very low,0.0769
beanie,8800,239200,Very low,0.0368
custom hats,8700,375200,High,0.0232
scarves,8300,380300,Very low,0.0218
cap,6200,903500,Very low,0.0069
bucket hat,6100,123200,Very low,0.0495
baseball cap,5800,415600,Very low,0.014
gloves,5300,80600,Very low,0.0658
top hat,3300,114900,Very low,0.0287
vintage hat,2900,528400,Very low,0.0055
winter hat,2400,232500,Very low,0.0103
wedding hats,2300,192200,Very low,0.012
straw hat,2300,77100,Very low,0.0298
baby hats,2200,150300,Typical,0.0146
embroidered hats,2100,284800,Typical,0.0074
personalized hat,2100,125400,Very high,0.0167
leather hat,2100,86000,Very low,0.0244
beanie hat,2000,177500,Very low,0.0113
beanies,2000,141600,Very low,0.0141
womens hats,2000,291400,Very low,0.0069
party hats,2000,687300,Typical,0.0029
newsboy cap,2000,10300,Very low,0.1942
fascinator hats,1900,42800,Very low,0.0444
sun hat,1900,110800,Very low,0.0171
personalized hats,1900,136500,Very high,0.0139
vintage hats,1800,320600,Very low,0.0056
surgical cap,1700,71800,Very low,0.0237
toddler hat,1700,93900,Typical,0.0181
fedora,1700,21800,Very low,0.078
cowboy hats,1600,75000,Very low,0.0213
wool hat,1500,107500,Very low,0.014
church hats,1500,20600,Very low,0.0728
skull cap,1400,90200,Very low,0.0155
wide brim hat,1300,43500,Very low,0.0299
flat cap,1200,30000,Very low,0.04
bucket hats,1200,85900,Very low,0.014
dog hats,1200,74700,Typical,0.0161
cloche hat,1100,14500,Very low,0.0759
beach hat,1100,103400,Very low,0.0106
knitted hat,1100,105800,Very low,0.0104
western hat,1100,111300,Very low,0.0099
handmade hat,1000,312000,Very low,0.0032
winter hats,1000,158500,Very low,0.0063
photography props,998,54000,Very low,0.0185
chef hat,992,18500,High,0.0536
baseball caps,992,300600,Typical,0.0033
felt hat,936,45300,Very low,0.0207
fishing hat,902,51900,Very low,0.0174
derby hats,890,20900,Very low,0.0426
bowler hat,818,14500,Very low,0.0564
knitted hats,789,124700,Very low,0.0063
hair accessory,729,789400,Very low,0.0009
kids hat,652,683500,Typical,0.001
knitted beanie,604,59500,Very low,0.0102
earmuffs,560,5500,Very low,0.1018
hat boxes,526,13400,Very low,0.0393
ear warmers,509,13300,Very low,0.0383
summer hat,498,184900,Very low,0.0027
costume hat,472,249600,Very low,0.0019
boater hat,458,11300,Very low,0.0405
retro hat,438,172800,Very low,0.0025
boonie hat,433,12000,Very low,0.0361
pet hats,429,72900,Very low,0.0059
panama hat,415,7500,Very low,0.0553
headwear,408,234300,Very low,0.0017
straw hats,374,52800,Very low,0.0071
toddler hats,353,57800,High,0.0061
fun hats,345,60600,Very low,0.0057
cool hats,339,29700,Very low,0.0114
steampunk hats,322,15000,Very low,0.0215
gardening hat,315,21400,Very low,0.0147
sun hats,313,64200,Very low,0.0049
unique hats,301,140300,Very low,0.0021
felt hats,290,27500,Very low,0.0105
fedora hats,275,15800,Very low,0.0174
wool hats,271,56800,Very low,0.0048
leather caps,256,47800,Very low,0.0054
festival hats,254,69500,Very low,0.0037
handmade hats,254,233300,Very low,0.0011
visors,220,34300,Very high,0.0064
unisex hat,212,325200,Very low,0.0007
hunting hats,208,14800,Very low,0.0141
mens cap,203,89800,Very low,0.0023
travel hat,201,33300,Very low,0.006
skull caps,194,49800,Typical,0.0039
panama hats,188,6900,Very low,0.0272
beanie hats,176,127800,Very low,0.0014
novelty hat,174,44600,Very low,0.0039
ladies hat,173,33000,Very low,0.0052
mens fedora,172,12800,Very low,0.0134
crocheted hats,168,119000,Very low,0.0014
boating hat,165,11300,Very low,0.0146
boho hats,165,108300,Very low,0.0015
flat caps,163,19100,Very low,0.0085
costume hats,160,94000,Very low,0.0017
floppy hat,143,11400,Very low,0.0125
designer hat,135,62300,Very low,0.0022
gothic hats,129,45300,Very low,0.0028
fishing hats,127,28900,Very low,0.0044
berets,124,18500,Very low,0.0067
womens cap,116,223500,Very low,0.0005
handmade beanies,112,52900,Very low,0.0021
retro hats,106,115000,Very low,0.0009
boonie hats,105,14200,Very low,0.0074
womens fedora,98,13400,Very low,0.0073
biker hat,98,13600,Very low,0.0072
cool caps,96,19900,Very low,0.0048
fashion hats,94,124900,Very low,0.0008
mardi gras hats,80,9000,Very low,0.0089
novelty hats,79,17200,Very low,0.0046
wide brim hats,76,31900,Very low,0.0024
graphic hats,74,69000,Very low,0.0011
newsboy hats,73,9400,Very low,0.0078
chef hats,72,14200,Very low,0.0051
flat brim hats,63,9800,Very low,0.0064
hippie hats,60,45100,Very low,0.0013
designer beanies,59,5000,Very low,0.0118
slouchy beanies,58,21700,Typical,0.0027
formal hats,53,37400,Very low,0.0014
ski hats,48,16900,Very low,0.0028
gardening hats,47,9300,Very low,0.0051
graduation hats,47,21300,Very low,0.0022
hiking hats,44,12700,Very low,0.0035
designer hats,42,43300,Very low,0.001
unique headwear,35,29900,Very low,0.0012
packable hats,34,11600,Typical,0.0029
baker boy hats,32,4000,Very low,0.008
outdoor hats,29,103600,Very low,0.0003
winter headwear,26,30100,Very low,0.0009
stylish hats,24,69200,Very low,0.0003
camping hats,23,18700,Very low,0.0012
canvas hats,23,28200,Very high,0.0008
performance hats,21,16000,Very low,0.0013
retro caps,20,28400,Very low,0.0007
boater hats,19,7100,Very low,0.0027
doctor hats,19,21100,Very low,0.0009
outdoors hat,18,20700,Very low,0.0009
denim caps,17,9200,Very high,0.0018
work hats,13,19200,Very low,0.0007
breathable hats,12,6800,Very low,0.0018
plain caps,11,4300,Very low,0.0026
cyberpunk hats,9,5200,Very low,0.0017
dance hats,8,10800,Very low,0.0007
cozy hats,8,15500,Very low,0.0005
travel hats,7,25000,Very low,0.0003
outdoor headwear,3,5100,Very low,0.0006
protective headwear,2,1000,Very low,0.002
her,449,3500000,Very low,0.0001
custom gifts,25600,1400000,Very low,0.0183
christmas gifts for women,8300,1400000,Very low,0.0059
unique gifts for her,2900,1100000,Very low,0.0026
personalized jewelry for her,2700,148800,Very low,0.0181
custom bags,2600,535600,Very high,0.0049
ladies gifts,2000,196600,Very low,0.0102
gifts for her birthday unique,1800,386700,Very low,0.0047
custom sunglasses,1500,51300,Very high,0.0292
female gifts,882,81600,Very low,0.0108
gifts for her unique,755,959800,Very low,0.0008
gifts for her friend,681,88800,Typical,0.0077
ladies jewelry,518,106200,Very low,0.0049
custom wallets,350,58300,Very low,0.006
spa gifts for her,293,16400,Very low,0.0179
custom art prints,140,596800,Very low,0.0002
custom bath bombs,51,7400,Typical,0.0069
gifts for women travel,48,247700,Very high,0.0002
bags for her,33,423600,Very low,0.0001
gifts for her vintage,33,1400000,Very low,0
self care gifts for her,29,69400,Very high,0.0004
gifts for her travel,26,288700,Typical,0.0001
gifts for women anniversary,26,1900000,Very low,0
accessories for her,25,820900,Typical,0
gifts for women best friend,19,143000,High,0.0001
gifts for her birthday personalized,19,643600,Very low,0
gifts for her kitchen,18,494300,Very low,0
hats for her,15,112300,Very low,0.0001
gifts for lady,15,205900,Very high,0.0001
gifts for women who love to read,12,199100,Very low,0.0001
home decor for her,12,1400000,Very high,0
bath bombs for her,11,3500,Very low,0.0031
gifts for her bridesmaid,10,433800,Very low,0
gifts for women jewelry,9,1100000,Very high,0
gifts for her wedding,9,1800000,Very high,0
gifts for her custom,8,1600000,Very low,0
gifts for her daughter,7,229700,Very low,0
gifts for her luxury,7,517799.99999999994,Very low,0
gifts for her mom,6,981800,Very low,0
gifts for women sentimental,5,7000,Very low,0.0007
gifts for her bride,5,103500,Very low,0
gifts for her sister,5,177900,Very low,0
gifts for her housewarming,5,278500,Very high,0
gifts for her minimalist,5,281000,Very low,0
gifts for her bestie,4,3800,Very low,0.0011
gifts for women home decor,4,78500,Very low,0.0001
gifts for her girlfriend,4,78900,Very low,0.0001
gifts for her office,4,265100,Very low,0
gifts for her birthday funny,4,358800,Very low,0
gifts for women wife,4,387400,Very low,0
gifts for her long distance,3,6700,Very low,0.0004
gifts for her self care,3,36800,Very low,0.0001
gifts for her christmas unique,3,185000,Very low,0
gifts for women teacher,3,308700,Very low,0
gifts for her engagement,3,946200,Very low,0
gifts for women sister,3,1400000,Very low,0
sunglasses for her,2,6000,Very low,0.0003
valentines day gifts for women,2,7100,Very low,0.0003
wallets for her,2,7100,Very low,0.0003
gifts for women custom,2,7100,Very low,0.0003
art prints for her,2,167200,Very low,0
gifts for her promotion,1,6900,Very low,0.0001
hair accessories for her,1,7100,Very low,0.0001
gifts for her from him,1,7300,Very high,0.0001
gifts for her thoughtful,1,15700,Very low,0.0001
gifts for her reading,1,35200,Very high,0
gifts for her birthday self care,1,50100,Very low,0
scarves for her,1,85900,Very low,0
gifts for her teacher,1,86300,Very low,0
gifts for her holiday,1,227100,Very low,0
gifts for her beauty,1,584200,Very low,0
gifts for her valentines,1,637300,Very low,0
clothing for her,1,1500000,Very low,0
him,644,2700000,Very low,0.0002
mens clothing,23000,1300000,Very low,0.0177
mens ring,12300,629700,Very low,0.0195
mens leather wallet,9500,53100,Very low,0.1789
unique gifts for him,6500,133100,Very low,0.0488
mens toiletry bag,3900,8900,Very high,0.4382
mens shoes,3000,60200,Very low,0.0498
mens silver necklace,2700,451200,Very low,0.006
christmas gift for him,2500,95700,Very low,0.0261
mens birthday gifts,2000,1200000,Very low,0.0017
gifts for him birthday,1500,491400,Very low,0.0031
mens shirt,1400,2600000,Very low,0.0005
mens hat,1400,243000,Very low,0.0058
mens boots,1300,29900,Very low,0.0435
mens jacket,1200,297500,Very low,0.004
mens keychain,1000,55200,Very low,0.0181
mens t shirts,1000,2100000,Very low,0.0005
mens hoodie,1000,412400,Very low,0.0024
mens sunglasses,951,35400,Very low,0.0269
mens slippers,810,14800,Very low,0.0547
mens graphic tee,772,1200000,Very low,0.0006
gifts for him unique,733,369700,Very low,0.002
mens dress shoes,635,23100,Very low,0.0275
mens tie,626,148400,Very low,0.0042
mens bag,604,118400,Very low,0.0051
mens fashion,601,456200,Very low,0.0013
gifts for him anniversary,582,237100,Very low,0.0025
mens gift box,462,97000,Very low,0.0048
mens decor,457,623800,Very low,0.0007
mens gift basket,445,12600,Very low,0.0353
mens sweatshirt,428,615300,Very low,0.0007
mens messenger bag,419,18900,Very low,0.0222
mens sneakers,402,34300,Very low,0.0117
mens scarf,397,32100,Very low,0.0124
unique gift for him,392,363800,Very low,0.0011
mens backpack,372,17000,Very low,0.0219
mens coat,361,273100,Very low,0.0013
mens pajamas,328,29700,Very low,0.011
mens boxers,223,11700,Typical,0.0191
mens pajama set,179,9300,Very low,0.0192
mens fragrance,143,24900,High,0.0057
gifts for him christmas,140,396600,Very low,0.0004
mens button down shirt,139,27000,Very high,0.0051
mens gifts ideas,138,296900,Very low,0.0005
gifts for him personalized,124,442800,Very low,0.0003
mens boxer briefs,103,7400,Very low,0.0139
valentines day gift for him,98,82900,Very low,0.0012
mens casual shoes,74,31100,Very low,0.0024
mens streetwear,70,570700,Very low,0.0001
gifts for best friend male,67,2000,Very low,0.0335
mens unique gifts,61,868000,Very low,0.0001
gifts for him funny,54,305900,Very low,0.0002
mens loungewear,45,23400,Very low,0.0019
mens mug,44,61300,Very low,0.0007
mens skincare,38,6500,Very low,0.0058
mens beard oil,30,8300,Typical,0.0036
mens woodworking gifts,27,32299.999999999996,Very low,0.0008
mens gifts for christmas,23,252700,Typical,0.0001
gifts for him handmade,20,24400,Very low,0.0008
mens casual shirt,20,389700,Very low,0.0001
mens shave kit,19,6800,High,0.0028
gifts for him practical,19,219400,Very low,0.0001
gifts for him cool,17,7100,Very low,0.0024
gift for him 50th birthday,16,7700,High,0.0021
mens sports gifts,15,332600,Very low,0
gifts for him thoughtful,14,7800,Very low,0.0018
gifts for him gamer,13,187800,Very high,0.0001
gifts for him watch,12,26800,Very low,0.0004
mens present ideas,11,54000,Very low,0.0002
mens valentines gifts,11,277200,Very low,0
mens just because gifts,10,7000,Very low,0.0014
gift for him retirement,10,9400,Very low,0.0011
gifts for him music lover,10,23000,Very low,0.0004
mens grooming set,10,27000,Very low,0.0004
gifts for him outdoorsman,9,1200,Very low,0.0075
mens gifts for anniversary,9,7200,Very low,0.0013
mens hunting gear,9,11400,Very low,0.0008
gift for him son,9,23500,Very low,0.0004
gift for him 30th birthday,8,39700,Very low,0.0002
gift for him 40th birthday,6,2000,Very low,0.003
mens gamer gifts,5,312200,Very low,0
gifts for him jewelry,5,343900,Very low,0
gift for him romantic,4,7200,Very low,0.0006
gifts for him woodworking,4,8300,Very low,0.0005
gift for him 70th birthday,4,9600,Very low,0.0004
mens book lover gifts,4,119400,Very low,0
mens valentines day gifts,4,283600,Very low,0
gifts for him sentimental,3,14200,Very low,0.0002
gift for him 21st birthday,2,19500,Very low,0.0001
gifts for him wallet,2,21200,Very low,0.0001
mens housewarming gifts,2,101500,Very low,0
gifts for him travel,2,115200,Very low,0
gift for him 80th birthday,1,53,Very low,0.0189
gift for him mentor,1,1700,Very low,0.0006
gift for him practical,1,7000,Very low,0.0001
gifts for him book lover,1,7000,Very low,0.0001
gifts for him sports fan,1,7100,Very low,0.0001
gift for him boss,1,12000,Very low,0.0001
mens camping gear,1,22600,Very low,0
gift for him teacher,1,62500,Very low,0
fall home decor,127300,411100,Very low,0.3097
halloween home decor,43200,1400000,Very low,0.0309
autumn home decor,24100,276900,Very low,0.087
gothic home decor,18200,663300,Very low,0.0274
home decor items,16900,133700,Very low,0.1264
funky home decor,10600,193600,Very low,0.0548
home decorations,8900,1100000,Very low,0.0081
witchy home decor,7800,224300,Very low,0.0348
new home decor,7600,1100000,Very low,0.0069
antique home decor,5900,1100000,Very low,0.0054
western home decor,5700,444000,Very low,0.0128
spooky home decor,4100,443000,Very low,0.0093
wooden home decor,3900,1000000,Very low,0.0039
farmhouse home decor,3700,2400000,Very low,0.0015
christian home decor,3500,763800,Very low,0.0046
primitive home decor,3400,394700,Very low,0.0086
diwali home decor,3400,49700,Very low,0.0684
mexican home decor,3300,102900,Very low,0.0321
dopamine home decor,3100,95300,Very low,0.0325
cozy home decor,3000,520400,Very low,0.0058
catholic home decor,3000,180000,Very low,0.0167
cottage core home decor,2900,101900,Very low,0.0285
thanksgiving home decor,2700,468100,Very low,0.0058
home decor wall art,2500,2500000,Very low,0.001
home decor vintage,2500,1700000,Very low,0.0015
indian home decor,2500,196800,Very low,0.0127
weird home decor,2400,48600,Very low,0.0494
halloween decor home decor,2300,1400000,Very low,0.0016
whimsy home decor,2200,41300,Very low,0.0533
nautical home decor,2100,592100,Very low,0.0035
winter home decor,2100,494900,Very low,0.0042
grinch home decor,2000,36000,Very low,0.0556
cute home decor,2000,2200000,Very low,0.0009
victorian home decor,2000,399400,Very low,0.005
70s home decor,1900,143800,Very low,0.0132
religious home decor,1900,1100000,Very low,0.0017
maximalist home decor,1900,150800,Very low,0.0126
nerdy home decor,1900,22900,Very low,0.083
goth home decor,1800,133900,Very low,0.0134
japanese home decor,1800,392900,Very low,0.0046
country home decor,1800,1700000,Very low,0.0011
cool home decor,1800,218700,Very low,0.0082
pumpkin home decor,1800,562900,Very low,0.0032
cat home decor,1600,516400,Very low,0.0031
celestial home decor,1600,360500,Very low,0.0044
islamic home decor,1600,70500,Very low,0.0227
fall home decor indoor,1500,163800,Very low,0.0092
whimsigoth home decor,1500,32200.000000000004,Very low,0.0466
dark academia home decor,1500,245200,Very low,0.0061
personalised home decor,1500,577400,Very low,0.0026
cottagecore home decor,1500,864400,Very low,0.0017
90s home decor,1400,74500,Very low,0.0188
luxury home decor,1400,890300,Very low,0.0016
fall home decor outdoor,1400,179100,Very low,0.0078
pink home decor,1400,2400000,Very low,0.0006
wedding home decor,1300,1200000,Very low,0.0011
home decor items aesthetic,1300,10800,Very low,0.1204
vintage home decor antique,1300,1400000,Very low,0.0009
art deco home decor,1300,1300000,Very low,0.001
fantasy home decor,1300,669500,Very low,0.0019
spiritual home decor,1300,774100,Very low,0.0017
home decoration,1200,1300000,Very low,0.0009
medieval home decor,1200,120100,Very low,0.01
dolly parton home decor,1100,10600,Very low,0.1038
religious home & decor,1100,879300,Very low,0.0013
christmas decor home decor,1000,1100000,Very low,0.0009
fun home decor,992,514000,Very low,0.0019
fall home decor items,985,12200,Very low,0.0807
wood home decor,953,2700000,Very low,0.0004
shabby chic home decor,913,180300,Very low,0.0051
moody home decor,904,449000,Very low,0.002
horror home decor,894,356400,Very low,0.0025
fall home decor vintage,892,292800,Very low,0.003
colorful home decor,886,1400000,Very low,0.0006
brass home decor,883,305400,Very low,0.0029
chic home decor,880,485400,Very low,0.0018
ralph lauren home decor,871,16000,Very low,0.0544
beach home decor,870,1400000,Very low,0.0006
neutral home decor,858,692100,Very low,0.0012
fall home decor accents,852,243500,Very low,0.0035
family home decor,851,960100,Very low,0.0009
aesthetic home decor,838,866300,Very low,0.001
fall decorations home decor,834,186700,Very low,0.0045
disney-home decor,830,228200,Very low,0.0036
football home decor,821,401600,Very low,0.002
burgundy home decor,817,84600,Very low,0.0097
evil eye home decor,789,20000,Very low,0.0394
earthy home decor,765,199800,Very low,0.0038
practical magic home decor,754,8600,Very low,0.0877
green home decor,745,2200000,Very low,0.0003
pagan home decor,737,62200,Very low,0.0118
dog home decor,733,700000,Very low,0.001
halloween home decor indoor,732,211100,Very low,0.0035
vintage fall home decor,731,344400,Very low,0.0021
y2k home decor,731,69200,Very low,0.0106
african home decor,715,192500,Very low,0.0037
wayfair home decor,681,6900,Very low,0.0987
japandi home decor,680,167500,Very low,0.0041
occult home decor,676,64800,Very low,0.0104
irish home decor,673,69800,Very low,0.0096
bookish home decor,665,127900,Very low,0.0052
copper home decor,661,272500,Very low,0.0024
anime home decor,657,464600,Very low,0.0014
primitive fall home decor,654,47600,Very low,0.0137
southwestern home decor,632,152200,Very low,0.0042
1970s home decor,603,250800,Very low,0.0024
witch home decor,594,420300,Very low,0.0014
80s home decor,594,74300,Very low,0.008
mid century modern home decor,585,454500,Very low,0.0013
3d printed home decor,568,190100,Very low,0.003
halloween home decor outdoor,561,222000,Very low,0.0025
french country home decor,551,123100,Very low,0.0045
mcm home decor,547,179900,Very low,0.003
ĥarry potter home decor,511,19800,Very low,0.0258
living room home decor,506,5200000,Very low,0.0001
eccentric home decor,482,15600,Very low,0.0309
pokemon-home decor,473,45600,Very low,0.0104
ceramic home decor,467,963700,Very low,0.0005
small space home decor,461,48500,Very low,0.0095
home decor antique,461,1600000,Very low,0.0003
steampunk home decor,460,52000,Very low,0.0088
dachshund home decor,458,42700,Very low,0.0107
chrome home decor,449,72200,Very low,0.0062
last name home decor,448,85600,Very low,0.0052
alternative home decor,438,99100,Very low,0.0044
spanish home decor,435,75000,Very low,0.0058
witch decor home decor,427,322100,Very low,0.0013
pumpkins home decor,427,290500,Very low,0.0015
zelda home decor,389,11800,Very low,0.033
home sweet home decor,378,210400,Very low,0.0018
snoopy home decor,378,16700,Very low,0.0226
disney-home decor items,362,52700,Very low,0.0069
diwali decor home decor,361,52700,Very low,0.0069
gothic home decor candle,360,20900,Very low,0.0172
witchy decor home decor,356,233100,Very low,0.0015
mushroom home decor,317,139900,Very low,0.0023
home-decor,306,5600000,Very low,0.0001
western decor home decor,298,483800,Very low,0.0006
buffalo bills home decor,286,9700,Very low,0.0295
fall home decor pumpkins,283,90900,Very low,0.0031
pottery barn home decor,32,11000,Very low,0.0029
harry potter home decor,1,30100,Very low,0
invitation,16700,1300000,Very low,0.0128
invitation template,9700,1800000,Very low,0.0054
stationery,7800,3400000,Very low,0.0023
wedding invite,5800,228800,Very low,0.0253
first birthday card,3800,83900,Very high,0.0453
birthday invite,2700,445100,Very low,0.0061
christmas invitation,2500,77200,Very low,0.0324
bridal shower card,1400,152300,Very high,0.0092
graduation invitation,1200,42000,Very low,0.0286
digital invite,1100,932400,Very low,0.0012
funeral invitation,992,11800,Very low,0.0841
bridal shower invite,808,70400,Very low,0.0115
retirement party invitation,664,9700,High,0.0685
acrylic invitation,540,23900,Very low,0.0226
rsvp card,539,137700,Very low,0.0039
party invite,513,956600,Very low,0.0005
engagement invitation,483,57700,Very low,0.0084
printable card,423,1400000,Very low,0.0003
paper goods,412,33400,Very low,0.0123
first communion invitation,408,5800,Very low,0.0703
confirmation invitation,309,8600,Typical,0.0359
design template,294,2800000,High,0.0001
custom invitation,274,589400,Typical,0.0005
watercolor invitation,156,113600,Very low,0.0014
bachelorette party invite,133,34100,Very low,0.0039
new year invitation,120,8600,Very low,0.014
invitation design,108,664500,Very low,0.0002
adult party invitation,100,56000,Very low,0.0018
letterpress invitation,99,6700,Very low,0.0148
photo invitation,99,116400,Very low,0.0009
wedding reception invite,98,16000,Very low,0.0061
memorial service invitation,96,14100,Typical,0.0068
vintage invitation,89,184800,Very low,0.0005
handmade invitation,88,77000,Very low,0.0011
holiday invitation,80,102100,Typical,0.0008
template invitation,77,1800000,Very low,0
minimalist invitation,76,98200,Very low,0.0008
communion invitation,72,12900,Very low,0.0056
wedding shower invite,69,134800,Very low,0.0005
celebration invitation,68,719600,Very low,0.0001
welcome party invitation,63,84500,Very low,0.0007
summer party invite,63,112900,Very low,0.0006
modern invitation,52,317600,Very low,0.0002
rustic invitation,50,158200,Typical,0.0003
welcome party invite,45,78000,Very low,0.0006
venue invitation,44,8200,Very low,0.0054
first communion invite,38,5700,Very low,0.0067
formal invitation,36,37100,Very low,0.001
corporate invitation,35,5100,Typical,0.0069
bachelor party invite,35,12600,Very low,0.0028
business invitation,34,11400,Very low,0.003
digital download invite,34,875900,High,0
shower invite,30,378800,Very low,0.0001
foil invitation,27,22800,Very low,0.0012
calligraphy invitation,27,26100,Very low,0.001
shower card,26,370500,High,0.0001
corporate event invitation,23,4100,High,0.0056
event stationery,23,244800,Very low,0.0001
party stationery,23,5900000,Very low,0
birthday stationery,21,714000,Very low,0
customizable invite,21,803500,Very low,0
customizable invitation,20,427200,Very low,0
event invite,19,172600,Very low,0.0001
holiday invite,15,32700.000000000004,Very low,0.0005
gathering invitation,14,29300,Very low,0.0005
diy invitation,13,444900,Very high,0
stationery design,13,1400000,High,0
illustrated invitation,11,7500,Very low,0.0015
conference invitation,10,2300,Very low,0.0043
online party invite,8,18700,Very low,0.0004
unique invitation,8,110500,Very low,0.0001
baby naming invitation,6,5400,Very low,0.0011
seminar invitation,5,1700,Very low,0.0029
stag do invite,4,952,Very low,0.0042
corporate event invite,4,2700,Very low,0.0015
diy invitation kit,4,344700,Very low,0
workshop invitation,3,4000,Very low,0.0008
special event card,3,10300,Very low,0.0003
fall event invite,3,11900,Very low,0.0003
themed party invite,3,126800,Very low,0
product launch invite,2,960,Very low,0.0021
informal invitation,2,1500,Very low,0.0013
casual invitation,2,9300,Very low,0.0002
business event card,2,18600,Very low,0.0001
themed invitation,2,240500,Very low,0
business event invite,1,1900,Very low,0.0005
virtual event invite,1,2100,Very low,0.0005
ita bag,58700,15000,Very low,3.9133
custom bag,4300,842100,High,0.0051
cute tote bag,2400,130199.99999999999,Very low,0.0184
pin display bag,1600,6200,Very low,0.2581
custom ita bag,1300,7000,Very low,0.1857
travel backpack,1100,38800,Very low,0.0284
cute backpack,981,94200,Very low,0.0104
artist alley,689,4600,Very low,0.1498
pin display backpack,680,4100,Very low,0.1659
alternative fashion,624,111600,Very low,0.0056
kawaii backpack,575,26300,Very low,0.0219
anime backpack,554,15600,Very low,0.0355
pin trading bag,534,5200,Typical,0.1027
clear window bag,497,5900,Very low,0.0842
goth ita bag,440,5600,Very low,0.0786
anime bag,437,36500,Very low,0.012
unique backpack,408,71300,Very low,0.0057
gothic ita bag,256,5400,Very low,0.0474
customizable bag,192,128300.00000000001,Typical,0.0015
cosplay accessory,182,177900,Very low,0.001
collectible display,182,287700,Very low,0.0006
japanese ita bag,158,5300,Very low,0.0298
anime accessory,138,243400,Very low,0.0006
anime convention,135,9100,Very low,0.0148
aesthetic backpack,133,11000,Very low,0.0121
customizable tote,121,51000,Very high,0.0024
plushie display bag,120,3900,Very low,0.0308
pin display purse,120,6300,Very low,0.019
korean style bag,97,5100,Very low,0.019
enamel pin bag,95,18600,Very low,0.0051
crossbody pin bag,91,7800,Very low,0.0117
transparent backpack,80,8700,Very low,0.0092
convention bag,78,5000,Very low,0.0156
artist backpack,76,4100,Very low,0.0185
enamel pin display case,70,5200,Typical,0.0135
korean fashion bag,60,1600,Very low,0.0375
manga backpack,59,3500,Very low,0.0169
customizable backpack,57,23500,Very high,0.0024
cute clear backpack,56,2400,Very low,0.0233
pin holder bag,54,8400,Very low,0.0064
fashion backpack,51,45900,Very low,0.0011
customizable ita bag,48,4800,Typical,0.01
anime pin bag,47,9500,Very low,0.0049
gamer backpack,39,13600,Very low,0.0029
everyday backpack,39,14900,Very low,0.0026
pin badge bag,35,20600,Very low,0.0017
customizable purse,34,70000,Typical,0.0005
pin collection bag,32,9400,Very low,0.0034
gamer ita bag,31,6000,Very low,0.0052
kawaii shoulder bag,30,7800,Very low,0.0038
art backpack,30,50000,Very low,0.0006
anime convention bag,27,3200,Very low,0.0084
nerd backpack,27,6700,Very low,0.004
fandom bag,24,28700,Very low,0.0008
fantasy ita bag,22,6400,Very low,0.0034
messenger bag pins,22,6600,Very low,0.0033
geek backpack,21,2400,Very low,0.0088
otaku bag,21,2400,Very low,0.0088
convention backpack,21,5900,Very low,0.0036
transparent window bag,20,4600,Very low,0.0043
display purse,18,32000,High,0.0006
badge bag,18,37500,Very low,0.0005
otaku backpack,17,5400,Very low,0.0031
nerd ita bag,17,6800,Very low,0.0025
fairytale backpack,15,7200,Very low,0.0021
custom pin bag,15,21000,Very low,0.0007
enamel pin purse,12,19500,Very low,0.0006
clear front bag,10,7200,Very low,0.0014
clear window backpack,9,3200,Very low,0.0028
custom ita backpack,9,4400,Very low,0.002
k-pop backpack,9,6800,Very low,0.0013
k-pop ita bag,6,1200,Very low,0.005
kawaii ita purse,6,4800,Very low,0.0013
transparent display bag,6,6700,Very low,0.0009
pin display tote,6,7500,Very low,0.0008
badge display bag,5,4400,Very low,0.0011
enamel pin tote,5,6100,Very low,0.0008
customizable clear bag,5,11900,Very low,0.0004
enamel pin accessory,5,227500,Very low,0
button display bag,4,7700,Very low,0.0005
vinyl window bag,4,8700,Very low,0.0005
badge holder bag,4,19200,Very low,0.0002
enamel pin backpack,4,38000,Very low,0.0001
merch bag,4,41100,Very low,0.0001
accessory purse,4,779700,Very low,0
enamel pin clutch,3,3800,Very low,0.0008
pin collector backpack,3,5500,Very low,0.0005
craft fair bag,3,6600,Very low,0.0005
pin showcase bag,3,7200,Very low,0.0004
themed backpack,3,325400,Very low,0
korean ita bag,2,6400,Very low,0.0003
pin collector purse,2,7300,Very low,0.0003
pin organizer bag,1,1100,Very low,0.0009
clear display backpack,1,1200,Very low,0.0008
messenger bag with display,1,1500,Very low,0.0007
pin collection backpack,1,1700,Very low,0.0006
pin enthusiast gift,1,1800,Very low,0.0006
manga convention,1,1800,Very low,0.0006
merch backpack,1,2700,Very low,0.0004
decorative backpack,1,2800,Very low,0.0004
convention accessory,1,5300,Very low,0.0002
royal ita bag,1,6500,Very low,0.0002
travel pin bag,1,7000,Very low,0.0001
showcase backpack,1,7300,Very low,0.0001
cute pin backpack,1,7700,Very low,0.0001
handmade display bag,1,147600,Very low,0
jewellery,31500,9700000,Very low,0.0032
rings,184600,699500,Very low,0.2639
necklaces,86500,328800,Very low,0.2631
vintage jewelry,50700,972600,Very low,0.0521
silver necklace,37300,2300000,Very low,0.0162
pendant necklaces,32800,916200,Very low,0.0358
silver jewelry,30200,1800000,Very low,0.0168
gold jewelry,22000,1300000,Very low,0.0169
mid century modern,20800,573300,Very low,0.0363
choker necklace,20300,462600,Very low,0.0439
antique jewelry,19500,605900,Very low,0.0322
brooches,18200,448100,Very low,0.0406
jewelry sets,18100,333200,Very low,0.0543
pendant necklace,17600,1200000,Very low,0.0147
dainty necklace,13600,902100,Very low,0.0151
boho jewelry,12000,907300,Very low,0.0132
personalized necklace,12000,230900,Typical,0.052
sterling silver chain,10900,553000,High,0.0197
rose gold ring,10800,768600,Very low,0.0141
gemstone necklace,10300,1400000,Very low,0.0074
memorial jewelry,9200,119900,Very low,0.0767
pendants,8700,1200000,Very low,0.0073
jewelry set,8300,1000000,Very low,0.0083
unique jewelry,8100,562700,Very low,0.0144
art deco jewelry,7700,797600,Very low,0.0097
pearl jewelry,7100,656500,Very low,0.0108
brooch pin,6700,638500,Very low,0.0105
gemstone jewelry,6300,1600000,Very low,0.0039
victorian jewelry,6300,208200,Very low,0.0303
hair jewelry,5800,661900,Very low,0.0088
celestial jewelry,5400,181600,Very low,0.0297
anklets,5000,63100,Very low,0.0792
resin jewelry,4900,301000,Very low,0.0163
minimalist jewelry,4500,1400000,Very low,0.0032
body jewelry,4300,163000,Very low,0.0264
beaded jewelry,4100,1600000,Very low,0.0026
ring stack,3700,786400,Very low,0.0047
wire wrapped jewelry,3700,170800,Very low,0.0217
dainty jewelry,3600,1200000,Very low,0.003
minimalist necklace,3400,843200,Very low,0.004
spiritual jewelry,2900,215600,Very low,0.0135
rose gold jewelry,2700,1200000,Very low,0.0022
pendant charm,2400,2400000,Very low,0.001
chunky bracelet,2300,83600,Very low,0.0275
ocean jewelry,2300,183300,Very low,0.0125
birth flower jewelry,2200,68700,High,0.032
diamond jewelry,2200,980000,Very low,0.0022
layering necklace,2000,194500,Very low,0.0103
geometric earrings,2000,169500,Very low,0.0118
nature inspired jewelry,1700,269900,Very low,0.0063
wood jewelry,1700,288300,Very low,0.0059
artisan jewelry,1400,459300,Very low,0.003
initial jewelry,1300,438100,Very low,0.003
tribal jewelry,1300,161100,Very low,0.0081
engraved pendant,1300,143000,Very low,0.0091
ethnic jewelry,1200,209000,Very low,0.0057
clay jewelry,1200,207300,Very low,0.0058
animal jewelry,1100,567000,Very low,0.0019
layered necklaces,1000,211000,Very low,0.0047
everyday jewelry,1000,309900,Very low,0.0032
wire wrapped ring,887,29700,Very low,0.0299
photo jewelry,841,78300,Typical,0.0107
platinum necklace,838,28700,Very low,0.0292
geometric necklace,811,146500,Very low,0.0055
handmade necklaces,752,803300,Very low,0.0009
rose gold bangle,682,23000,Very low,0.0297
acrylic jewelry,644,257899.99999999997,Very low,0.0025
geometric jewelry,599,389700,Very low,0.0015
birthday jewelry,579,1600000,Typical,0.0004
charm jewelry,550,1100000,Very low,0.0005
yoga jewelry,532,70100,Very low,0.0076
modern jewelry,512,449600,Very low,0.0011
platinum jewelry,499,290300,Very low,0.0017
masonic jewelry,493,8700,Very low,0.0567
body chains,485,31800,Very low,0.0153
necklace jewelry,474,2100000,Very low,0.0002
delicate jewelry,423,422700,Very low,0.001
bold necklace,372,71300,Very low,0.0052
unisex jewelry,338,1800000,Very low,0.0002
nature inspired earrings,325,76900,Very low,0.0042
earring jewelry,319,2000000,Very low,0.0002
bracelet jewelry,273,1500000,Very low,0.0002
metal jewelry,263,1000000,Very low,0.0003
eco friendly jewelry,246,180100,Very low,0.0014
party jewelry,242,1100000,Very low,0.0002
wire wrapped rings,238,27500,Very low,0.0087
ring jewelry,236,946200,Very low,0.0002
gift for her jewelry,230,2000000,Very low,0.0001
floral statement necklace,202,52200,Very low,0.0039
ocean wave jewelry,198,20000,Very low,0.0099
beaded chokers,179,148500,Very low,0.0012
geometric stud earrings,157,41600,Very low,0.0038
layered bracelets,151,114000,Very low,0.0013
chakra balancing jewelry,148,33800,Very low,0.0044
small business gifts,124,53900,Very low,0.0023
mala beads necklace,120,25900,Typical,0.0046
craft jewelry,120,1800000,Very low,0.0001
sustainable jewelry,108,69800,Very low,0.0015
delicate silver earrings,73,64700,High,0.0011
layered jewelry,72,466300,Very low,0.0002
boutique jewelry,64,36700,Very low,0.0017
ethical jewelry,57,487500,Very low,0.0001
artisan made jewelry,51,44500,Very low,0.0011
anniversary gift jewelry,47,1200000,Very high,0
tie clip set,46,102500,Very low,0.0004
jewelry trends,41,90300,Very low,0.0005
metal stamped jewelry,39,10500,Very low,0.0037
engraved lockets,34,11000,Very low,0.0031
birthday gift necklace,28,743000,Very low,0
art deco inspired,26,299900,Very low,0.0001
minimalist gold chain,25,377000,Very high,0.0001
precious metal jewelry,16,16200,Very low,0.001
hair jewelry clips,13,114100,Very low,0.0001
tribal ethnic jewelry,8,26700,Very low,0.0003
everyday wear jewelry,8,135100,Very low,0.0001
charm anklets,3,12200,Very low,0.0002
ear cuffs climbers,3,13000,Very low,0.0002
crystal energy pendant,3,121600,Very low,0
zen meditation beads,2,5800,Very high,0.0003
astrology zodiac charms,1,11500,Very low,0.0001
nose studs hoop,1,26900,Very low,0
jewelry,144100,3400000,Very low,0.0424
necklace,96600,1400000,Very low,0.069
ring,88300,1600000,Very low,0.0552
engagement rings,67100,935500,Very low,0.0717
initial necklace,31600,180200,Typical,0.1754
gothic jewelry,21100,247200,Very low,0.0854
bridesmaid gift,20200,573100,High,0.0352
crystal jewelry,12700,1400000,Very low,0.0091
costume jewelry,3600,260300,Very low,0.0138
chokers,3100,296200,Very low,0.0105
polymer clay jewelry,3000,159200,Very low,0.0188
designer jewelry,2100,355100,Very low,0.0059
steampunk jewelry,1400,42900,Very low,0.0326
nursing jewelry,85,11100,Very low,0.0077
artisanal jewelry,55,313500,Very low,0.0002
maternity jewelry,37,3700,Very low,0.01
recycled metal jewelry,21,132700,Very low,0.0002
birthday gift jewelry,17,1300000,Very low,0
keepsake,2400,1700000,Very low,0.0014
heirloom jewelry,23300,15100,Very low,1.543
wedding keepsake,14700,130699.99999999999,Very low,0.1125
ashes jewelry,6700,22800,Very low,0.2939
remembrance gift,5900,299300,Very low,0.0197
keepsake gift,3600,724700,Very low,0.005
holiday keepsake,2700,122800,Very low,0.022
keepsake urn,2500,82600,Very low,0.0303
personalized photo frame,2300,51400,High,0.0447
keepsake ornament,2300,158800,Very low,0.0145
newborn keepsake,2200,106700,Very low,0.0206
memorial keepsake,1900,250800,Very low,0.0076
memory preservation,1500,7800,Very low,0.1923
remembrance jewelry,1400,43100,Very low,0.0325
retirement keepsake,1100,25800,Very low,0.0426
heirloom quality,1100,52300,Very low,0.021
custom engraved,1000,891500,Very low,0.0011
custom keepsake,1000,517400,Very low,0.0019
keepsake dish,887,22200,Very low,0.04
keepsake jewelry,877,168600,Very low,0.0052
custom keepsake box,790,130199.99999999999,Typical,0.0061
memory keepsake,771,316900,Very low,0.0024
engraved gift,768,1000000,Very low,0.0008
keepsake box personalized,637,69100,High,0.0092
memory jar,567,9100,High,0.0623
custom memory box,496,62000,High,0.008
memory box personalized,490,29000,High,0.0169
footprint keepsake,363,18900,Typical,0.0192
memorial keepsake box,347,30500,Very low,0.0114
heirloom keepsake,329,100400,Very low,0.0033
keepsake baby gift,318,389500,Very low,0.0008
keepsake jewelry box,298,48700,Very low,0.0061
wedding day keepsake,297,82200,Typical,0.0036
keepsake storage,296,183700,Very low,0.0016
keepsake ring,294,88200,Very low,0.0033
custom heirloom,290,116000,Very low,0.0025
sentimental keepsake,263,64099.99999999999,Very low,0.0041
photo keepsake box,242,27100,Very low,0.0089
graduation memory,228,43500,Very low,0.0052
heirloom gift,217,199900,Very low,0.0011
unique keepsake,216,590300,Very low,0.0004
keepsake for mom,182,141300,Very low,0.0013
keepsake frame,139,115400,Very low,0.0012
birth keepsake,117,117200,Very low,0.001
keepsake shadow box,93,12500,Very low,0.0074
personalized treasure chest,89,8200,Typical,0.0109
keepsake for dad,83,89500,Very low,0.0009
memory album,79,45200,Typical,0.0017
personal memento,63,72000,Very low,0.0009
keepsake bracelet,56,61800,Very low,0.0009
keepsake gift box,52,193100,Typical,0.0003
keepsake album,51,58000,Very low,0.0009
keepsake for baby,46,276000,Very low,0.0002
custom treasure box,40,15800,Very low,0.0025
keepsake for baptism,36,77600,Very low,0.0005
keepsake for daughter,36,78000,Very low,0.0005
keepsake christmas ornament,33,550700,Very low,0.0001
memory holder,32,61800,Very low,0.0005
keepsake box for ashes,30,16500,Very low,0.0018
keepsake photo album,30,34100,Very low,0.0009
keepsake display,30,152000,Very low,0.0002
personalized memento,30,370200,Very low,0.0001
keepsake gift for newborn,29,195900,Very low,0.0001
keepsake for son,25,27200,Very low,0.0009
keepsake ideas,25,1300000,Very low,0
special gift for him,24,21100,Very low,0.0011
keepsake photo frame,21,99200,Very low,0.0002
keepsake art,21,344200,Very low,0.0001
keepsake charm,19,100700,Very high,0.0002
keepsake craft,19,371100,Very low,0.0001
keepsake for grandparents,17,24800,Very low,0.0007
keepsake baby shoes,16,2000,Very low,0.008
unique memory gift,16,222900,Very low,0.0001
keepsake box custom,15,115800,Very low,0.0001
keepsake for pet,15,159800,Very low,0.0001
keepsake birthday gift,14,459300,Very low,0
heirloom piece,13,7600,Very low,0.0017
keepsake display box,12,74200,Very low,0.0002
keepsake gift for mom,12,141700,Very low,0.0001
keepsake gift for brother,11,13700,Very low,0.0008
keepsake collection,11,38400,Very low,0.0003
keepsake for sister,10,35200,Very low,0.0003
keepsake for godmother,8,5400,Very low,0.0015
keepsake for brother,8,10800,Very low,0.0007
keepsake gift for her,8,124500,Very low,0.0001
engraved treasure box,7,5700,Very high,0.0012
keepsake token,7,33300,Very low,0.0002
keepsake for new parents,7,43100,Very low,0.0002
keepsake gift for sister,7,54200,Very low,0.0001
keepsake anniversary gift,7,428200,Very low,0
keepsake gift for grandpa,6,6900,Very low,0.0009
keepsake treasure box,6,12500,Very low,0.0005
anniversary memory,6,90500,Very low,0.0001
keepsake for parents,6,155300,Very low,0
keepsake for first birthday,5,12000,Very low,0.0004
keepsake for friend,5,57300,Very low,0.0001
cherished keepsake,4,3700,Very low,0.0011
personalized keepsake stone,4,5700,Very low,0.0007
treasured possession,4,5700,Very low,0.0007
keepsake gift for retirement,4,6200,Very low,0.0006
personalized display,4,21600,Very low,0.0002
keepsake for maid of honor,4,27600,Very low,0.0001
keepsake souvenir,4,32000,Very low,0.0001
scrapbook keepsake,4,48000,Very low,0.0001
keepsake design,4,207400,Very low,0
keepsake gift for loss,4,282000,Very low,0
remembrance item,3,1100,Very low,0.0027
sentimental treasure,3,1200,Very low,0.0025
cherished treasure,3,2900,Very low,0.001
custom memory keeper,3,4900,Very low,0.0006
keepsake gift for dad,3,7200,Very low,0.0004
personalized treasure,3,7700,Very low,0.0004
memory treasure,3,15900,Very low,0.0002
keepsake memento,3,54500,Very low,0.0001
keepsake for new mom,3,82200,Very low,0
keepsake for grandparent,3,127500,Very low,0
keepsake for her,3,189900,Very high,0
keepsake for mother,2,7400,Very low,0.0003
keepsake for christening,2,35300,Very low,0.0001
keepsake gift for him,2,59700,Very low,0
keepsake box for memories,2,82400,Very low,0
memorial treasure,1,1400,Very low,0.0007
keepsake creation,1,1900,Very low,0.0005
keepsake gift for grandma,1,7000,Very low,0.0001
keepsake gift for couple,1,7100,Very low,0.0001
special treasure,1,11300,Very low,0.0001
artisan keepsake,1,26400,Very low,0
heritage keepsake,1,34000,Very low,0
special memento,1,35300,Very low,0
keepsake treasure,1,63100,Very low,0
keycaps,25000,15600,Very low,1.6026
custom keycaps,7100,11300,Very low,0.6283
artisan keycaps,2900,9100,Very low,0.3187
computer accessories,1700,152800,Very low,0.0111
keyboard caps,1500,7400,Very low,0.2027
low profile keycaps,1400,4000,Very low,0.35
resin keycaps,1200,7800,Very low,0.1538
ceramic keycaps,916,5200,Very low,0.1762
wooden keycaps,649,2400,Very low,0.2704
metal keycaps,634,4000,Very low,0.1585
pbt keycaps,547,5800,Very low,0.0943
cherry profile keycaps,507,5300,Very low,0.0957
kawaii keycaps,455,5700,Very low,0.0798
retro keycaps,451,4500,Very low,0.1002
keycap artisan,356,10700,Very low,0.0333
custom mechanical keyboard,325,9800,Very low,0.0332
mechanical keyboard keycaps,321,9800,Very low,0.0328
xda keycaps,310,4900,Very low,0.0633
keycap sets,281,8300,Very low,0.0339
clicky keycaps,248,2700,Very low,0.0919
keyboard accessories,203,138600,Very low,0.0015
acrylic keycaps,199,5000,Very low,0.0398
custom keycaps set,199,5300,Very low,0.0375
dsa keycaps,198,4400,Very low,0.045
clear keycaps,195,4500,Very low,0.0433
backlit keycaps,184,5600,Very low,0.0329
custom keycap set,183,7700,Very low,0.0238
custom keyboard caps,170,6400,Very low,0.0266
translucent keycaps,166,4200,Very low,0.0395
gaming keycaps,164,7200,Very low,0.0228
aesthetic keyboard,159,34500,Very low,0.0046
mechanical keyboard caps,151,6900,Very low,0.0219
oem keycaps,150,3900,Very low,0.0385
artisan keycap set,137,7200,Very low,0.019
novelty keycaps,136,4000,Very low,0.034
custom keyboard keycaps,131,9500,Very low,0.0138
unique keycaps,100,6900,Very low,0.0145
rgb keycaps,94,5400,Very low,0.0174
handmade keycaps,93,7400,Very low,0.0126
keycap keyboard,92,26900,Very low,0.0034
keyboard covers,89,9600,Very low,0.0093
aesthetic keycaps,86,5500,Very low,0.0156
programmer keycaps,82,3000,Very low,0.0273
vintage keycaps,80,5200,Very low,0.0154
replacement keycaps,76,3800,Very low,0.02
keycap puller,75,3800,Very low,0.0197
keyboard decor,71,132200,Very low,0.0005
keyboard keycap set,66,9200,Very low,0.0072
minimalist keycaps,65,5300,Very low,0.0123
ergonomic keycaps,58,2900,Very low,0.02
oem profile keycaps,52,5400,Very low,0.0096
themed keycaps,52,7600,Very low,0.0068
keyboard decoration,49,16300,Very low,0.003
keyboard keycaps set,45,9300,Very low,0.0048
keyboard parts,43,2000,Very low,0.0215
keycap set custom,42,8400,Very low,0.005
silent keycaps,37,5600,Very low,0.0066
designer keycaps,36,817,Very low,0.0441
double shot keycaps,31,3400,Very low,0.0091
keyboard aesthetic,30,39800,Very low,0.0008
abs keycaps,27,3600,Very low,0.0075
personalized keycaps,27,5300,Typical,0.0051
custom keyboard buttons,26,4700,Very low,0.0055
keyboard caps custom,24,6800,Very low,0.0035
futuristic keycaps,23,5700,Very low,0.004
keyboard button caps,23,6800,Very low,0.0034
gaming keyboard caps,21,8100,Very low,0.0026
mechanical keyboard accessories,21,14000,Very low,0.0015
diy keycaps,18,3900,Very low,0.0046
customizable keyboard,16,17800,Very low,0.0009
custom keyboard build,14,4600,Very low,0.003
keycap bundle,12,3600,Very low,0.0033
gamer keycaps,12,6800,Very low,0.0018
gaming keyboard accessories,12,51800,Very low,0.0002
luxury keycaps,11,4100,Very low,0.0027
unique keyboard caps,10,4300,Very low,0.0023
keyboard key covers,10,5600,Very low,0.0018
silent keyboard caps,10,6300,Very low,0.0016
keycap personalized,9,1700,Very low,0.0053
artistic keycaps,9,3500,Very low,0.0026
custom computer accessories,9,36700,Very low,0.0002
keyboard switch covers,8,3100,Very low,0.0026
keycap set aesthetic,8,7100,Very low,0.0011
computer keyboard decor,8,128300.00000000001,Very high,0.0001
novelty keyboard caps,7,2200,Very low,0.0032
specialty keycaps,7,4900,Very low,0.0014
custom keycap artisan,7,7200,Very high,0.001
switch keycaps,7,7500,Very low,0.0009
computer keyboard accessories,7,151500,Very low,0
mechanical keyboard parts,6,4400,Very low,0.0014
artisan keyboard caps,5,4400,Very low,0.0011
keyboard key set,5,13900,Very low,0.0004
keyboard modding,4,2100,Very low,0.0019
keycap designs,4,2200,Very low,0.0018
keycap artisan spacebar,4,4200,Very low,0.001
customizable keycaps,4,6700,Very low,0.0006
keycap for mechanical keyboard,4,10400,Very low,0.0004
keyboard mods,3,2800,Very low,0.0011
keyboard replacement caps,3,5200,Very low,0.0006
keyboard artisan,3,14300,Very low,0.0002
keyboard customization,3,14300,Very low,0.0002
keycap backlight,2,816,Very low,0.0025
keyboard key replacement,2,873,Very low,0.0023
keyboard upgrade,2,5500,Very low,0.0004
keyboard themed gifts,2,7000,Very low,0.0003
dye sub keycaps,2,7000,Very low,0.0003
custom keyboard accessories,2,7000,Very low,0.0003
computer keyboard keycaps,2,16800,Very low,0.0001
keycap bulk,1,861,Very low,0.0012
keycap designer,1,947,Very low,0.0011
keyboard enthusiast gifts,1,1600,Very low,0.0006
keyboard keycap sets,1,6300,Very low,0.0002
gaming keyboard parts,1,7400,Very low,0.0001
clicky keyboard caps,1,8100,Very low,0.0001
keycap artisan resin,1,8600,Very low,0.0001
keycap gifts,1,10000,Very low,0.0001
keychain,90200,1300000,Very low,0.0694
acrylic keychain,26300,220000,Very low,0.1195
purse charms,17200,105200,Very low,0.1635
purse charm,10100,182200,Very low,0.0554
cute keychain,7500,400100,Very low,0.0187
photo keychain,6600,54100,High,0.122
keychain charm,6300,560700,Very low,0.0112
beaded keychain,5200,137900,Very low,0.0377
nurse gift,4500,474000,Very low,0.0095
keychain holder,3300,288900,Very low,0.0114
party favor,3300,711000,Very low,0.0046
carabiner keychain,3100,18400,Very low,0.1685
cute keychains,3000,230600,Very low,0.013
funny keychain,2700,182700,Very low,0.0148
engraved keychain,2700,63300,High,0.0427
vintage keychain,2500,90700,Very low,0.0276
keychain for women,2500,78900,Very low,0.0317
resin keychain,2000,72800,Very low,0.0275
key fob cover,2000,14500,Very low,0.1379
metal keychain,2000,85000,Very low,0.0235
lanyard keychain,2000,821900,Very low,0.0024
pet keychain,1700,87900,High,0.0193
key chain personalized,1600,56300,Very high,0.0284
kawaii keychain,1500,78800,Very low,0.019
unique keychain,1500,320900,Very low,0.0047
key chain holder,1400,50800,Very low,0.0276
key fob holder,1300,37100,Very low,0.035
enamel keychain,1200,30600,Very low,0.0392
keychain display,1200,20400,Very low,0.0588
flower keychain,1200,109200,Very low,0.011
monogram keychain,1100,73500,Typical,0.015
car accessory,1100,649900,Very low,0.0017
acrylic keychains,1000,127200,Very low,0.0079
tote bag charm,968,35700,Typical,0.0271
animal keychain,916,185800,Very low,0.0049
keychain strap,685,54900,Very low,0.0125
retro keychain,620,48700,Very low,0.0127
boho keychain,597,50300,Very low,0.0119
sports keychain,477,63600,Very low,0.0075
keychain set,467,100100,Very low,0.0047
keychain gift,458,771400,Very high,0.0006
minimalist keychain,428,30400,Very low,0.0141
tassel keychain,415,35200,High,0.0118
key fob case,397,16100.000000000002,Very low,0.0247
unique keychains,357,181500,Very low,0.002
keychain for car keys,328,60000,Very low,0.0055
designer keychain,321,18200,Very low,0.0176
purse accessory,279,581000,Very low,0.0005
resin keychains,266,48700,Very low,0.0055
novelty keychain,264,59400,Very low,0.0044
pom pom keychain,241,7000,Typical,0.0344
key chain custom,218,94200,Very low,0.0023
wooden keychains,138,19800,Very low,0.007
keychain for purse,135,104500,Very low,0.0013
keychain for kids,122,135300,Very high,0.0009
custom key fob,110,36900,Very low,0.003
dog tag keychain,107,24600,Very high,0.0043
keychain for backpack,107,95800,Very high,0.0011
keychain decor,82,309600,Very low,0.0003
keychain organizer,76,10200,Very low,0.0075
keychain pendant,74,137000,Very low,0.0005
key chain acrylic,70,44500,Very low,0.0016
tool keychain,55,137900,Very low,0.0004
car keys accessories,50,63700,Very low,0.0008
key fob leather,49,33600,Very low,0.0015
key chain organizer,36,8900,Very low,0.004
key chain metal,33,48900,Very low,0.0007
artisan keychain,32,15000,Very low,0.0021
key chain fob,32,51400,Very low,0.0006
trucker keychain,26,7100,Typical,0.0037
geometric keychain,26,9000,Very low,0.0029
key chain wood,26,10400,Very low,0.0025
keychain for phone,23,62800,Very low,0.0004
key fob personalized,20,79200,Very low,0.0003
key chain resin,19,13900,Very low,0.0014
gift for him keychain,13,46800,Very low,0.0003
keychain for wallet,10,23400,Very low,0.0004
keychain for house keys,9,7400,Very high,0.0012
key fob custom,6,24100,Very low,0.0002
keychain souvenir,4,60900,Very low,0.0001
keychain for planner,2,20400,Very low,0.0001
keychain for gym bag,1,1500,Very low,0.0007
keychain for luggage,1,6800,Very low,0.0001
key chain accessory,1,101500,Very low,0
fob accessory,1,111000,Very low,0
men,12000,3400000,Very low,0.0035
mens rings,31000,714700,Very low,0.0434
mens wedding band,29300,265200,Very low,0.1105
rings for men,19100,665500,Very low,0.0287
watch men,10900,113900,Very low,0.0957
mens necklace,10200,670600,Very low,0.0152
halloween costume men,10200,86300,Very low,0.1182
wedding band men,10100,237100,Very low,0.0426
seiko watch men,9200,32800,Very low,0.2805
golf gifts for men,9200,63000,Very low,0.146
men gifts,9000,1600000,Very low,0.0056
mens watches,9000,111000,Very low,0.0811
mens wedding rings,8300,316400,Very low,0.0262
vintage watch men,8100,66300,Very low,0.1222
leather jacket men,8000,116500,Very low,0.0687
mens wedding bands,8000,266800,Very low,0.03
omega watch men,7100,17700,Very low,0.4011
watches for men,7000,113200,Very low,0.0618
mens engagement ring,6600,254500,Very low,0.0259
personalized dog tag for men,6500,8600,Very low,0.7558
engraved collar for men,6500,8000,Very low,0.8125
rolex watch men,6200,26900,Very low,0.2305
necklace for men,6000,695000,Very low,0.0086
signet ring men,6000,103500,Very low,0.058
men ring,5900,551800,Very low,0.0107
mens wedding ring,5700,366200,Very low,0.0156
men wedding band,5600,272300,Very low,0.0206
men’s gifts,5600,2000000,Very low,0.0028
men’s rings,5300,721900,Very low,0.0073
wedding best men gifts,5100,58600,Very low,0.087
mens gift,5100,1500000,Very low,0.0034
cufflinks for men,5000,50500,Very high,0.099
golf gifts men,5000,69100,Typical,0.0724
silver ring men,4900,483000,Very low,0.0101
mens silver chain,4900,98800,Very low,0.0496
mens promise ring,4900,148300,Very low,0.033
men’s wedding band,4700,278400,Very low,0.0169
men’s ring,4600,729500,Very low,0.0063
retirement gift men,4500,47000,Typical,0.0957
shirts for men,4400,2600000,Very low,0.0017
breitling watch men,4400,8500,Very low,0.5176
mens braclets,4100,11200,Very low,0.3661
hoodies for men,4000,652800,Very low,0.0061
belt buckle men,3900,43500,Very low,0.0897
tudor watch men,3800,4300,Very low,0.8837
wedding ring men,3800,225200,Very low,0.0169
masquerade mask men,3700,18800,Very low,0.1968
wedding bands men,3600,173900,Very low,0.0207
scrub cap men,3500,32000,Typical,0.1094
men engagement ring,3300,191400,Very low,0.0172
mens silver bangle,3300,42100,Very low,0.0784
personalized mens gifts,3000,461100,Very low,0.0065
custom mens jewelry,2700,359600,Very low,0.0075
mens knot bracelet,2600,15400,Very low,0.1688
mens initial bracelet,2600,33000,Very low,0.0788
personalized mens jewelry,2600,160100,Very low,0.0162
custom mens adjustable bracelet,2600,46900,Very low,0.0554
personalized mens leather bracelet,2600,18700,Very low,0.139
custom mens beads bracelet,2600,61900,Very low,0.042
mens proud of you gifts,2600,7300,Very low,0.3562
mens bracelet with sons name,2600,7100,Very low,0.3662
bracelets for men engrave,2600,46700,Very low,0.0557
mens wrist leather,2600,31900,Very low,0.0815
mens bracelet bead personalized,2600,33600,Very low,0.0774
bracelet for men personalized,2500,51000,Very low,0.049
mens bracelet gift,2500,228100,Very low,0.011
mens bracelet father,2500,12700,Very low,0.1969
engravable mens bracelet,2500,43200,Very low,0.0579
mens bracelet waterproof,2500,14400,Very low,0.1736
embrace uncertainty men,2500,6700,Very low,0.3731
men bracelet oxidized silver,2500,8800,Very low,0.2841
personalized bracelet for men black,2500,17600,Very low,0.142
mens leather engraved bracelet penelopetom,2500,6700,Very low,0.3731
mens engraved link bracelet,2500,11000,Very low,0.2273
bracelets for men anniversary,2500,56400,Very low,0.0443
mens leather bracelet formal,2500,6800,Very low,0.3676
beaded bracelet men customize,2500,63100,Very low,0.0396
mens leather bracelet with engraving,2500,8000,Very low,0.3125
custom bracelet men name,2500,31700,Very low,0.0789
personalised mens bracelet engraved,2500,31700,Very low,0.0789
mens bracelet personalized logo engraving,2500,6800,Very low,0.3676
birth for men,2500,36800,Very low,0.0679
bestfriend bracelet men,2500,7000,Very low,0.3571
jewelry gifts for men birthday,2500,255800,Very low,0.0098
mens date bracelet,2500,9000,Very low,0.2778
mens bracelets fathers day,2500,11100,Very low,0.2252
mens custom stretch bracelet,2500,15800,Very low,0.1582
engraved mens bracelet and picture,2500,7300,Very low,0.3425
personalized bracelets men jewelry,2500,54500,Very low,0.0459
personalized mens bracelet gold,2500,24800,Very low,0.1008
mens shirts,2000,1900000,Very low,0.0011
mens clothing gifts,1600,327100,Very low,0.0049
mens pants,1000,64500,Very low,0.0155
mens leather jackets,973,134100,Very low,0.0073
mens shorts,842,30500,Very low,0.0276
mens suits,740,199500,Very low,0.0037
mens vintage clothing,722,1100000,Very low,0.0007
mens jeans,635,44900,Very low,0.0141
mens gothic clothing,534,145400,Very low,0.0037
mens festival wear,506,50400,Very low,0.01
mens jackets,469,300500,Very low,0.0016
mens sweaters,264,227000,Very low,0.0012
mens festival clothing,247,112400,Very low,0.0022
mens beach shorts,241,11500,Very low,0.021
mens trousers,240,37200,Very low,0.0065
mens sweatshirts,208,851400,Very low,0.0002
mens cargo pants,204,10600,Very low,0.0192
mens coats,185,304700,Very low,0.0006
mens dress shirts,174,28700,Very low,0.0061
mens vests,157,51800,Very low,0.003
graphic tees for men,156,1300000,Very low,0.0001
mens linen shorts,155,6300,Very low,0.0246
mens polos,155,52400,Very low,0.003
mens joggers,151,19000,Very low,0.0079
mens winter coats,142,40200,Very low,0.0035
mens cargo shorts,133,6400,Typical,0.0208
mens corduroy pants,123,4300,Very low,0.0286
mens formal wear,117,64200,Very low,0.0018
mens wear,117,537500,Very low,0.0002
mens dress pants,114,11500,Very low,0.0099
mens golf shirts,101,29400,Typical,0.0034
mens t-shirts,98,1700000,Very low,0.0001
mens hawaiian shirts,93,42500,Very low,0.0022
mens designer shirts,78,21100,Very low,0.0037
mens polo shirts,75,43600,Very low,0.0017
mens denim jeans,66,36500,Very low,0.0018
mens bomber jackets,65,82500,Very low,0.0008
mens tops,65,3300000,Very low,0
mens denim jackets,64,17400,Very low,0.0037
male clothing,63,55300,Very low,0.0011
mens outerwear,57,84900,Very low,0.0007
mens graphic hoodies,54,157600,Very low,0.0003
mens big and tall,50,8500,Very low,0.0059
mens casual shirts,48,810900,Very low,0.0001
mens workwear,44,19500,Very low,0.0023
mens flannel shirts,43,12900,Very low,0.0033
mens chino pants,41,4900,Very low,0.0084
mens tracksuits,39,11800,Very low,0.0033
mens button down shirts,36,23600,Very low,0.0015
mens workout clothes,35,9200,Very low,0.0038
mens wedding attire,34,33800,Very low,0.001
mens handmade sweaters,33,9900,Typical,0.0033
mens knitwear,32,12000,Very low,0.0027
mens fall fashion,32,72700,Very high,0.0004
mens plus size clothing,31,48000,Very low,0.0006
mens jackets and coats,31,296800,Very low,0.0001
mens unique clothing,31,338000,Very low,0.0001
mens slim fit jeans,27,11400,High,0.0024
mens fishing shirts,26,23300,Very low,0.0011
mens custom clothing,25,486400,Very low,0.0001
mens sleepwear,24,12900,Very low,0.0019
mens activewear,24,18600,Typical,0.0013
mens fashion accessories,24,470200,Very low,0.0001
mens formal shirts,23,18800,Very low,0.0012
mens chinos,23,40400,Very low,0.0006
mens bottoms,20,12000,Very low,0.0017
mens work clothes,18,3300,Very low,0.0055
mens office wear,17,12800,Very low,0.0013
mens retro clothing,17,570600,Very low,0
mens outdoor clothing,16,60900,Very low,0.0003
mens casual wear,16,618800,Very low,0
mens athletic shorts,15,20600,Very low,0.0007
mens unique jackets,14,25100,Very low,0.0006
mens printed shirts,13,484800,Very low,0
modern menswear,11,11000,Very low,0.001
mens sleep shirts,10,19200,Very low,0.0005
mens winter wear,9,42500,Very low,0.0002
menswear clothing,9,203000,Very low,0
mens raincoats,8,5400,Very low,0.0015
mens zip up hoodies,8,19600,Very low,0.0004
mens cosplay outfits,8,35500,Very low,0.0002
mens casual jackets,8,88400,Very low,0.0001
mens formal attire,7,7100,Very low,0.001
mens winter fashion,7,28300,Very low,0.0002
mens business attire,6,3800,Very low,0.0016
mens hiking pants,6,4400,Very low,0.0014
mens summer shorts,6,17900,Very low,0.0003
mens windbreakers,6,25300,Very low,0.0002
mens party wear,6,61400,Very low,0.0001
mens slim fit pants,5,7000,Very low,0.0007
mens style guide,5,9300,Very low,0.0005
mens summer clothing,5,404900,Very low,0
mens smart casual,4,9500,Very low,0.0004
mens party outfits,4,72000,Very low,0.0001
menswear fashion,4,1000000,Very low,0
mens workwear pants,3,10200,Very low,0.0003
mens designer wear,3,20400,Very low,0.0001
mens novelty t-shirts,3,89800,Very low,0
mens utility vests,2,4000,Very low,0.0005
mens puffer coats,2,5900,Very low,0.0003
mens relaxed fit pants,2,7000,Very low,0.0003
mens athletic apparel,2,7200,Very high,0.0003
mens crew neck sweaters,2,17100,Very low,0.0001
mens modern outfits,2,29800,Very low,0.0001
mens athletic wear,2,32600,Very low,0.0001
mens premium clothing,2,80600,Very low,0
mens clothing online,1,3800,Very low,0.0003
mens handmade clothes,1,6200,Very low,0.0002
mens summer outfits,1,6300,Very low,0.0002
mens athletic clothing,1,6600,Very low,0.0002
mens active shorts,1,6700,Very low,0.0001
mens going out clothes,1,7000,Very low,0.0001
mens accessories clothing,1,7700,Very low,0.0001
mens fashion trends,1,8700,Very low,0.0001
mens spring jackets,1,9400,Very low,0.0001
mens clothing store,1,11000,Very low,0.0001
mens athleisure,1,14200,Very low,0.0001
mens warm sweaters,1,15400,Very low,0.0001
mens vacation wear,1,28800,Very low,0
clothing for guys,1,32100,Very low,0
mens patterned shirts,1,37100,Very low,0
mens holiday outfits,1,57700,Very low,0
mens garments,1,113700,Very low,0
mens crewneck sweaters,1,314500,Very low,0
mens retro style,1,564700,Very low,0
apparel for men,1,1400000,Very low,0
mom,7600,1100000,Very low,0.0069
football mom shirt,14800,94400,Typical,0.1568
football mom,14200,126600,Typical,0.1122
mom shirt,11000,885700,Very low,0.0124
soccer mom shirt,9500,37100,Typical,0.2561
soccer mom,9000,49000,Typical,0.1837
senior mom shirt,7400,35200,Very high,0.2102
cheer mom shirt,6700,41600,Typical,0.1611
baseball mom shirt,6700,69000,Typical,0.0971
football mom png,6600,80100,High,0.0824
dog gifts for mom,6400,253900,Very low,0.0252
baseball mom,6200,104100,Typical,0.0596
football mom shirts,5700,96600,High,0.059
football mom svg,5400,67700,Very high,0.0798
dog mom gift,4800,211100,Very low,0.0227
volleyball mom,4600,25200,High,0.1825
cheer mom svg,4200,41400,Very high,0.1014
cheer mom png,4000,48300,High,0.0828
senior mom,4000,50400,High,0.0794
soccer mom png,3900,34400,High,0.1134
volleyball mom shirt,3600,20800,High,0.1731
mom birthday,3400,801400,Typical,0.0042
softball mom shirt,3300,29900,Typical,0.1104
senior mom 2027,3300,14300,Very high,0.2308
mom shirts,3200,844900,Very low,0.0038
dog mom shirt,3100,151900,Very low,0.0204
football mom sweatshirt,3000,30600,High,0.098
cheer mom sweatshirt,2900,16700,High,0.1737
loss of mom gift,2800,42200,Typical,0.0664
boy mom sweatshirt,2700,20800,Typical,0.1298
birthstone jewelry for mom,2700,95500,Typical,0.0283
mom life shirt,2600,175900,Very low,0.0148
boy mom shirt,2500,51800,Typical,0.0483
names for mom,2500,225800,Very low,0.0111
soccer mom sweatshirt,2500,12500,Typical,0.2
boy mom gifts,2500,83700,Typical,0.0299
softball mom,2400,38000,Typical,0.0632
custom mom shirt,2400,370800,Very low,0.0065
gifts for new moms,2300,270100,Very low,0.0085
mom halloween shirt,2300,42000,Very low,0.0548
mom to be shirt,2200,1100000,Very low,0.002
mom jewelry,2200,440200,Very low,0.005
senior mom png,2200,29900,Very high,0.0736
mom birthday card,2200,84500,Very high,0.026
soccer mom svg,2200,31000,High,0.071
mom and dad shirts,2100,184900,High,0.0114
personalized gift for mom,2100,248200,Very low,0.0085
mom to be,2000,1500000,Typical,0.0013
wedding gift for mom,2000,150600,Typical,0.0133
new mom gift box,2000,17000,Typical,0.1176
mom daughter shirts,1900,53000,Very low,0.0358
christmas gifts for mom,1900,396200,Very low,0.0048
70th birthday gift for mom,1900,10600,Very low,0.1792
mom and baby matching outfits,1900,16700,Very low,0.1138
senior football mom,1800,13500,High,0.1333
birthstone necklace for mom,1800,54800,High,0.0328
mom ring,1800,103300,Very low,0.0174
cheer mom shirts,1700,46100,Very low,0.0369
funny mom shirt,1700,367400,Very low,0.0046
cool moms club,1600,11300,High,0.1416
mom birthday gift idea,1600,212100,Typical,0.0075
mom and dad hats,1600,25000,Very high,0.064
mom and baby matching hospital outfits,1600,6600,Very low,0.2424
baseball mom png,1600,47300,Typical,0.0338
mom wedding gift,1500,204300,High,0.0073
soccer mom shirts,1400,40900,High,0.0342
hockey mom sweatshirt,1400,9100,Typical,0.1538
new mom gift ideas,1400,80300,Typical,0.0174
football mom shirt custom,1400,56100,Very high,0.025
mom necklace with kids names,1400,23300,Very low,0.0601
volleyball mom png,1400,22200,Very high,0.0631
band mom png,1300,10300,Very high,0.1262
baseball mom shirts,1300,64300,Typical,0.0202
cheer mom tshirt,1300,25600,High,0.0508
girl mom sweatshirt,1300,33100,Typical,0.0393
volleyball mom svg,1200,22100,Very high,0.0543
soccer mom tshirt,1200,22100,High,0.0543
football mom jersey,1200,25800,Typical,0.0465
girl mom shirt,1200,120500,Typical,0.01
name necklace for mom,1200,45200,High,0.0265
mom and son matching outfits,1200,8000,Very low,0.15
baseball mom hat,1100,30200,Typical,0.0364
baseball mom sweatshirt,1100,18800,Typical,0.0585
mom jewelry dish,1100,6800,Very low,0.1618
senior cheer mom,1100,11700,Typical,0.094
senior mom svg,1100,30700,Very high,0.0358
army mom,1100,13100,Typical,0.084
band mom svg,1000,10300,High,0.0971
i wear pink for my mom,1000,6700,High,0.1493
mom planner,989,44100,Very low,0.0224
baby shower gift for mom,982,111500,Very low,0.0088
mom football shirt,949,90700,Very high,0.0105
birthday card for mom,941,61300,High,0.0154
flag football mom,921,9700,Typical,0.0949
personalized mom keepsake box,910,11600,Very low,0.0784
senior mom sweatshirt,906,14400,Very high,0.0629
mom bag,901,114500,Very low,0.0079
boy mom hat,900,9100,High,0.0989
expecting mom gifts,896,34000,High,0.0264
dance mom png,889,16900,High,0.0526
senior football mom shirt,887,11900,High,0.0745
mom wallet,887,9800,Very low,0.0905
baseball mom svg,881,43100,High,0.0204
mom necklace personalized,859,76700,Typical,0.0112
softball mom png,859,27000,High,0.0318
dance mom sweatshirt,857,9900,Typical,0.0866
personalized necklace for mom,857,72000,High,0.0119
senior mom tshirt,816,23900,Very high,0.0341
mom ring dish,796,7600,Very low,0.1047
baseball mom tshirt,765,43200,High,0.0177
dog mom halloween,707,33300,Very low,0.0212
mother,1600,2800000,Very low,0.0006
gifts for mother in law,3900,27300,Very low,0.1429
auntie gift,3800,51000,Typical,0.0745
mother daughter gift,3000,143400,Very low,0.0209
mother daughter jewelry,2100,52900,Very low,0.0397
grandmother gift,1500,114000,Typical,0.0132
mom and baby gift,1000,258200,Very low,0.0039
custom gift for mom,897,549400,Very low,0.0016
mom keychain,789,57700,Very low,0.0137
sentimental mom gift,741,23100,Very low,0.0321
gifts for mothers,722,1900000,Very low,0.0004
mom keepsake gift,686,117700,Very low,0.0058
gifts for mother,678,1600000,Very low,0.0004
mom birthday present,630,42200,High,0.0149
unique mom gift,558,424700,Very low,0.0013
gift for mom to be,489,1700000,Very low,0.0003
present for mom,471,181100,Very low,0.0026
grandma present,388,59300,Typical,0.0065
mother to be gift,342,1300000,Typical,0.0003
gift for expecting mom,264,37000,Typical,0.0071
gift for mommy,236,212000,Very low,0.0011
best mom gift,225,189100,Very low,0.0012
gifts for godmother,220,26100,Typical,0.0084
maternity leave gift,212,2200,High,0.0964
best mom ever gift,209,49200,High,0.0042
special mom gift,204,71700,Very low,0.0028
mom candle,201,33900,Typical,0.0059
gift for stepmom,190,6400,Very low,0.0297
mom picture frame,181,24600,Very low,0.0074
mom card,135,257200,High,0.0005
sentimental gift for mom,113,40200,Very low,0.0028
gifts for stepmom,102,9500,Typical,0.0107
new mom essentials,100,45700,Very low,0.0022
gift for expecting mother,99,15400,Typical,0.0064
mom decor,81,413700,Very low,0.0002
motherhood necklace,69,8900,Typical,0.0078
gifts for mothers day,66,1300000,Very low,0.0001
mama bear gift,59,25300,Very low,0.0023
mom anniversary gift,58,311700,Very high,0.0002
gift for mother to be,52,889000,Very low,0.0001
mom art,43,669900,Very low,0.0001
mom photo frame,35,26100,Very high,0.0013
special gift for mom,34,75600,High,0.0004
motherhood gift,32,320800,Very high,0.0001
gift for soon to be mom,29,36800,Very high,0.0008
handmade gift for mom,26,363600,High,0.0001
personalized mother gift,23,492200,Very low,0
present for mother,23,741300,Very low,0
baby shower gift mom,22,268300,Very low,0.0001
cool mom gift,19,174900,Very low,0.0001
mom print,18,312300,Very low,0.0001
thoughtful mom gift,16,10400,Very high,0.0015
mom birthday jewelry,16,260500,Very low,0.0001
mom spa gift,15,27500,Very high,0.0005
mom artwork,13,177100,Very low,0.0001
custom gift for mother,12,8400,Very low,0.0014
gifts for mother figure,12,707600,Very low,0
gifts for expecting mother,11,19000,Very low,0.0006
personalized parent gift,11,111800,Very low,0.0001
gift for stepmother,9,2900,Very low,0.0031
mom squad shirt,9,30500,Very low,0.0003
custom jewelry for mother,9,124200,Very low,0.0001
mom life gifts,8,98400,Very low,0.0001
mother figure gift,7,29600,Very low,0.0002
mom quote shirt,7,55200,Very low,0.0001
thank you gift for mother,6,11200,Very low,0.0005
gift for new mama,5,53900,Very low,0.0001
gift for new parent,5,56600,Very low,0.0001
mom life gift,5,154600,Very low,0
gift for adoptive mom,5,230600,Very low,0
gift for wife new mom,4,6900,Very low,0.0006
gift for mother from daughter,4,7000,Very low,0.0006
mom appreciation gift,4,50100,Very low,0.0001
pregnancy gift mom,4,60500,Very low,0.0001
family gift mom,4,183600,Very low,0
gift for my mother,4,237900,Very low,0
gift ideas for mothers,3,7100,Very low,0.0004
gifts for expecting mama,3,15500,Very low,0.0002
parenting gift,3,228900,Very low,0
maternal gift,2,1900,Very low,0.0011
gifts for adoptive mother,2,7800,Very low,0.0003
gift for sister new mom,2,11300,Very low,0.0002
gifts for mama bear,2,11700,Very low,0.0002
gift for matriarch,1,1200,Very low,0.0008
motherhood apparel,1,3500,Very low,0.0003
gift for foster mom,1,6300,Very low,0.0002
mom boss gift,1,9000,Very low,0.0001
gift for mother from son,1,14000,Very low,0.0001
gift for birth mother,1,133100,Very low,0
mug,45900,1700000,Very low,0.027
drinkware,59600,141600,Very low,0.4209
pottery mug,8900,113400,Very low,0.0785
cat mug,5600,77400,Very low,0.0724
custom coffee mug,3900,430500,Very high,0.0091
stoneware mug,3300,45800,Very low,0.0721
ceramic coffee cup,2700,817400,Very low,0.0033
dog mug,2400,109900,Typical,0.0218
vintage mug,2100,298600,Very low,0.007
beer mug,2000,72300,Typical,0.0277
photo mug,1900,80200,Very high,0.0237
latte mug,1900,32100,Very low,0.0592
funny coffee mug,1900,445700,Very low,0.0043
name mug,1700,106000,Typical,0.016
cappuccino cup,1700,9600,Very low,0.1771
cereal bowl,1400,18400,Very low,0.0761
flower mug,1400,100600,Very low,0.0139
mug set,1200,193400,Very low,0.0062
birthday mug,1200,397500,Very low,0.003
engraved mug,1200,63700,Very high,0.0188
glass mug,1200,153300,Very low,0.0078
anniversary mug,1100,65099.99999999999,Typical,0.0169
hand painted mug,1100,24500,Very low,0.0449
unique coffee mug,1000,522700.00000000006,Very low,0.0019
floral mug,1000,128400,Very low,0.0078
wooden mug,968,17600,Very low,0.055
rustic mug,717,78600,Very low,0.0091
celestial mug,682,23400,Very low,0.0291
coffee cup set,526,143900,Very low,0.0037
animal mug,519,209600,Very low,0.0025
camp mug,471,54300,Very low,0.0087
porcelain mug,421,44200,Very low,0.0095
retro mug,365,170400,Very low,0.0021
cool mug,357,33100,Very low,0.0108
insulated mug,314,88200,Very low,0.0036
porcelain cup,300,69100,Very low,0.0043
funny coffee cup,298,493800,Very low,0.0006
oversized mug,274,8800,Very low,0.0311
large coffee cup,256,161700,Very low,0.0016
matching mugs,255,15300,Very low,0.0167
small mug,245,46300,Very low,0.0053
tall mug,242,13100,Very low,0.0185
mug for her,241,229200,Very low,0.0011
metal mug,216,120100,Very low,0.0018
quote mug,212,170500,Very low,0.0012
stoneware cup,184,37100,Very low,0.005
tin mug,178,8200,Typical,0.0217
dishwasher safe mug,159,83800,Very low,0.0019
art mug,156,485900,Very low,0.0003
tumbler mug,148,403100,Very low,0.0004
wide mug,116,6300,Very low,0.0184
glazed pottery mug,92,10700,Very low,0.0086
steampunk mug,81,6100,Very low,0.0133
tea mug set,74,62400,Very low,0.0012
couples mug set,68,7800,Very low,0.0087
farmhouse mug,67,46900,Very low,0.0014
geometric mug,56,31100,Very low,0.0018
abstract mug,53,31100,Very low,0.0017
illustrated mug,48,9400,Very low,0.0051
artistic mug,47,30600,Very low,0.0015
double wall mug,41,18500,Very low,0.0022
modern mug,40,135200,Very low,0.0003
college student mug,39,8800,Very low,0.0044
birthday gift mug,38,602700,Very high,0.0001
statement mug,33,7100,Very low,0.0046
tea drinker gift,33,43400,Typical,0.0008
design mug,32,415800,Very low,0.0001
commuter mug,30,151300,Very low,0.0002
vintage style mug,29,68900,Very low,0.0004
wine mug,28,33200,Very low,0.0008
teacher gift mug,28,54100,Very low,0.0005
christmas gift mug,27,297300,Very low,0.0001
outdoor mug,25,43100,Very low,0.0006
designer mug,22,15800,Very low,0.0014
word art mug,21,2300,Very low,0.0091
pattern mug,21,116900,Very low,0.0002
bistro mug,20,7300,Very low,0.0027
steaming mug,19,3500,Very low,0.0054
hot drink mug,19,115100,Very low,0.0002
kitchen mug,17,1600000,Very low,0
eco friendly mug,15,64500,Very low,0.0002
hot beverage cup,14,76800,Very low,0.0002
stackable mug,13,4600,Very low,0.0028
housewarming gift mug,13,49500,Very high,0.0003
kitchenware cup,10,17000,Very low,0.0006
nurse gift mug,10,31700,Very low,0.0003
graphic mug,10,66700,Very low,0.0001
reusable mug,9,76500,Very low,0.0001
gift for her mug,9,157500,Very low,0.0001
word mug,8,9600,Very low,0.0008
gift for him mug,8,272500,Very low,0
cold drink mug,7,47900,Very low,0.0001
broth bowl,6,6600,Very low,0.0009
oversized cup,6,12000,Very low,0.0005
boss gift mug,6,21600,Very high,0.0003
beverage cup,6,227500,Very low,0
heating mug,5,5000,Very low,0.001
home decor mug,5,400500,Very low,0
morning coffee cup,4,30700,Very low,0.0001
cool mug designs,4,53000,Very low,0.0001
cereal bowl mug,3,3800,Very low,0.0008
apartment mug,2,9300,Very low,0.0002
modern mug design,2,10000,Very low,0.0002
handle mug,2,146900,Very low,0
hot beverage mug,1,62100,Very low,0
kitchenware mug,1,130300.00000000001,Very low,0
kitchen decor mug,1,146700,Very low,0
holiday gift mug,1,234800,Very low,0
mummy birthday card,1900,9200,Very high,0.2065
first mothers day gift,1800,64099.99999999999,Very low,0.0281
gifts for new parents,1200,60500,Very low,0.0198
christmas gift for mom,759,303900,Very low,0.0025
mom to be gifts,676,742400,Typical,0.0009
gift ideas for mom,510,546300,Very low,0.0009
mum birthday present,509,98200,Typical,0.0052
gift for mom from daughter,403,43200,Typical,0.0093
mom journal,299,49500,High,0.006
gifts for expecting mothers,275,21700,Very low,0.0127
mothers day decor,248,449000,Very low,0.0006
gifts for mom to be,245,496500,Very low,0.0005
family gift ideas,230,223400,Very low,0.001
mom birthday gift ideas,225,235900,Typical,0.001
mum ring,206,160700,Very low,0.0013
mother-in-law gift,203,14200,Very high,0.0143
gift for her mom,199,929800,Very low,0.0002
mom jewelry personalized,176,112900,High,0.0016
mum wedding gift,165,352100,High,0.0005
best mom gifts,162,139900,Typical,0.0012
mom and baby gifts,144,251600,Very low,0.0006
mom gift box,134,64300,Typical,0.0021
custom mom jewelry,128,154200,Very low,0.0008
motherhood artwork,109,27200,Very low,0.004
thank you mum gift,108,35100,Typical,0.0031
mum photo frame,104,20700,Typical,0.005
mom t-shirt,98,595600,Very low,0.0002
birth flower necklace for mom,92,34000,Very high,0.0027
mum hamper,90,6300,Typical,0.0143
mum christmas present,80,59700,Very low,0.0013
motherhood journal,72,10700,Very low,0.0067
gift for wife from husband,72,24400,Very low,0.003
mom appreciation,68,65500,Very low,0.001
thank you mom gift,58,34100,Very high,0.0017
maternity wear,51,20000,Very low,0.0026
mom outfit,47,125900,Very low,0.0004
expecting mum gift,45,32600,Very high,0.0014
custom family jewelry,44,41700,Very low,0.0011
new mother gift ideas,43,35800,High,0.0012
mum keepsake,41,131800,Very low,0.0003
personalized mother necklace,40,65000,Very low,0.0006
mom birthday decor,39,206300,Very low,0.0002
mum print,38,448800,Typical,0.0001
new mother jewelry,37,36800,Very low,0.001
new mum gift ideas,37,39400,Very high,0.0009
personalized mother gifts,33,280900,Very low,0.0001
mom bracelet silver,30,49500,Very high,0.0006
customized mom gifts,27,437500,Typical,0.0001
unique mum present,25,29800,Very low,0.0008
mom relaxation gift,23,16400,Very high,0.0014
gifts for mother-in-law,22,13300,Very high,0.0017
stepmother gift,20,8300,Very low,0.0024
mom quote mug,17,4400,Very low,0.0039
gifts for mommy,16,59300,Very low,0.0003
mom bracelet gift,16,96100,Very high,0.0002
pregnancy gift for her,15,12500,Very high,0.0012
gift for mother-in-law,14,13700,Very high,0.001
mom birthday frame,14,14400,Very low,0.001
mom art print,14,306200,Very low,0
mom birthday mug,13,92000,Very low,0.0001
gifts for guardians,11,32000,Very low,0.0003
best mum gift,11,164000,Very low,0.0001
custom mother jewelry,11,198700,Very low,0.0001
mom quote gift,10,107100,Very low,0.0001
mom necklace gift,10,156500,Very low,0.0001
gifts for grannie,9,5200,Very high,0.0017
heartfelt mom gifts,8,6400,Very low,0.0013
gifts for expectant mother,8,7100,Very low,0.0011
mom birthday party,8,65400.00000000001,Very low,0.0001
mom birthday outfit,7,20200,Very low,0.0003
mom scrapbook album,6,8300,Very low,0.0007
thanksgiving gift for mom,6,54100,Very low,0.0001
motherhood decor,6,76500,Very low,0.0001
mom birthday decorations,6,123400,Very low,0
gifts for stepmother,5,6000,Very low,0.0008
gifts for matriarch,4,3200,Very low,0.0013
gifts for grandmom,4,9800,Very low,0.0004
mom birthday candle,4,10500,Very low,0.0004
mom birthday keepsake,4,44300,Very high,0.0001
mom pamper gift,3,21400,Very high,0.0001
mom jewelry gifts,3,36900,Very low,0.0001
gifts for motherly figure,2,918,Very low,0.0022
sentimental mum gift,2,24100,Very low,0.0001
mom life t-shirt,2,33300,Very low,0.0001
gifts for grandmama,1,7100,Very low,0.0001
engraved gift for mother,1,7200,Very low,0.0001
adoption gifts for mother,1,9500,Very low,0.0001
mom themed decor,1,20000,Very low,0.0001
motherhood present,1,20700,Very low,0
gold necklace,43100,2000000,Very low,0.0215
name necklace,35200,231300,High,0.1522
pearl necklace,34400,441700,Very low,0.0779
custom necklace,28400,297700,Very low,0.0954
beaded necklace,26200,1100000,Very low,0.0238
birthstone necklace,23800,425500,Typical,0.0559
crystal necklace,18500,828100,Very low,0.0223
statement necklace,17900,674700,Very low,0.0265
charm necklace,15100,1900000,Very low,0.0079
gold chain,12800,871900,Typical,0.0147
collar necklace,11100,133900,Very low,0.0829
vintage necklace,11000,933900,Very low,0.0118
silver chain,10800,927000,High,0.0117
chunky necklace,10600,298800,Very low,0.0355
silver pendant,9500,2100000,Very low,0.0045
moon necklace,9400,108900,Very low,0.0863
heart necklace,8700,405300,Very low,0.0215
lariat necklace,8500,313500,Very low,0.0271
heart pendant,7800,201800,Very low,0.0387
boho necklace,7200,970800,Very low,0.0074
gothic necklace,6900,137400,Very low,0.0502
gold chain necklace,6800,642300,High,0.0106
star necklace,6600,356800,Very low,0.0185
long necklace,6200,352800,Very low,0.0176
layered necklace,5900,214800,Very low,0.0275
rose gold necklace,5700,368200,Very low,0.0155
custom pendant,5100,769700,Very low,0.0066
macrame necklace,4600,62900,Very low,0.0731
coin necklace,4300,87500,Very low,0.0491
flower necklace,4100,374000,Very low,0.011
stone necklace,4000,1100000,Very low,0.0036
layered necklace set,3500,35600,Very low,0.0983
unique necklace,3500,1100000,Very low,0.0032
art deco necklace,3300,233000,Very low,0.0142
beaded choker,3000,148500,Very low,0.0202
womens necklace,2900,1200000,Very low,0.0024
seed bead necklace,2700,90000,Very low,0.03
photo necklace,2700,64300,Typical,0.042
antique necklace,2700,266400,Very low,0.0101
celestial necklace,2500,113000,Very low,0.0221
everyday necklace,2500,179000,Very low,0.014
glass bead necklace,2500,250300,Very low,0.01
wire wrapped pendant,2000,97100,Very low,0.0206
dog tag necklace,1900,24200,Very low,0.0785
leather cord necklace,1800,47700,High,0.0377
medallion necklace,1700,63800,Very low,0.0266
leaf necklace,1700,97100,Very low,0.0175
bolo tie necklace,1600,12800,Very low,0.125
enamel necklace,1500,138700,Very low,0.0108
floral necklace,1500,220600,Very low,0.0068
resin necklace,1400,100600,Very low,0.0139
simple necklace,1400,190400,Very low,0.0074
flower pendant,1200,354700,Very low,0.0034
bib necklace,1100,41600,Very low,0.0264
religious necklace,1100,239700,Very low,0.0046
spiritual necklace,1100,230800,Very low,0.0048
ocean necklace,1100,123000,Very low,0.0089
bronze necklace,1100,133000,Very low,0.0083
delicate necklace,1100,199300,Very low,0.0055
tribal necklace,1000,84100,Very low,0.0119
art nouveau necklace,1000,57000,Very low,0.0175
oxidized silver necklace,1000,26300,Very low,0.038
wood necklace,893,96900,Very low,0.0092
wire wrapped necklace,877,80600,Very low,0.0109
animal necklace,877,299500,Very low,0.0029
polymer clay necklace,845,27400,Very low,0.0308
elegant necklace,835,739400,Very low,0.0011
resin pendant,700,121100,Very low,0.0058
nurse necklace,674,14100,Very low,0.0478
birthday necklace,613,921400,Very low,0.0007
hippie necklace,602,550100,Very low,0.0011
animal pendant,552,312000,Very low,0.0018
designer necklace,441,142200,Very low,0.0031
princess necklace,437,29000,Very low,0.0151
coin pendant necklace,427,79500,Very low,0.0054
modern necklace,406,166600,Very low,0.0024
yoga necklace,384,41800,Very low,0.0092
ethnic necklace,383,102400,Very low,0.0037
astrology necklace,372,33700,High,0.011
meditation necklace,354,93000,Very low,0.0038
artisan necklace,348,273600,Very low,0.0013
teacher necklace,337,30400,Very low,0.0111
unisex necklace,307,1400000,Very low,0.0002
long pendant,243,300600,Very low,0.0008
fashion necklace,242,212300,Very low,0.0011
gift necklace,216,1900000,Very low,0.0001
collarbone necklace,209,6400,Very low,0.0327
teen necklace,127,20200,Very low,0.0063
casual necklace,111,76500,Very low,0.0015
opera necklace,92,6700,Very low,0.0137
heavy chain,68,35400,Very low,0.0019
matinee necklace,27,3200,Very low,0.0084
y-necklace,16,26900,Very low,0.0006
short chain,13,75900,Very low,0.0002
gift for her necklace,12,618200,Very low,0
artisanal necklace,10,211300,Very low,0
anniversary gift necklace,7,660900,Very low,0
tie clip necklace,1,16500,Very low,0.0001
new year,1100,488900,Very low,0.0022
new year shirt,531,69400,Very low,0.0077
new year gifts,365,248600,Very low,0.0015
new beginnings gifts,179,17200,Very low,0.0104
new year decor,135,210800,Very low,0.0006
happy new year banner,96,3400,Very low,0.0282
new year decorations,79,29900,Very low,0.0026
winter party decor,72,265400,Very low,0.0003
new year planner,71,19400,Very low,0.0037
new year banner,66,7100,Very low,0.0093
new year stickers,64,11200,Very low,0.0057
new year wall art,61,93000,Very low,0.0007
new year mug,45,7300,Very low,0.0062
new year invitations,44,4300,Very low,0.0102
holiday party decorations,39,475200,Very low,0.0001
new year party decor,34,40700,Very low,0.0008
new year ornament,31,25200,Very low,0.0012
fresh start gifts,30,7800,Very low,0.0038
new year gift ideas,25,47500,Very low,0.0005
new beginnings decor,23,18200,Very high,0.0013
january birthday gift,23,24200,Typical,0.001
new year resolution,16,6900,Very low,0.0023
new year backdrop,15,5000,Very low,0.003
new year home decor,15,174300,Very low,0.0001
new year balloons,14,5500,Very low,0.0025
new year journal,14,24000,Very low,0.0006
new year sign,14,31900,Very low,0.0004
new year garland,13,34700,Very low,0.0004
new year jewelry,13,122100,Very low,0.0001
new year photo booth,11,4300,Very low,0.0026
new year centerpiece,10,5900,Very low,0.0017
new year goals,10,14300,Very low,0.0007
new year countdown,9,9600,Very low,0.0009
new year t shirts,9,20500,Very low,0.0004
new year celebration,9,23100,Very low,0.0004
nye decorations,8,3500,Very low,0.0023
personalized new year gifts,8,48500,Very low,0.0002
new year table decor,7,11200,Very low,0.0006
new year party favors,7,11500,Very low,0.0006
new year digital invitation,6,15200,Very low,0.0004
new year party hat,5,11000,Very low,0.0005
new year vision board kit,4,2800,Very low,0.0014
nye outfit,4,3000,Very low,0.0013
new year tablecloth,4,3400,Very low,0.0012
new year goals planner,4,6200,Very low,0.0006
new year table runner,4,8000,Very low,0.0005
new year photo props,4,9600,Very low,0.0004
new year party game,4,11400,Very low,0.0004
golden year decor,4,15400,Very low,0.0003
festive apparel,4,20400,Very low,0.0002
new year party ideas,4,34000,Very low,0.0001
end of year party,4,52400,Very low,0.0001
new year affirmation cards,3,1500,Very low,0.002
new year confetti,3,5800,Very low,0.0005
new year champagne flutes,3,6400,Very low,0.0005
new year vision board,3,9100,Very low,0.0003
new year party games,3,13000,Very low,0.0002
new year t shirt,3,17200,Very low,0.0002
new year party decorations,3,22000,Very low,0.0001
new year wall decor,3,117300,Very low,0
new year photo booth props,2,1300,Very low,0.0015
new year resolution tracker,2,1800,Very low,0.0011
new year journal prompts,2,4400,Very low,0.0005
new year favors,2,5800,Very high,0.0003
new year planning,2,5800,Very low,0.0003
new year apparel,2,25300,Very low,0.0001
new year accessories,2,61700,Very low,0
festive party decor,2,63400,Very low,0
new year craft,2,167800,Very low,0
new year noisemakers,1,779,Very low,0.0013
new year champagne glasses,1,1600,Very low,0.0006
new year eve decorations,1,4200,Very low,0.0002
january 1st gifts,1,7200,Very low,0.0001
new year party hats,1,13200,Very low,0.0001
new year party supplies,1,129500,Very low,0
new year gifts for her,1,131700,Very low,0
festive party supplies,1,2600000,Very low,0
ornament,41700,1200000,Very low,0.0348
christmas ornament,73500,1300000,Very low,0.0565
wall hanging,21000,1600000,Very low,0.0131
family ornament,11600,182500,Very low,0.0636
ceramic ornament,8900,242200,Very low,0.0367
wedding ornament,8400,185200,Typical,0.0454
door hanger,7600,407600,Very low,0.0186
baby ornament,7500,180100,Very low,0.0416
christmas tree decor,6100,437600,Very low,0.0139
couple ornament,5700,54700,Very low,0.1042
glass ornament,5600,294800,Very low,0.019
acrylic ornament,5100,157100,Very low,0.0325
memorial ornament,4600,188000,Very low,0.0245
tree topper,4500,45900,Very low,0.098
hanging decor,4500,2100000,Very low,0.0021
garden ornament,4300,134700,Very low,0.0319
garden decoration,3800,750700,Very low,0.0051
felt ornament,3400,89600,Very low,0.0379
teacher ornament,3300,54400,Very low,0.0607
wooden ornament,3200,214600,Very low,0.0149
tree ornament,3100,237100,Very low,0.0131
couples ornament,2500,38600,Very low,0.0648
nurse ornament,1900,16300,Very low,0.1166
funny ornament,1600,156100,Very low,0.0102
teen room decor,1400,105900,Very low,0.0132
bird ornament,1100,125700,Very low,0.0088
religious ornament,1100,110800,Very low,0.0099
vintage ornament,1100,831200,Very low,0.0013
snowflake ornament,958,68500,Very low,0.014
unique ornaments,942,400200,Very low,0.0024
memorial ornaments,939,89100,Very low,0.0105
handmade ornament,861,841500,Very low,0.001
diy ornament kit,801,131300,Very low,0.0061
hand painted ornament,754,92800,Very low,0.0081
engraved ornament,730,94000,Very low,0.0078
monogram ornament,727,27800,Very low,0.0262
floral ornament,719,125200,Very low,0.0057
animal ornament,660,343200,Very low,0.0019
animal figurine,589,368600,Very low,0.0016
collectible figurine,582,893600,Very low,0.0007
doctor ornament,444,13500,Very low,0.0329
resin ornament,421,112600,Very low,0.0037
hanging charm,414,35800,Very low,0.0116
food ornament,393,52200,Very low,0.0075
miniature sculpture,393,190600,Typical,0.0021
hobby ornament,385,88700,Very low,0.0043
cute ornament,367,342200,Very low,0.0011
music ornament,366,54900,Very low,0.0067
ornament display,354,273900,Very low,0.0013
birthday ornament,344,212100,Very low,0.0016
rustic ornament,341,269200,Very low,0.0013
fairy tale decor,316,92500,Very low,0.0034
clay ornament,301,77000,Very low,0.0039
whimsical ornament,292,70600,Very low,0.0041
hanging ornaments,273,312400,Very low,0.0009
animal ornaments,262,263400,Very low,0.001
home accent,261,2400000,Very low,0.0001
flower ornament,255,219300,Very low,0.0012
diy project,253,518700.00000000006,Very low,0.0005
farmhouse ornament,242,146300,Very low,0.0017
ornament holder,239,215800,Very low,0.0011
small gift idea,229,575200,Very low,0.0004
metal ornament,222,262700,Very low,0.0008
fabric ornament,220,118600,Very low,0.0019
food ornaments,187,24800,Very low,0.0075
boat ornament,182,18500,Very low,0.0098
antique ornament,161,140200,Very low,0.0011
travel ornaments,153,31700,Very high,0.0048
winter ornament,122,378700,Very low,0.0003
glitter ornament,120,74300,Very low,0.0016
plane ornament,114,8400,Very low,0.0136
bridal ornament,113,115500,Very low,0.001
mini ornament,111,191100,Very low,0.0006
quirky ornament,98,34500,Very low,0.0028
ornament storage,88,54100,Very low,0.0016
hobby ornaments,87,84700,Very low,0.001
keepsake ornaments,87,307900,Very low,0.0003
space ornament,85,28300,Typical,0.003
large ornament,83,91200,Very low,0.0009
gift ornament,82,2100000,Very low,0
nature ornament,72,178800,Very low,0.0004
heirloom ornament,67,258899.99999999997,Very low,0.0003
whimsical decoration,64,54300,Very low,0.0012
minimalist ornament,55,194800,Very low,0.0003
retro decoration,51,415000,Very low,0.0001
adult room decor,47,119800,Very low,0.0004
decorative ornament,47,340100,Very low,0.0001
novelty ornament,45,89900,Very low,0.0005
decorative hanging,42,55000,Very low,0.0008
boho ornament,42,83500,Very low,0.0005
nature ornaments,36,78700,Very low,0.0005
unique trinket,35,256500,Very low,0.0001
handcrafted ornament,33,136800,Very low,0.0002
decorative bauble,32,2900,Very low,0.011
gift topper,32,556100,Very low,0.0001
spiritual ornament,29,62400,Typical,0.0005
year round decor,28,50900,Very low,0.0006
modern ornament,27,65800,Very low,0.0004
summer ornament,26,52400,Very low,0.0005
spring ornament,26,62800,Very low,0.0004
yearly ornament,23,11800,Very low,0.0019
quote ornament,22,27000,Very low,0.0008
musical instrument decor,20,343800,Typical,0.0001
craft ornaments,19,385700,Very high,0
teacher gift ornament,18,64099.99999999999,Very low,0.0003
seasonal ornament,15,585000,Very low,0
themed ornaments,12,502200,Very low,0
ornament bulk,11,36300,High,0.0003
artistic ornament,3,39200,Very low,0.0001
superhero themed decor,2,27800,Very low,0.0001
pattern,12800,4600000,Very low,0.0028
art print,55200,2900000,Very low,0.019
cross stitch pattern,48400,759000,Very low,0.0638
sewing pattern,44100,2500000,Very low,0.0176
wedding invitation template,21300,509100,Very low,0.0418
custom stamp,18800,183500,Very high,0.1025
sticker sheet,18300,387000,Very low,0.0473
seamless pattern,16700,472300,Very low,0.0354
quilt pattern,11100,793900,Very low,0.014
knitting pattern,10400,394800,Very low,0.0263
craft kit,8900,2500000,Very low,0.0036
vinyl decal,7800,1300000,Very high,0.006
wall decal,6700,728400,Very low,0.0092
needlepoint pattern,5400,426700,Very low,0.0127
diy craft kit,3000,1300000,Very low,0.0023
graphic design,2600,1200000,Very low,0.0022
svg cut file,2400,858600,Very low,0.0028
laser cut file,2000,512100,Very low,0.0039
diy craft,1800,1700000,Very low,0.0011
easy sewing pattern,1600,653900,Typical,0.0024
wallpaper stencil,1500,18800,Very low,0.0798
sewing supplies,1300,1900000,Very low,0.0007
planner template,1300,859500,Very low,0.0015
hand drawn art,1200,318000,Very low,0.0038
pdf pattern,1100,1400000,Very low,0.0008
vintage sewing,1100,785500,Very low,0.0014
journal template,868,580500,Typical,0.0015
costume pattern,808,186100,Very low,0.0043
floral pattern,761,1200000,Very low,0.0006
quilting supplies,754,1600000,Very low,0.0005
doll clothes pattern,724,83500,Very low,0.0087
knitting supplies,672,457900,Very low,0.0015
pattern design,656,1700000,Very low,0.0004
custom art print,569,1600000,Very low,0.0004
digital sticker pack,526,136100,Typical,0.0039
vintage pattern,500,1500000,Very low,0.0003
craft kit for adults,489,71300,Very low,0.0069
geometric pattern,419,540900,Very low,0.0008
sticker design,419,872800,Typical,0.0005
embroidery stencil,395,24400,Very low,0.0162
sewing project,392,684700,Very low,0.0006
sticker template,390,653900,Very high,0.0006
handmade craft,381,1800000,Very low,0.0002
papercraft template,360,2300000,Very low,0.0002
fabric pattern,354,715800,Very low,0.0005
needlepoint design,342,174100,Typical,0.002
paper craft template,331,2100000,Very low,0.0002
cross stitch design,281,198500,Very low,0.0014
crochet design,270,144200,Very low,0.0019
handmade gift idea,268,1000000,Very low,0.0003
craft project,265,868200,Very low,0.0003
geometric design,239,608100,Very low,0.0004
diy sewing,237,722100,Typical,0.0003
cnc design,220,97600,Very low,0.0023
sewing template,208,477800,High,0.0004
greeting card template,179,223400,Very high,0.0008
repeating pattern,177,58700,Very low,0.003
template bundle,175,925400,Typical,0.0002
sewing pattern for women,169,267000,Very low,0.0006
textile print,147,288400,Very low,0.0005
wallpaper pattern,145,179500,Very low,0.0008
home sewing pattern,142,549100,Very low,0.0003
fabric design,136,823700,Very low,0.0002
woodworking template,130,61400,Very low,0.0021
art stencil,121,691000,Very low,0.0002
stencil template,121,857600,Very low,0.0001
template digital,118,3500000,Very low,0
costume design,117,372400,Very low,0.0003
svg template,112,1800000,Very low,0.0001
quilting template,108,63100,Very low,0.0017
knitting chart,104,20200,Very low,0.0051
quilt design,99,431300,Very low,0.0002
party printable,99,2800000,Very low,0
jewelry pattern,98,460600,Very low,0.0002
laser cutting file,94,375800,Very low,0.0003
wood carving pattern,92,29400,Very low,0.0031
retro pattern,92,528700,Very low,0.0002
architectural drawing,89,62100,Very low,0.0014
custom template,86,1300000,Typical,0.0001
woodworking plan,85,42000,Very low,0.002
graphic design template,84,485900,Very low,0.0002
wedding pattern,79,279200,Very low,0.0003
jewelry template,75,66900,Very low,0.0011
dressmaking pattern,71,15400,Very low,0.0046
laser cut template,71,201300,Typical,0.0004
historical pattern,70,49400,Very low,0.0014
abstract pattern,70,442200,Very low,0.0002
wall art stencil,68,156300,Very low,0.0004
wallpaper design,62,193700,Very low,0.0003
floral motif,61,154500,Very low,0.0004
vector pattern,60,262800,Very low,0.0002
tile pattern,55,94100,Very low,0.0006
alphabet pattern,54,109000,High,0.0005
diy pattern,53,1100000,Very low,0
wall art template,51,832800,High,0.0001
linocut block,50,25500,Very low,0.002
unique pattern,41,712200,Very low,0.0001
drawing template,38,477600,Very low,0.0001
cutting file,38,968900,Very low,0
birthday pattern,37,528500,Very low,0.0001
crafting ideas,36,1100000,Very low,0
diy template,36,1200000,Very low,0
sewing instructions,34,137300,Very low,0.0002
quilting design,33,134200,Very low,0.0002
artistic design,32,231300,Very low,0.0001
blueprint template,32,263100,Very low,0.0001
surface design,32,1000000,Very low,0
modern sewing,30,463400,Very low,0.0001
stencil design,30,621600,Very low,0
printable stencil,25,273000,Very low,0.0001
sticker pattern,24,96400,Very high,0.0002
painting pattern,24,219700,Very low,0.0001
applique sewing,24,731800,Very low,0
diy instructions,23,172800,Very low,0.0001
apparel design,22,600900,Very low,0
drawing pattern,21,347800,Very low,0.0001
project template,20,296100,Very low,0.0001
digital blueprint,20,525000,Very low,0
sticker sheet design,19,92000,Very low,0.0002
creative template,19,198000,Very low,0.0001
mural design,16,115800,Very low,0.0001
home decor stencil,16,134700,Very low,0.0001
bag making pattern,14,42800,Very low,0.0003
artistic stencil,13,17800,Very low,0.0007
rubber stamp design,13,45600,Very low,0.0003
planner pattern,11,90800,Very low,0.0001
decor stencil,10,226400,Very low,0
pattern for sale,8,22300,Very low,0.0004
craft instructions,8,175200,Very low,0
number pattern,7,39700,Very low,0.0002
handcraft pattern,3,9600,Very low,0.0003
seasonal pattern,3,48200,Very low,0.0001
knitting design,2,42000,Very low,0
layout guide,1,3600,Very low,0.0003
handicraft guide,1,7900,Very low,0.0001
graphic design asset,1,27600,Very low,0
personalized,67500,2100000,Very low,0.0321
custom baby gifts,9100,908800,Typical,0.01
custom cutting board,7200,76700,High,0.0939
custom signs,5300,895200,Typical,0.0059
custom pet gifts,4900,572800,Typical,0.0086
custom baby onesie,4700,126600,Very high,0.0371
personalized stockings,4500,86600,High,0.052
custom mugs,4100,353400,High,0.0116
personalized wine glasses,4100,33900,Typical,0.1209
custom door mat,3800,74200,Very high,0.0512
personalized tumblers,2900,145200,Very high,0.02
custom wedding favors,2600,183600,Very low,0.0142
personalized photo album,2500,26500,Typical,0.0943
custom leather journal,2200,70900,High,0.031
custom cutting boards,1600,76800,High,0.0208
personalized cutting boards,1600,30700,Very high,0.0521
custom stationery,1500,833700,Very low,0.0018
personalized journals,1400,148500,High,0.0094
personalized birthday gifts,1300,1200000,Very low,0.0011
monogrammed baby gifts,1200,101000,High,0.0119
personalized travel mug,1100,35500,Very high,0.031
monogrammed pillow,1100,44600,Typical,0.0247
monogrammed blanket,990,57500,Typical,0.0172
engraved glassware,934,18100,Very high,0.0516
custom apparel,925,1100000,Very low,0.0008
monogrammed robes,866,23600,Very low,0.0367
custom made,840,723800,Very low,0.0012
engraved flasks,831,14300,Very high,0.0581
personalized graduation gifts,767,125800,Very low,0.0061
custom baby shower,627,787600,Very low,0.0008
monogrammed robe,597,18400,Very high,0.0324
personalized notebooks,562,100800,Very high,0.0056
custom puzzles,385,117400,High,0.0033
monogrammed bags,367,154100,Very high,0.0024
monogrammed coasters,231,12500,High,0.0185
custom doormats,221,46200,High,0.0048
custom made gifts,202,219100,Very low,0.0009
personalized phone cases,168,84900,Very low,0.002
engraved watches,146,20200,High,0.0072
monogrammed gifts for her,139,115300,Very low,0.0012
personalized photo frames,108,29100,Very high,0.0037
tailored clothing,84,119900,Very low,0.0007
personalized leather goods,62,57200,Very low,0.0011
bespoke wedding invitations,60,32100,Very low,0.0019
bespoke wall art,41,87600,Very low,0.0005
engraved photo frames,36,11000,Very high,0.0033
customized decor,36,993100,Very low,0
bespoke home decor,27,269600,Very low,0.0001
bespoke candles,18,4600,Very low,0.0039
tailor made,18,85200,Very low,0.0002
unique personal gifts,15,7700,Very high,0.0019
bespoke leather goods,13,4400,Very low,0.003
custom star maps,8,11900,Very low,0.0007
engraved metal signs,8,14200,Very low,0.0006
unique name gifts,8,1200000,Very low,0
engraved wine stoppers,6,6600,Very low,0.0009
monogrammed wallets,6,22100,Very low,0.0003
custom puzzle gifts,3,166600,Very high,0
bespoke accessories,2,11900,Very low,0.0002
custom home goods,2,22900,Very low,0.0001
pet,8400,1400000,Very low,0.006
dog lover gift,7300,466300,Very low,0.0157
dog toys,6000,103500,Very low,0.058
cat toy,5700,145500,Typical,0.0392
dog leash,5500,204400,Very low,0.0269
fish tank decor,4700,19000,Very low,0.2474
pet memorial stone,4400,39600,High,0.1111
custom pet memorial,3700,380800,Typical,0.0097
cat house,3200,71400,Very low,0.0448
live aquarium plants,1900,7900,Typical,0.2405
pet portrait custom,1700,312400,Typical,0.0054
cat christmas ornament,1600,41800,Very low,0.0383
cat carrier,1600,13800,Very low,0.1159
dog training,1600,45900,Very low,0.0349
pet costume,1500,106600,Very low,0.0141
dog birthday card,1400,52200,Very high,0.0268
dog clothing,1400,520900,Very low,0.0027
bird toys,1300,31700,Typical,0.041
guinea pig cage,1300,8100,Very low,0.1605
pet wall art,900,530900,Very low,0.0017
cat litter box enclosure,794,4300,Very low,0.1847
snake enclosure,644,5700,Very low,0.113
personalized pet tag,631,55300,Typical,0.0114
dog birthday outfit,602,27800,Very low,0.0217
dog house outdoor,561,26100,Very low,0.0215
dog paw print,552,153900,Typical,0.0036
fish tank ornament,423,5400,Very low,0.0783
bird seed,419,22600,Typical,0.0185
hamster cage accessories,414,5200,Very low,0.0796
aquarium supplies,380,33900,Very low,0.0112
dog lover mug,363,74800,Very low,0.0049
dog mom sticker,336,24800,Very high,0.0135
pet birthday,317,490200,Very low,0.0006
dog car seat cover,305,4700,Very low,0.0649
bird cage decor,286,6800,Very low,0.0421
pet grooming,265,19600,Very low,0.0135
bird cage accessories,220,6200,Very low,0.0355
turtle tank,215,7400,Very low,0.0291
dog harness no pull,200,5700,Very low,0.0351
bird perches,187,12900,High,0.0145
cat harness escape proof,186,6200,Typical,0.03
pet water fountain,185,4700,Very low,0.0394
rabbit hutch outdoor,181,3800,Very low,0.0476
reptile terrarium,145,9800,Very low,0.0148
pet food bowl,141,13800,Typical,0.0102
custom pet illustration,131,108700,Typical,0.0012
cat carrier backpack,124,3700,Very low,0.0335
new kitten gifts,122,11300,Very low,0.0108
dog themed jewelry,103,24200,Very low,0.0043
dog training clicker,86,5500,Very low,0.0156
new puppy gifts,79,27000,Very high,0.0029
pet grooming tools,71,5400,Very low,0.0131
dog training tools,70,11300,Very low,0.0062
guinea pig supplies,63,16900,Very low,0.0037
pet grooming kit,59,2400,Very low,0.0246
dog training treats,58,14500,Very low,0.004
cat parent mug,55,9900,Very low,0.0056
cat wedding collar,47,12500,Very low,0.0038
small animal cage,45,9200,Very low,0.0049
pet grooming supplies,42,19200,Very low,0.0022
cat furniture modern,42,21800,Very low,0.0019
pet grooming brush,36,1300,Very low,0.0277
pet first aid kit,36,4300,Very low,0.0084
rabbit hutch decor,32,5100,Very low,0.0063
animal themed jewelry,31,211400,Very low,0.0001
cat tree condo,29,6400,Very low,0.0045
animal lover sticker,26,193800,High,0.0001
small animal supplies,26,278300,Very high,0.0001
cat scratching pad,23,3700,Very low,0.0062
pet grooming gloves,21,2800,Very low,0.0075
handmade pet gifts,21,217100,Very low,0.0001
small animal bedding,20,9100,Typical,0.0022
exotic pet accessories,19,10000,Very low,0.0019
dog food bowl personalized,18,7700,Very high,0.0023
eco friendly pet products,17,4800,Very low,0.0035
dog walking gear,17,14200,Very low,0.0012
cat themed art,17,252000,Very low,0.0001
animal lover decor,17,1300000,Very low,0
pet travel accessories,16,12000,Very low,0.0013
dog parent shirt,16,68100,Very low,0.0002
reptile habitat,15,10700,Very low,0.0014
small pet toys,13,20100,Very high,0.0006
pet id tag custom,13,63600,Very low,0.0002
pet travel carrier,8,4300,Very low,0.0019
cat mom present,7,11000,Very low,0.0006
animal rescue apparel,7,53500,Very low,0.0001
animal lover t-shirt,7,221400,Very low,0
pet paw print art,6,50200,Very high,0.0001
small pet treats,5,5900,Very low,0.0008
dog toy durable,5,16500,Very low,0.0003
dog bandana unique,5,18000,Very low,0.0003
small pet bedding,5,19600,Very low,0.0003
cat grooming supplies,4,6800,Very low,0.0006
small animal habitat,4,9000,Very low,0.0004
ferret leash harness,3,5300,Very low,0.0006
small pet habitat,3,5500,Very low,0.0005
dog training aids,3,7100,Very low,0.0004
organic pet treats,3,8900,Very low,0.0003
animal paw print,3,188700,Very low,0
pet memorial item,3,307400,Very high,0
natural pet shampoo,2,863,Very low,0.0023
hamster wheel silent,2,6500,Very low,0.0003
dog chew toy durable,2,7900,Very low,0.0003
dog breed specific,2,82800,Very low,0
unique pet supplies,2,133500,Very low,0
dog grooming tool,1,919,Very low,0.0011
pet bed cozy,1,5900,Very low,0.0002
dog leash strong,1,15500,Very low,0.0001
pet lover sticker,1,150600,Very low,0
pet owner accessory,1,153100,Very low,0
halloween png,79200,692700,Typical,0.1143
digital downloads,8800,4600000,Very low,0.0019
png files,5700,1700000,Typical,0.0034
sublimation designs,5500,426400,Typical,0.0129
sublimation prints,3500,678300,High,0.0052
seamless patterns,3300,352700,Very low,0.0094
custom png,2600,1400000,Very high,0.0019
clipart png,2500,1800000,Very low,0.0014
digital art prints,2400,3900000,Very low,0.0006
sublimation transfers,1900,423400,Typical,0.0045
watercolor clipart,1800,448600,Very low,0.004
sticker png,1100,807200,High,0.0014
hand drawn clipart,747,105300,Very low,0.0071
digital embroidery,712,441000,Very low,0.0016
floral clipart,673,371900,Typical,0.0018
engraving files,508,219500,Typical,0.0023
hand drawn png,481,145900,Very low,0.0033
watercolor png,442,423000,Very low,0.001
valentines png,441,142500,Very high,0.0031
clip art bundle,388,726300,Typical,0.0005
digital paper pack,362,307000,Typical,0.0012
easter png,359,148900,Typical,0.0024
planner stickers digital,353,142100,High,0.0025
design bundles,350,722800,Very low,0.0005
custom digital art,331,1400000,Very low,0.0002
personalized png,301,273700,Very low,0.0011
downloadable artwork,284,357100,Very low,0.0008
baby shower png,279,227100,Very high,0.0012
baby shower invitations digital,276,176800,High,0.0016
logo design template,267,231600,High,0.0012
watercolor clip art,208,307200,Typical,0.0007
floral clip art,146,484900,High,0.0003
digital collage,141,1400000,Typical,0.0001
birthday clip art,135,429400,Very low,0.0003
seamless patterns digital,133,317100,Very low,0.0004
transparent png,127,304400,Very low,0.0004
floral digital art,113,1100000,Very low,0.0001
3d png,102,138500,Very low,0.0007
digital fonts,71,188400,High,0.0004
botanical illustrations,51,115300,High,0.0004
social media graphics,49,33600,Very low,0.0015
sublimation graphics,43,530500,Very low,0.0001
printable png,43,1300000,Very low,0
watercolor graphics,42,247100,Very low,0.0002
animal illustrations,39,594000,Very low,0.0001
digital watercolor art,38,815300,Very low,0
design elements,33,88200,Very low,0.0004
design assets,31,52100,Very low,0.0006
party png,31,2900000,Very low,0
transparent background,29,98300,Very high,0.0003
illustration bundle,28,505300,Very low,0.0001
digital crafting,27,2300000,Very high,0
printable photo props,26,82300,Very low,0.0003
graphic design templates,26,515400,Very low,0.0001
personalized digital prints,25,163200,Very low,0.0002
design files,24,1800000,Very low,0
animal digital prints,21,627000,Very low,0
hand drawn graphics,20,38900,Very low,0.0005
digital planner elements,19,28300,Very low,0.0007
vintage graphics,19,139000,Very low,0.0001
animal graphics,17,180200,Very low,0.0001
digital blueprints,15,522799.99999999994,Very low,0
digital design bundle,15,958400,Very low,0
social media png,14,14300,Very low,0.001
nursery art printable,14,664100,Very low,0
animated png,13,82800,Very low,0.0002
creative digital assets,12,8100,Very low,0.0015
graphic bundles,12,59800,Very low,0.0002
scrapbooking elements,12,136500,Very low,0.0001
graphic design assets bundle,11,44700,Very high,0.0002
digital artwork bundle,11,198600,Very low,0.0001
graphic elements,10,20200,Very low,0.0005
digital journal elements,10,43400,Typical,0.0002
digital wedding stationery,10,183600,Very low,0.0001
boho digital designs,8,70400,Very low,0.0001
graphic design resources,7,4200,Very low,0.0017
digital sticker kits,7,37700,Very low,0.0002
transparent clip art,7,183300,Very low,0
digital icon pack,6,60900,Very high,0.0001
minimalist graphics,5,13400,Very low,0.0004
graphic overlays,5,16300,Very high,0.0003
line art graphics,5,28100,Very low,0.0002
seasonal graphics,4,82500,Very low,0
digital animal illustrations,4,127900,Very low,0
planner accessories digital,3,7400,Very low,0.0004
retro design elements,3,8100,Very low,0.0004
social media templates digital,3,119400,Very low,0
holiday design bundle,3,167600,Very low,0
digital patterns for printing,2,7000,Very low,0.0003
digital icons pack,2,7200,Very low,0.0003
artistic graphics,2,13700,Very low,0.0001
boho design elements,2,16600,Very low,0.0001
graphic elements pack,2,26700,Very low,0.0001
digital illustrations for sale,1,189,Very low,0.0053
wedding design elements,1,4000,Very low,0.0003
transparent background images,1,7200,Very low,0.0001
customizable graphics,1,13700,Very low,0.0001
digital doodle designs,1,50800,Very low,0
poster,221400,1200000,Very low,0.1845
metal wall art,60900,559800,Very low,0.1088
abstract wall art,34000,1900000,Very low,0.0179
kitchen wall art,33700,2200000,Very low,0.0153
vintage wall art,27500,1300000,Very low,0.0212
wood wall art,25300,1400000,Very low,0.0181
canvas wall art,22100,1700000,Very low,0.013
framed wall art,16400,1200000,Very low,0.0137
botanical wall art,12600,971800,Very low,0.013
mid century modern art,10900,307400,Very low,0.0355
landscape wall art,10600,2000000,Very low,0.0053
floral wall art,9800,1700000,Very low,0.0058
modern wall art,9600,1200000,Very low,0.008
minimalist wall art,8400,1700000,Very low,0.0049
wall art print,8400,2700000,Very low,0.0031
vintage poster,7600,1600000,Very low,0.0047
boho wall decor,6900,909300,Very low,0.0076
canvas print,6500,1800000,Typical,0.0036
gallery wall set,5500,279800,Very low,0.0197
office wall decor,4900,1500000,Very low,0.0033
music poster,4800,258000,Very low,0.0186
animal wall art,4300,2000000,Very low,0.0022
typography poster,4000,167900,Very low,0.0238
gallery wall prints,3800,513700.00000000006,Very low,0.0074
abstract art print,3800,1600000,Very low,0.0024
vintage print,3300,1600000,Very low,0.0021
botanical print,3200,1000000,Very low,0.0032
landscape print,3100,1800000,Very low,0.0017
motivational poster,3100,118800,Very low,0.0261
travel poster,2900,450000,Very low,0.0064
quote wall art,2700,1200000,Very low,0.0022
retro poster,2500,672000,Very low,0.0037
wall hanging art,2300,1600000,Very low,0.0014
inspirational wall art,2200,651200,Very low,0.0034
photo print,2200,996100,Typical,0.0022
fine art print,2100,516299.99999999994,Very low,0.0041
vintage art print,2100,1700000,Very low,0.0012
framed art print,2100,1400000,Very low,0.0015
framed print,2100,1400000,Very low,0.0015
retro wall decor,2100,1700000,Very low,0.0012
map wall art,1800,495000,Very low,0.0036
abstract print,1700,1700000,Very low,0.001
floral art print,1600,1400000,Very low,0.0011
modern art print,1600,1300000,Very low,0.0012
quote print,1500,809600,Very low,0.0019
illustration print,1400,992400,Very low,0.0014
wall art printable,1400,2100000,Very low,0.0007
funny wall decor,1400,1100000,Very low,0.0013
home wall art,1400,5700000,Very low,0.0002
nature wall decor,1400,1900000,Very low,0.0007
landscape art print,1300,2000000,Very low,0.0006
minimalist art print,1200,1400000,Very low,0.0009
typography wall art,1200,283100,Very low,0.0042
art deco poster,1100,329200,Very low,0.0033
wall art poster,1100,1600000,Very low,0.0007
minimalist poster,1000,783400,Very low,0.0013
small art print,995,319800,Very low,0.0031
wall artwork,899,1000000,Very low,0.0009
minimalist print,865,1700000,Very low,0.0005
typography print,863,211700,Very low,0.0041
movie poster art,824,262200,Very low,0.0031
quote poster,816,348600,Very low,0.0023
landscape poster,800,751800,Very low,0.0011
custom poster print,730,532100,Very high,0.0014
nursery art print,728,999800,Very low,0.0007
art print set,716,1300000,Very low,0.0006
abstract poster,644,552300,Very low,0.0012
vintage travel poster,623,205400,Very low,0.003
mid century poster,603,191200,Very low,0.0032
canvas print wall art,549,2400000,Very low,0.0002
custom photo print,545,329000,Typical,0.0017
scenic wall art,539,344500,Very low,0.0016
living room poster,531,1900000,Very low,0.0003
kids room poster,518,304900,Very low,0.0017
typography art,476,302000,Very low,0.0016
vintage poster print,469,1500000,Very low,0.0003
animal art print,453,1500000,Very low,0.0003
travel poster print,450,474600,Very low,0.0009
city map print,433,183500,Very low,0.0024
vintage poster art,413,1800000,Very low,0.0002
poster design,412,402000,Very low,0.001
gallery wall print,412,743000,Very low,0.0006
graphic design poster,377,73900,Very low,0.0051
modern art poster,371,1100000,Very low,0.0003
animal print decor,366,2500000,Very low,0.0001
canvas art print,356,2000000,Very low,0.0002
botanical illustration,350,318500,Very low,0.0011
cityscape wall art,347,846300,Very low,0.0004
inspirational print,342,259399.99999999997,Very low,0.0013
illustration art print,315,1300000,Very low,0.0002
modern poster,278,1200000,Very low,0.0002
handmade art print,257,430600,Very low,0.0006
vintage style print,235,865500,Very low,0.0003
home decor print,229,4400000,Very low,0.0001
art print poster,228,1800000,Very low,0.0001
modern print,223,1100000,Very low,0.0002
quote art print,208,786500,Very low,0.0003
vintage advertisement,190,114700,Very low,0.0017
blueprint poster,185,25300,Very low,0.0073
scandinavian art print,169,154700,Very low,0.0011
wall art design,153,2000000,Very low,0.0001
typography art print,145,310600,Very low,0.0005
cityscape print,142,651900,Very low,0.0002
paper print,135,2400000,High,0.0001
wall decor print,124,2100000,Very low,0.0001
architectural print,117,280000,Very low,0.0004
hand drawn print,116,156100,Very low,0.0007
poster illustration,99,368100,Very low,0.0003
printable art set,99,977900,High,0.0001
graphic print,96,1600000,Very low,0.0001
graphic art print,89,673100,Very low,0.0001
home decor poster,86,2000000,Very low,0
motivational art print,84,186700,Very low,0.0004
set of wall prints,77,304900,Very low,0.0003
hand drawn poster,76,47900,Very low,0.0016
dorm room poster,73,701900,Very low,0.0001
travel poster art,71,483200,Typical,0.0001
nature photography print,66,177200,Very low,0.0004
customizable poster,64,78900,Very high,0.0008
set of art prints,64,779200,Very low,0.0001
music poster art,59,257200,Very low,0.0002
large wall poster,56,720600,Very low,0.0001
band poster art,52,32299.999999999996,Very low,0.0016
photo poster print,46,459300,Very high,0.0001
retro poster art,46,838800,Typical,0.0001
gallery poster,45,374500,Very low,0.0001
modern graphic art,36,373200,Very low,0.0001
typographic art,30,24900,Very low,0.0012
interior design art,30,155700,Very low,0.0002
customizable print,25,229700,Typical,0.0001
scientific illustration print,20,23400,Very low,0.0009
large format print,20,42400,Very low,0.0005
decorative poster,19,162700,Very low,0.0001
artistic wall decor,18,430800,Very low,0
science poster print,17,73100,Very low,0.0002
interior design print,9,143600,Very low,0.0001
educational wall chart,8,29100,Very low,0.0003
retro poster design,8,52300,Very low,0.0002
movie poster alternative,4,6200,Very low,0.0006
print,17900,8000000,Very low,0.0022
prints,69400,5600000,Very low,0.0124
3d printed,62900,634800,Very low,0.0991
wall prints,25600,3800000,Very low,0.0067
prints wall art,22200,3800000,Very low,0.0058
3d print,20700,946400,Very low,0.0219
bathroom prints,16200,823600,Very low,0.0197
3d printed toys,16100.000000000002,180100,Very low,0.0894
bulldog bathroom print,11400,91,Very low,125.2747
poster print,10600,1900000,Very low,0.0056
dtf prints,10500,281600,High,0.0373
black and white prints,10300,986900,Very low,0.0104
yayoi kusama print,10100,9400,Very low,1.0745
kitchen prints,9700,2000000,Very low,0.0049
botanical prints,9100,771000,Very low,0.0118
leopard print,9000,317500,Very low,0.0283
fall prints,8800,501100,High,0.0176
mickey mantle print,8300,6600,Very low,1.2576
best selling items 3d print,8200,5100,Very low,1.6078
linocut print,8100,78400,Very low,0.1033
3d printing,8100,346000,Very low,0.0234
nursery prints,7900,846600,Very low,0.0093
3d prints,7700,629800,Very low,0.0122
print on demand,7400,88200,Very low,0.0839
bedroom prints,7300,3000000,Very low,0.0024
set of 3 prints,7000,395400,Very low,0.0177
vintage prints,6900,1100000,Very low,0.0063
prints for wall,6800,4400000,Very low,0.0015
halloween prints,6700,537700,Typical,0.0125
patent wall art print,6000,12100,Very low,0.4959
photography prints,6000,499300,Very low,0.012
wall print,5800,4400000,Very low,0.0013
block print fabric,5100,127500,Very low,0.04
3d printed items,4800,21400,Very low,0.2243
bathroom print,4700,1100000,Very low,0.0043
3d printed fidget,4500,33500,Very low,0.1343
prints art,4400,6300000,Very low,0.0007
kitchen print,4400,2400000,Very low,0.0018
william morris prints,4300,32700.000000000004,Very low,0.1315
living room prints,4200,3000000,Very low,0.0014
digital print,4000,5100000,Very low,0.0008
3d print file,3900,269400,Very low,0.0145
girls bedroom prints,3800,183600,Very low,0.0207
stl 3d print,3800,243100,Very low,0.0156
my porch prints,3600,25100,Very high,0.1434
framed prints,3600,1500000,Very low,0.0024
playroom prints,3600,105000,Very low,0.0343
horizontal art print,3500,1700000,Very low,0.0021
vintage botanical prints,3500,353200,Very low,0.0099
lino print,3500,27600,Very low,0.1268
prints for bedroom,3500,2200000,Very low,0.0016
3d printed gifts,3500,273900,Very low,0.0128
how lucky are we print,3400,39100,High,0.087
risograph print,3400,9800,Very low,0.3469
funky bathroom prints,3300,14000,Very low,0.2357
3d printing files,3200,165800,Very low,0.0193
fall print,3100,904000,Typical,0.0034
black art prints,3000,1100000,Very low,0.0027
large art print,3000,1900000,Very low,0.0016
3d printed lamp,2900,11600,Very low,0.25
matisse print,2900,51900,Very low,0.0559
coastal prints,2900,629500,Very low,0.0046
3d printing service,2900,7300,Typical,0.3973
kitchen art print,2800,2500000,Very low,0.0011
halloween art print,2800,529200,Very low,0.0053
art prints digital download,2700,1600000,Very low,0.0017
black and white print,2700,968500,Very low,0.0028
block print,2700,333100,Very low,0.0081
custom 3d printing,2700,96800,Very low,0.0279
cat print,2700,527100,Very low,0.0051
funny bathroom prints,2700,89000,Very low,0.0303
william henry print,2600,15300,Very low,0.1699
fall prints digital download,2600,180400,Very high,0.0144
leopard print gifts,2600,71500,Very low,0.0364
nursery print,2500,1100000,Very low,0.0023
my porch prints shop,2500,21900,Very high,0.1142
noah kahan print,2400,4000,Very low,0.6
bathroom art print,2400,1100000,Very low,0.0022
artwork prints,2400,660600,Very low,0.0036
cool prints,2400,153900,Very low,0.0156
folk art print,2400,145200,Very low,0.0165
vintage prints wall art,2300,1100000,Very low,0.0021
block print quilt,2300,102200,Very low,0.0225
block print dress,2300,59700,Very low,0.0385
olivia dean print,2300,2700,Very low,0.8519
jack penny print,2300,4200,Very low,0.5476
3d printing file,2300,249400,Very low,0.0092
horizontal print,2200,1800000,Very low,0.0012
kitchen prints wall art,2200,1800000,Very low,0.0012
hydrangea print,2200,64900.00000000001,Very low,0.0339
cow print,2200,187600,Very low,0.0117
girl nursery prints,2200,145800,Very low,0.0151
animal print rug,2200,73000,Very low,0.0301
floral print,2100,2000000,Very low,0.001
anthony bourdain print,2100,4100,Typical,0.5122
3d printing services,2100,6600,Typical,0.3182
floral prints,2100,1200000,Very low,0.0018
8x10 print,2100,197800,Very low,0.0106
poster prints,2100,1300000,Very low,0.0016
personalized print,2000,254900,Very low,0.0078
zebra print,2000,58500,Very low,0.0342
photo printing,2000,104900,Typical,0.0191
beach prints,2000,782000,Very low,0.0026
block print curtains,2000,17400,Very low,0.1149
custom canvas print,1900,277100,Very low,0.0069
animal print,1900,1300000,Very low,0.0015
screen print,1900,141000,Very low,0.0135
3d printed earrings,1900,21500,Very low,0.0884
paw print necklace,1900,16300,High,0.1166
horse print,1800,197000,Very low,0.0091
huge prints wall art,1800,10700,Very low,0.1682
football prints,1800,133100,Typical,0.0135
digital prints wall art,1800,3200000,Very low,0.0006
wall decor prints,1700,1900000,Very low,0.0009
western prints,1700,226000,Very low,0.0075
bird print,1700,426600,Very low,0.004
cute prints,1700,1300000,Very low,0.0013
new york print,1700,84300,Very low,0.0202
3d printed food,1600,62300,Very low,0.0257
cyanotype print,1600,7000,Very low,0.2286
dog nose print ring,1600,4300,Typical,0.3721
screen print shirt,1600,52000,Typical,0.0308
a3 print,1600,144000,Very low,0.0111
custom 3d printing service,1600,6400,High,0.25
printed linen boho maxi dress,1600,6200,Very low,0.2581
vacation style grafitti print,1600,7100,Very low,0.2254
11x14 print,1500,78300,Very low,0.0192
custom tshirt printing,1500,41800,Very high,0.0359
cowboy print,1500,163100,Very low,0.0092
bedroom print,1500,2900000,Very low,0.0005
dog nose print necklace,1500,4800,High,0.3125
16x20 print,1400,65800,Very low,0.0213
art-prints,1300,3000000,Very low,0.0004
halloween 3d print files,1300,32100,Typical,0.0405
24x36 print,1300,64300,Very low,0.0202
redlin print,1200,4200,Very low,0.2857
wall prints living room,1200,1900000,Very low,0.0006
sunset wall art print,231,316600,Very low,0.0007
feather wall art print,222,30500,Very low,0.0073
lake wall art print,217,224800,Very low,0.001
printable,15100,5000000,Very low,0.003
digital templates,2200,2600000,Very low,0.0008
printable calendar,1900,357700,High,0.0053
printable games,1300,966500,Very low,0.0013
printable planner stickers,962,97300,Typical,0.0099
printable baby shower games,780,261000,Very high,0.003
printable wedding planner,728,44600,Very high,0.0163
printable sticker sheet,404,112200,Very high,0.0036
printable banner,345,576900,High,0.0006
digital wall prints,291,3600000,Very low,0.0001
printable habit tracker,284,63500,High,0.0045
printable baby shower invitation,263,345500,Very low,0.0008
printable party games,249,546300,Very low,0.0005
printable affirmation cards,215,31500,Very low,0.0068
downloadable invitations,204,55900,Typical,0.0036
printable birthday invitation,203,759400,High,0.0003
printable game,200,797000,Very low,0.0003
downloadable stickers,178,23300,Typical,0.0076
downloadable games,171,19800,Very low,0.0086
printable crafts,171,1500000,Very low,0.0001
downloadable planner,163,38800,High,0.0042
printable greeting card,147,441900,Typical,0.0003
digital clip art,144,2200000,Very low,0.0001
printable checklist,143,177500,Typical,0.0008
printable wedding,129,523000,Very low,0.0002
printable sewing patterns,128,128500,Very low,0.001
printable wedding invitation,124,346100,Typical,0.0004
printable birthday,98,1700000,Very low,0.0001
printable embroidery,89,240100,Very low,0.0004
printable gift tag,89,432100,Very high,0.0002
digital labels,79,304200,High,0.0003
printable journals,74,665300,Very low,0.0001
printable workbook,66,126400,Very low,0.0005
printable signs,47,582000,Very low,0.0001
downloadable templates,45,117700,Very low,0.0004
printable homeschool,45,382300,Very low,0.0001
printable designs,42,370600,Very low,0.0001
printable stationery set,39,432100,Very low,0.0001
printable sticker kit,37,52800,Very low,0.0007
printable clipart,34,1300000,Very low,0
diy printables,34,1400000,Very low,0
printable classroom,32,601800,Very low,0.0001
printable business planner,31,28700,Very high,0.0011
printable menu template,31,128600,High,0.0002
digital decorations,30,1000000,Very low,0
printable fonts,29,60200,Very low,0.0005
printable doodle art,28,90800,Very low,0.0003
custom printables,24,587700,High,0
printable holiday cards,23,421900,Very low,0.0001
downloadable labels,22,102200,Very high,0.0002
printable budget planners,22,105200,High,0.0002
printable food labels,21,20900,High,0.001
printable craft kit,21,542500,Very low,0
printable files,21,1600000,Very low,0
personalized printables,18,125500,Very low,0.0001
printable business card,17,65300,Very low,0.0003
printable certificates,17,70000,Very low,0.0002
printable mockups,16,27300,Very low,0.0006
printable flower templates,16,140700,Very low,0.0001
instant files,15,1000000,Very low,0
printable birthday party,14,1700000,Very low,0
printable gift boxes,12,60500,Very low,0.0002
printable label,12,490000,Very high,0
printable decorations,10,434800,Very low,0
printable flyers,9,128400,Very low,0.0001
digital planners for kids,7,79300,Very low,0.0001
printable organizers,7,92700,Very low,0.0001
printable stickers sheets,7,236000,Very low,0
printable planners digital,6,369500,Very low,0
printable educational materials,5,9200,Very low,0.0005
printable menus,5,50000,Very low,0.0001
editable printables,5,267700,Very low,0
printable favors,5,484500,Very low,0
instant art,4,1500000,Very low,0
printable labels tags,3,163100,Very low,0
printable activity sheet,3,412000,Very low,0
printable scrapbooking,3,673000,Very low,0
printable baby shower invites,2,7100,Very low,0.0003
printable wall hanging,2,162100,Very low,0
instant invitations,2,594400,Very low,0
instant digital,2,1400000,Very low,0
printable labels design,1,39800,Very low,0
instant graphics,1,200000,Very low,0
printable budgets,1,219100,Very low,0
printable craft patterns,1,331600,Very low,0
gold ring,52300,1800000,Very low,0.0291
silver ring,48000,2100000,Very low,0.0229
opal ring,31800,159000,Very low,0.2
vintage ring,31300,1100000,Very low,0.0285
pinky ring,29800,568700,Very low,0.0524
emerald ring,28900,319500,Very low,0.0905
sapphire ring,27900,259000,Very low,0.1077
signet ring,26100,379100,Very low,0.0688
turquoise ring,24800,192400,Very low,0.1289
amethyst ring,19700,126600,Very low,0.1556
ruby ring,18500,119200,Very low,0.1552
diamond ring,18300,871900,Very low,0.021
art deco ring,17800,590800,Very low,0.0301
pearl ring,14900,116300,Very low,0.1281
gemstone ring,14700,1600000,Very low,0.0092
engraved ring,10500,180600,High,0.0581
initial ring,10400,292600,Typical,0.0355
antique ring,10200,237000,Very low,0.043
custom ring,9700,996800,Very low,0.0097
thumb ring,9500,335500,Very low,0.0283
spinner ring,9300,41100,Very low,0.2263
onyx ring,8700,98700,Very low,0.0881
dainty ring,8500,651000,Very low,0.0131
eternity ring,8000,118700,Very low,0.0674
adjustable ring,6400,258500,Very low,0.0248
mood ring,6300,10100,Very low,0.6238
unique ring,6200,1200000,Very low,0.0052
promise ring for her,5900,310900,Very low,0.019
flower ring,5800,266500,Very low,0.0218
unique rings,5300,764900,Very low,0.0069
cocktail ring,5100,165400,Very low,0.0308
class ring,4600,14800,Very low,0.3108
couple rings,4600,55700,Very low,0.0826
celestial ring,3900,63000,Very low,0.0619
boho ring,3800,592800,Very low,0.0064
resin ring,3000,50600,Very low,0.0593
floral ring,2500,235100,Very low,0.0106
womens ring,2400,1200000,Very low,0.002
open ring,2300,88100,Very low,0.0261
band ring,2000,1200000,Very low,0.0017
family ring,1800,36500,Very low,0.0493
friendship rings,1600,326200,Very low,0.0049
dome ring,1300,129300.00000000001,Very low,0.0101
geometric ring,1200,134400,Very low,0.0089
promise ring for him,1200,23500,Very low,0.0511
organic ring,669,63600,Very low,0.0105
finger ring,568,50400,Very low,0.0113
unisex ring,549,1300000,Very low,0.0004
artisan ring,505,195600,Very low,0.0026
polymer clay ring,445,12500,Very low,0.0356
fashion rings,403,96600,Very low,0.0042
designer rings,165,103000,Very low,0.0016
domino ring,92,5600,Very low,0.0164
rug,77400,1700000,Very low,0.0455
desk mat,36600,146100,Very low,0.2505
moroccan rug,29400,180800,Very low,0.1626
door mat,22100,142700,Very low,0.1549
living room rug,22000,1700000,Very low,0.0129
runner rug,21200,495300,Very low,0.0428
wool rug,19300,1400000,Very low,0.0138
stair runner,15700,50400,Very low,0.3115
turkish rug,14400,510800,Very low,0.0282
round rug,14300,154300,Very low,0.0927
doormat,13800,118800,Very low,0.1162
area rug,13100,1200000,Very low,0.0109
bath mat,12800,207000,Very low,0.0618
welcome mat,11800,107900,Very low,0.1094
kilim rug,11300,249600,Very low,0.0453
persian rug,10500,96600,Very low,0.1087
tufted rug,9900,285200,Very low,0.0347
vintage rug,9700,801700,Very low,0.0121
custom rug,8600,638200,Very low,0.0135
jute rug,7300,86700,Very low,0.0842
bathroom rug,6900,351100,Very low,0.0197
yoga mat,6000,24600,Very low,0.2439
kitchen rug,5100,1000000,Very low,0.0051
bedroom rug,5000,1300000,Very low,0.0038
abstract rug,4600,457500,Very low,0.0101
hallway runner,4500,192800,Very low,0.0233
nursery rug,4300,441100,Very low,0.0097
rug runner,4100,469600,Very low,0.0087
large rug,4100,552500,Very low,0.0074
outdoor rug,4000,581900,Very low,0.0069
geometric rug,3400,639200,Very low,0.0053
small rug,3200,166300,Very low,0.0192
boho rug,3200,589600,Very low,0.0054
oval rug,2800,23900,Very low,0.1172
modern rug,2700,683300,Very low,0.004
floral rug,2600,329100,Very low,0.0079
washable rug,2500,114400,Very low,0.0219
oriental rug,2400,324100,Very low,0.0074
entryway rug,2400,905400,Very low,0.0027
personalized rug,2400,70900,Very low,0.0339
antique rug,2200,259600.00000000003,Very low,0.0085
kids rug,2100,515900,Very low,0.0041
custom size rug,1600,294700,Very low,0.0054
cotton rug,1600,1100000,Very low,0.0015
shag rug,1500,39300,Very low,0.0382
carpet runner,1500,246700,Very low,0.0061
handwoven rug,1400,268300,Very low,0.0052
play mat,1400,54200,Very low,0.0258
hallway rug,1400,217100,Very low,0.0064
playroom rug,1200,56600,Very low,0.0212
minimalist rug,1200,235600,Very low,0.0051
woven rug,1100,204000,Very low,0.0054
sisal rug,1100,8900,Very low,0.1236
large area rug,1000,368400,Very low,0.0027
square rug,989,82100,Very low,0.012
braided rug,977,13400,Very low,0.0729
floor mat,977,674100,Very low,0.0014
animal rug,925,111900,Very low,0.0083
tribal rug,890,289800,Very low,0.0031
striped rug,887,48600,Very low,0.0183
kids room rug,854,395100,Very low,0.0022
fluffy rug,791,14800,Very low,0.0534
coastal rug,681,76500,Very low,0.0089
bath mat rug,653,222400,Very low,0.0029
high pile rug,636,46100,Very low,0.0138
car mat,632,29600,Very low,0.0214
plaid rug,622,18000,Very low,0.0346
accent rug,618,311100,Very low,0.002
contemporary rug,602,469500,Very low,0.0013
dining room rug,594,505300,Very low,0.0012
pet mat,584,60800,Very low,0.0096
persian runner,537,47100,Very low,0.0114
floor rug,524,1600000,Very low,0.0003
indoor outdoor rug,435,377800,Very low,0.0012
non slip rug,418,105300,Very low,0.004
low pile rug,416,54900,Very low,0.0076
plush rug,405,166900,Very low,0.0024
office rug,400,798000,Very low,0.0005
farmhouse rug,388,256600.00000000003,Very low,0.0015
natural fiber rug,369,27900,Very low,0.0132
throw rug,334,116700,Very low,0.0029
machine washable rug,331,28200,Very low,0.0117
textured rug,324,106300,Very low,0.003
meditation mat,275,19100,Very low,0.0144
home decor rug,247,1200000,Very low,0.0002
rustic rug,239,268900,Very low,0.0009
printed rug,209,128900,Very low,0.0016
ikat rug,186,12700,Very low,0.0146
anti fatigue mat,182,6200,Very low,0.0294
pet friendly rug,172,26800,Very low,0.0064
patio rug,171,191700,Very low,0.0009
hall rug,137,30000,Very low,0.0046
medallion rug,134,65099.99999999999,Very low,0.0021
rug pad,125,23600,Very high,0.0053
velvet rug,124,15900,Very low,0.0078
waterproof rug,124,23200,Very low,0.0053
indoor rug,119,878000,Very low,0.0001
picnic mat,108,5400,Very low,0.02
exercise mat,86,24300,Very low,0.0035
porch rug,86,57800,Very low,0.0015
shabby chic rug,81,16500,Very low,0.0049
craft mat,78,97400,Typical,0.0008
scatter rug,53,7800,Very low,0.0068
paisley rug,49,6900,Very low,0.0071
floor covering,41,178800,Very low,0.0002
synthetic rug,23,26900,Very low,0.0009
deck rug,13,75700,Very low,0.0002
dog friendly rug,9,6500,Very low,0.0014
decorative floor rug,9,370900,Very low,0
non-slip rug,6,125100,Very low,0
persian rug style,4,24600,Very low,0.0002
machine woven rug,3,6300,Very low,0.0005
sewing,10500,2600000,Very low,0.004
sewing patterns,92800,1600000,Very low,0.058
upholstery fabric,29400,602600,Very low,0.0488
fabric by the yard,10800,643500,Very low,0.0168
quilting fabric,4800,1100000,Very low,0.0044
sewing kit,4300,1700000,Very low,0.0025
sewing machine,4000,517900,Very low,0.0077
sewing patterns pdf,2700,699300,Typical,0.0039
sewing basket,2500,52000,Very low,0.0481
sewing accessories,2400,366800,Very low,0.0065
sewing patterns for kids,1900,411700,Typical,0.0046
custom clothing,1700,1400000,Very low,0.0012
sewing projects,1600,445600,Very low,0.0036
sewing gift,1600,648000,Very low,0.0025
sewing notions,1300,2000000,Very low,0.0006
sewing tools,1300,1600000,Very low,0.0008
sewing machine cover,1300,12900,Very low,0.1008
sewing kits,1100,1200000,Very low,0.0009
sewing scissors,1100,18300,Typical,0.0601
sewing room decor,1000,74900,Very low,0.0134
diy crafts,958,1300000,Very low,0.0007
handmade clothes,774,137000,Very low,0.0056
sewing organizer,756,23900,Very low,0.0316
fabric remnants,754,21000,Very low,0.0359
needlepoint supplies,661,538900,Very low,0.0012
sewing buttons,634,138700,Very low,0.0046
personalized sewing,559,55000,Typical,0.0102
sewing kits for adults,458,45600,Very low,0.01
sewing thread,391,127900,Typical,0.0031
sewing machine table,365,8800,Very low,0.0415
craft fabric,285,2200000,Very low,0.0001
sewing needles,201,54900,Very high,0.0037
dressmaking patterns,187,19500,Very low,0.0096
sewing book,170,95500,Very low,0.0018
sewing patterns vintage,151,357500,Very low,0.0004
fabric shop,127,72600,Very low,0.0017
sewing machine parts,105,11100,Very low,0.0095
handmade sewing,103,626700,Very low,0.0002
fabric crafts,103,1600000,Very low,0.0001
fabric store,93,25500,Very low,0.0036
sewing machine needles,92,6500,High,0.0142
diy sewing projects,69,295000,Very low,0.0002
sewing for beginners,64,637700,Typical,0.0001
tailoring supplies,54,20000,High,0.0027
sewing machine oil,46,5400,Very high,0.0085
dressmaking supplies,43,55100,Very low,0.0008
sewing machine motor,39,4800,Very low,0.0081
sewing project ideas,39,192600,Very low,0.0002
sewing machine manual,38,12100,Very high,0.0031
sewing machine thread,38,19700,Very high,0.0019
sewing classes,37,106700,Very low,0.0003
sewing lessons,31,6500,Very low,0.0048
tailoring services,30,16100.000000000002,Very low,0.0019
sewing patterns printable,30,159700,Very high,0.0002
sewing patterns for adults,29,295900,Typical,0.0001
sewing machine accessories organizer,28,7600,Very low,0.0037
sewing machine bobbins,26,6300,Very low,0.0041
sewing machine feet,26,6800,High,0.0038
sewing machine pedal,24,5300,Very low,0.0045
sewing machine bobbin case,23,5000,High,0.0046
sewing machine belt,22,5600,Very low,0.0039
sewing machine for sale,22,240600,Very low,0.0001
sewing machine repair,19,10600,Very high,0.0018
sewing machine light,18,16800,Very low,0.0011
home sewing,18,1100000,Very low,0
home decor sewing,16,789600,Typical,0
sewing patterns modern,15,324400,Very high,0
sewing machine presser foot,12,5700,Very low,0.0021
sewing machine threader,12,6800,Very low,0.0018
sewing patterns unique,12,27100,Very low,0.0004
sewing patterns download,12,666300,Very low,0
sewing machine brush,7,9200,Very high,0.0008
sewing machine tension,3,3700,Very low,0.0008
sewing machine bobbin winder,3,4500,Very low,0.0007
sewing machine bobbin,3,4700,Very low,0.0006
sewing machine cleaning,3,10400,Very low,0.0003
fabric store online,3,12700,Very low,0.0002
sewing machine for beginners,3,15700,Very low,0.0002
apparel sewing,2,279900,Very low,0
textile arts,2,293000,Very low,0
garment construction,1,9600,Very low,0.0001
sewing machine manual pdf,1,10100,Very low,0.0001
sewing machine troubleshooting guide,1,10600,Very low,0.0001
sewing patterns custom,1,804200,Very low,0
embroidery patterns,15300,1000000,Very low,0.0153
dress sewing pattern,15000,305100,Very low,0.0492
baby sewing pattern,5600,508600,Typical,0.011
quilting patterns,4800,512100,Very low,0.0094
purse sewing pattern,3800,79300,Typical,0.0479
vintage sewing patterns,3600,354900,Very low,0.0101
baby sewing patterns,3100,337500,Typical,0.0092
easy sewing patterns,2700,461100,Typical,0.0059
bag sewing patterns,2400,120600,Very low,0.0199
dress sewing patterns,2200,216300,Very low,0.0102
plush sewing pattern,2100,143100,Very low,0.0147
toddler sewing pattern,2000,142300,Typical,0.0141
vintage sewing pattern,1400,502000,Very low,0.0028
pdf sewing pattern,900,1200000,Very low,0.0008
toy sewing pattern,762,219700,Very low,0.0035
diy sewing kit,693,340800,Very low,0.002
top sewing patterns,488,158700,Very low,0.0031
quilting templates,422,44500,Very low,0.0095
cross stitch chart,400,148200,Very low,0.0027
skirt sewing patterns,363,73900,Very low,0.0049
historical sewing patterns,314,21300,Very low,0.0147
home decor sewing pattern,230,379000,Very low,0.0006
historical sewing pattern,192,23100,Very low,0.0083
pants sewing patterns,156,59800,Very low,0.0026
sewing pattern for kids,153,429900,Very low,0.0004
sewing pattern for beginners,140,209100,Typical,0.0007
custom sewing pattern,131,327100,Very low,0.0004
craft templates,122,2000000,Very low,0.0001
craft pattern,114,3800000,Very low,0
modern sewing pattern,108,368300,Very low,0.0003
sewing pattern for men,84,60700,Very low,0.0014
accessory sewing patterns,84,223300,Very low,0.0004
fashion design template,81,142600,Very low,0.0006
pattern for sewing,81,1900000,Very low,0
adult sewing pattern,78,143700,Typical,0.0005
sewing pattern book,74,88100,Very low,0.0008
pattern drafting,68,61200,Very low,0.0011
unisex sewing pattern,64,94100,Very low,0.0007
home decor patterns,60,813000,Very low,0.0001
sewing pattern for winter,59,194400,Very low,0.0003
sewing tutorial,59,714900,Very low,0.0001
clothing templates,55,321100,Typical,0.0002
craft template,55,2800000,High,0
sewing pattern sale,54,59600,Very low,0.0009
sewing machine patterns,54,594500,High,0.0001
craft sewing pattern,52,2900000,Very low,0
advanced sewing pattern,47,71300,Very low,0.0007
crafting patterns,43,2200000,Very low,0
pet clothing pattern,40,35000,Very low,0.0011
home decor pattern,38,1600000,Very low,0
sewing pattern for bags,37,126100,Very high,0.0003
garment pattern,36,36000,Very low,0.001
garment patterns,36,250000,Very low,0.0001
fashion templates,35,170700,High,0.0002
adult sewing patterns,32,83300,Very low,0.0004
vintage clothing pattern,32,324600,Very low,0.0001
minimalist sewing pattern,31,42300,Very low,0.0007
clothing design template,28,227700,Very low,0.0001
craft project ideas,27,1500000,Very low,0
textile design pattern,25,70800,Very low,0.0004
clothing designs,25,125500,Very low,0.0002
sewing pattern design,23,1100000,Very low,0
apparel pattern,23,1400000,Very low,0
sewing pattern envelope,22,9700,Very low,0.0023
textile art pattern,22,210600,Very low,0.0001
historical costume patterns,21,9900,Very low,0.0021
sewing pattern for tops,21,18000,Very low,0.0012
sewing pattern maker,21,114900,Very low,0.0002
sewing pattern download,21,1200000,High,0
handmade pattern,20,611200,Very low,0
sewing pattern for babies,19,281600,Very high,0.0001
apparel patterns,18,202400,High,0.0001
commercial sewing patterns,17,9000,Very low,0.0019
sewing pattern for toys,17,67900,High,0.0003
pattern cutting,17,873700,Very high,0
custom clothing pattern,15,121200,Very low,0.0001
tailoring patterns,14,11000,Very low,0.0013
advanced sewing patterns,14,17200,Very low,0.0008
sewing pattern collection,14,94800,Very low,0.0001
sewing pattern for fall,13,49800,Very high,0.0003
intermediate sewing patterns,13,52300,Very low,0.0002
fabric pattern design,12,1000000,Very low,0
fashion design templates,11,89000,Very low,0.0001
sew your own clothes,10,3200,Very low,0.0031
garment sewing pattern,9,66600,Very low,0.0001
sewing pattern tutorial,9,436300,Very low,0
sewing patterns for sale,8,31400,Very low,0.0003
apparel sewing pattern,8,259000,Very low,0
sewing pattern for pants,7,81200,Very low,0.0001
clothing design templates,7,670800,Very low,0
handmade clothing patterns,6,69700,Very low,0.0001
sewing pattern for home decor,6,90100,Very low,0.0001
sewing pattern for toddlers,6,142900,Very high,0
sewing pattern for accessories,5,7100,Very high,0.0007
tailoring pattern,5,8200,Very low,0.0006
sewing pattern online,5,129500,Very low,0
sewing pattern templates,5,156200,Very low,0
sewing pattern for costumes,4,52200,Very low,0.0001
sewing pattern store,3,4200,Very low,0.0007
sewing pattern for dresses,3,7100,Very low,0.0004
craft project template,3,20800,Very low,0.0001
fashion design pattern,3,48800,Very low,0.0001
sewing pattern for stuffed animals,3,88500,High,0
modern clothing pattern,2,10000,Very low,0.0002
sewing pattern guide,2,35500,Very low,0.0001
sewing pattern shop,2,52600,Very low,0
sewing pattern for pets,2,117000,Very low,0
craft supply kit,2,144000,Very low,0
apparel templates,2,188000,Very low,0
sewing pattern pieces,1,6400,Very low,0.0002
sewing pattern for summer,1,7200,Very low,0.0001
costume design pattern,1,8500,Very low,0.0001
customizable pattern,1,17300,Very low,0.0001
apparel design template,1,25000,Very low,0
handmade clothing pattern,1,27200,Very low,0
sewing pattern for skirts,1,92600,Very low,0
shirt,98400,2900000,Very low,0.0339
sweatshirt,34800,1800000,Very low,0.0193
hoodie,25100,1400000,Very low,0.0179
graphic tee,21900,830300,Very low,0.0264
tshirt design,6900,1500000,Very low,0.0046
personalized shirt,4600,529500,Very high,0.0087
vintage shirt,4500,2400000,Very low,0.0019
tank top,4100,333300,Very low,0.0123
book lover shirt,4000,206100,Very low,0.0194
tie dye shirt,3400,67900,Very low,0.0501
gym shirt,2800,112800,Very low,0.0248
graphic sweatshirt,2500,1200000,Very low,0.0021
plaid shirt,2300,34700,Very low,0.0663
t-shirt design,2200,846600,Very low,0.0026
polo shirt,2100,62100,Very low,0.0338
linen shirt,2000,94700,Very low,0.0211
oversized shirt,2000,239700,Very low,0.0083
flannel shirt,1800,26300,Very low,0.0684
funny graphic tee,1800,1800000,Very low,0.001
streetwear shirt,1700,574900,Very low,0.003
band tee,1600,210500,Very low,0.0076
toddler shirt,1600,568300,Very low,0.0028
silk blouse,1600,53900,Very low,0.0297
funny t-shirt,1600,1200000,Very low,0.0013
custom t-shirt,1400,822100,Very high,0.0017
womens graphic tee,1400,1100000,Very low,0.0013
dog lover shirt,1400,375400,Very low,0.0037
boho top,1400,473400,Very low,0.003
winter shirt,1200,275200,Very low,0.0044
boho shirt,1100,599100,Very low,0.0018
christmas t-shirt,1100,446500,Very low,0.0025
striped shirt,1000,84600,Very low,0.0118
raglan shirt,895,28500,Very low,0.0314
floral shirt,864,542700,Very low,0.0016
workout shirt,862,146700,Very low,0.0059
statement shirt,818,183200,Very low,0.0045
cotton shirt,813,1200000,Very low,0.0007
matching set,798,544100,Very low,0.0015
long sleeve top,797,288400,Very low,0.0028
minimalist shirt,748,611200,Very low,0.0012
silk shirt,735,31900,Very low,0.023
travel shirt,732,162100,Very low,0.0045
summer shirt,731,1000000,Very low,0.0007
cat t-shirt,660,180900,Very low,0.0036
vintage t-shirt,543,1300000,Very low,0.0004
kids t-shirt,511,521900,Very low,0.001
sleeveless shirt,493,199200,Very low,0.0025
denim shirt,471,35800,Very low,0.0132
unisex shirt,431,953400,Very low,0.0005
concert tee,430,186100,Very low,0.0023
novelty shirt,428,260000,Typical,0.0016
yoga top,427,46000,Very low,0.0093
sleep shirt,417,53000,Very low,0.0079
short sleeve shirt,416,1800000,Very low,0.0002
blouse shirt,371,221300,Very low,0.0017
henley shirt,366,6800,Very low,0.0538
newborn bodysuit,345,193300,Very low,0.0018
unisex t-shirt,321,926000,Very low,0.0003
band t-shirt,306,134300,Very low,0.0023
spring shirt,297,183200,Very low,0.0016
dog t-shirt,284,183300,Very low,0.0015
casual shirt,282,635200,Very low,0.0004
music lover shirt,271,125000,Very low,0.0022
vintage style shirt,271,680600,Very low,0.0004
unisex tee,260,1200000,Very low,0.0002
flannel shirt men,242,10400,Very low,0.0233
birthday gift shirt,237,1500000,Very low,0.0002
short sleeve tee,224,2000000,Very low,0.0001
soft cotton shirt,204,488800,Very low,0.0004
animal print shirt,196,485800,Very low,0.0004
oversized t-shirt,195,202800,Very low,0.001
retro style shirt,194,591100,Very low,0.0003
couple t-shirt,184,147300,Very low,0.0012
unique shirt,167,886000,Very low,0.0002
everyday shirt,166,387000,Very low,0.0004
gift for her shirt,163,776700,Very low,0.0002
couple matching shirts,148,106500,Very low,0.0014
custom printed shirt,129,324200,High,0.0004
athletic shirt,125,595100,Very low,0.0002
maternity top,124,39600,Very low,0.0031
plus size top,122,120500,Very low,0.001
pajama shirt,111,21900,Very low,0.0051
casual top,107,1200000,Very low,0.0001
v-neck shirt,105,91800,Typical,0.0011
fall fashion shirt,92,90400,Very low,0.001
scoop neck top,87,13900,Typical,0.0063
retro t-shirt,86,662400,Very low,0.0001
family t-shirt,84,91300,Very low,0.0009
womens t-shirt,81,2000000,Very low,0
novelty tee,80,305300,Very low,0.0003
funny slogan shirt,79,241100,Very low,0.0003
hand printed tee,74,51800,Very low,0.0014
dressy top,71,14000,Very low,0.0051
workout shirt men,66,41400,Very low,0.0016
performance shirt,65,139100,Very high,0.0005
boho t-shirt,59,168100,Very low,0.0004
gamer t-shirt,58,385300,Very low,0.0002
winter top,55,107800,Very low,0.0005
crew neck shirt,50,277100,Very low,0.0002
fitted tee,47,67900,Very low,0.0007
formal shirt,45,40700,Very low,0.0011
clothing store,36,31600,Very low,0.0011
loose fit shirt,34,68500,Very low,0.0005
business casual shirt,29,32700.000000000004,Very low,0.0009
abstract print shirt,27,40400,Very low,0.0007
spring top,27,73700,Very low,0.0004
sustainable apparel,26,6500,Very low,0.004
sports top,26,268800,Very low,0.0001
basic tee,24,83000,Very low,0.0003
cottagecore t-shirt,23,94100,Very low,0.0002
workout tee,23,143100,Very low,0.0002
pet owner shirt,21,164600,Very low,0.0001
cropped t-shirt,20,128699.99999999999,Very low,0.0002
animal print tee,20,427300,Very low,0
cool t-shirt,19,128400,Very low,0.0001
gift for him shirt,19,148400,Very low,0.0001
cozy loungewear,18,18900,Very high,0.001
everyday wear tee,18,196600,Very low,0.0001
minimalist t-shirt,18,219500,Very low,0.0001
performance tee,15,68500,Very low,0.0002
holiday t-shirt,15,164600,Very low,0.0001
nature inspired shirt,15,240800,Very low,0.0001
unique t-shirt,15,285400,Very low,0.0001
abstract art tee,12,32900,Very low,0.0004
patriotic t-shirt,11,164100,Very low,0.0001
aesthetic t-shirt,11,263300,Very low,0
v-neck top,9,59200,Very low,0.0002
boho style shirt,9,114000,Very low,0.0001
plain t-shirt,8,5200,Very low,0.0015
graphic novel shirt,8,67300,Very low,0.0001
performance top,8,89300,Very low,0.0001
tall size shirt,7,15800,Very low,0.0004
pregnancy announcement tee,7,91900,Very low,0.0001
anniversary gift shirt,7,131200,Very low,0.0001
moisture wicking tee,6,25500,Very low,0.0002
gym t-shirt women,6,29900,Very low,0.0002
basic cotton tee,6,58300,Very low,0.0001
bleached t-shirt,5,14600,Very low,0.0003
petite shirt,5,16500,Very low,0.0003
crew neck t-shirt,5,21700,Very high,0.0002
workout t-shirt,4,15600,Very low,0.0003
statement t-shirt,4,98600,Very low,0
performance fabric shirt,3,22000,Very low,0.0001
teen t-shirt,3,43400,Very low,0.0001
linen blend top,2,7800,Very low,0.0003
loungewear top,2,10100,Very low,0.0002
flower pattern shirt,2,15200,Very low,0.0001
tank top style,2,17100,Very low,0.0001
bamboo fabric shirt,1,8200,Very low,0.0001
sister birthday card,8500,54900,Very high,0.1548
sister birthday gift,6300,244200,Typical,0.0258
big sister gift,3400,49900,High,0.0681
gifts for my sister,3300,15800,Very low,0.2089
sister birthday,2500,274000,High,0.0091
sister bracelet,1700,48300,Typical,0.0352
sister wedding gift,1600,86900,Typical,0.0184
sister ornament,975,28500,Very low,0.0342
sister card,928,84100,Very high,0.011
sister wallet,896,8600,Very low,0.1042
sister shirt,785,148300,Typical,0.0053
unique sister gift,663,113600,Very low,0.0058
gift for sister in law,540,14600,Very low,0.037
sibling gift,452,81700,Very low,0.0055
twin sister gift,427,9400,Very low,0.0454
sister keepsake,394,30400,Very low,0.013
sister christmas card,381,11700,Typical,0.0326
sister memorial gift,365,18300,Very low,0.0199
sister in law birthday,313,10100,Very high,0.031
funny sister gift,302,63100,Very low,0.0048
little sister gift,299,44400,Very low,0.0067
sister gift ideas,263,49200,Very low,0.0053
sister birthday present,244,40900,Typical,0.006
sister wall art,228,69000,Very low,0.0033
sister art,207,142000,Very low,0.0015
sister keychain,203,17100,Very low,0.0119
sister print,180,75100,Typical,0.0024
sisterhood gift,152,40400,Very low,0.0038
best sister gift,142,109100,Typical,0.0013
personalized sister gift,136,87300,High,0.0016
sister gift basket,127,6900,Very low,0.0184
sister gift box,115,21900,Very low,0.0053
sister coffee cup,96,32200.000000000004,Typical,0.003
gift for my sister,91,24400,Very low,0.0037
sister earrings,87,44700,Very low,0.0019
sister gift from sister,84,28100,Typical,0.003
sister from another mister,81,2900,Typical,0.0279
sister poem,76,5100,Very low,0.0149
sibling art,63,29700,Very low,0.0021
sister jewelry dish,52,7300,Very high,0.0071
sister keepsake gift,52,28700,High,0.0018
sister matching,47,78300,Very low,0.0006
sister thank you gift,46,18400,High,0.0025
sister matching jewelry,43,10200,Very low,0.0042
sister quote,37,35800,Very low,0.001
sister necklace personalized,36,19200,Typical,0.0019
sister personalized gifts,34,64400.00000000001,Very high,0.0005
sister christmas present,33,22200,Very low,0.0015
sister gift from brother,32,10300,Very low,0.0031
sister art print,30,53900,Very low,0.0006
sister wine glass,29,5100,Very low,0.0057
sister candle gift,29,14100,Very high,0.0021
sister portrait,28,24300,Very high,0.0012
sister birthday box,28,32000,Very high,0.0009
sister home decor,28,100600,High,0.0003
sister love,27,91900,Very low,0.0003
sibling gift ideas,26,16800,Very low,0.0015
sister graduation gift,23,27100,Very low,0.0008
sister matching shirts,21,24800,Very low,0.0008
sister birthday shirt,21,63700,Very low,0.0003
best friend sister gift,21,154700,Very low,0.0001
bonus sister gift,20,6200,High,0.0032
sister going away gift,20,10000,Very low,0.002
sister gift set,20,40300,Very low,0.0005
sibling keepsake,18,10800,Very low,0.0017
sister birthday ideas,17,50400,Very low,0.0003
sister memory gift,15,13200,High,0.0011
sister holiday gift,15,25600,Very low,0.0006
sister personalized gift,15,66200,Very low,0.0002
sister travel mug,14,6400,Very low,0.0022
gift for sibling,14,105900,Very low,0.0001
sister custom gift,14,254800,Very low,0.0001
sister custom portrait,12,12300,Very low,0.001
sister quote print,12,13000,Very low,0.0009
sister birthday mug,12,17100,Very low,0.0007
sister appreciation,12,24400,Very high,0.0005
sister anniversary gift,12,93700,Very low,0.0001
sister bond,11,5700,Very low,0.0019
sister sentimental gift,11,125600,Very low,0.0001
sister surprise box,10,3300,Very low,0.003
sister matching set,10,13600,Very low,0.0007
sister funny gifts,10,71000,Very low,0.0001
sister spa gift,9,4900,Very low,0.0018
sibling present,9,7100,Very low,0.0013
sister funny mug,9,21500,Very low,0.0004
sibling decor,9,40200,Very low,0.0002
sister birthday jewelry,9,73100,Very low,0.0001
present for family,9,86700,Very low,0.0001
sister best friend gift,8,99200,Very high,0.0001
sister in law present,7,6100,Very low,0.0011
gift for family member,7,13800,Very low,0.0005
sister baby shower gift,7,35900,Very high,0.0002
sister t-shirt,7,57600,Very high,0.0001
sister bond gift,6,12900,Very low,0.0005
sibling quote,6,15000,Very low,0.0004
sister friendship,6,94400,Very low,0.0001
sister new mom gift,5,12500,Very low,0.0004
sister friendship gift,5,99800,Very low,0.0001
sister gift for birthday,5,276800,Very high,0
sister card handmade,4,275,Very low,0.0145
sister surprise,4,3700,Very low,0.0011
sister housewarming gift,4,19000,Very low,0.0002
sister humor,4,19200,Very low,0.0002
sister funny gift,4,102800,Very low,0
sister gifts for her,4,176500,Very low,0
sister encouragement,3,6300,Very low,0.0005
gift for stepsister,3,7400,Very low,0.0004
sister soulmate gift,3,7600,Very low,0.0004
sister enamel pin,3,9000,Very low,0.0003
sister birthday keepsake,3,16500,Very low,0.0002
sister personalized jewelry,3,21400,Very low,0.0001
sister quote art,3,24500,Very low,0.0001
sister birthday decor,3,75100,Very low,0
unique sibling gift,2,2600,Very low,0.0008
sister poem print,2,7800,Very low,0.0003
sister relaxation gift,2,11100,Very low,0.0002
sister unique gift,2,41900,Very low,0
sister poem gift,1,808,Very low,0.0012
sister cousin gift,1,4500,Very low,0.0002
sister vacation gift,1,5600,Very low,0.0002
sister keepsake jewelry,1,7600,Very low,0.0001
family member gift,1,35300,Very low,0
vinyl sticker,7000,1000000,Typical,0.007
laptop sticker,4200,768200,Very low,0.0055
custom decal,3000,928400,Very high,0.0032
waterproof sticker,2100,705200,Very low,0.003
wall sticker,1700,593300,Very low,0.0029
label stickers,1600,1200000,Very high,0.0013
sticker bundle,1400,226500,Typical,0.0062
sticker album,987,24400,Very low,0.0405
sticker mural,912,227000,Very low,0.004
sticker printing,907,65700,Very high,0.0138
water bottle decal,592,404400,Typical,0.0015
sticker custom,554,761400,Very high,0.0007
sticker decal,492,2000000,High,0.0002
sticker vinyl,473,951000,Typical,0.0005
sticker art,457,1100000,Very low,0.0004
sticker maker,448,28600,Very high,0.0157
sticker journal,392,359100,Typical,0.0011
sticker for laptop,372,740800,Typical,0.0005
waterproof decal,343,665000,Very low,0.0005
sticker paper,299,2100000,Typical,0.0001
sticker for water bottle,260,308700,Typical,0.0008
sticker kit,252,172800,Very low,0.0015
decorative sticker,227,290800,Very low,0.0008
die cut decal,202,98100,Very low,0.0021
sticker bomb,199,10500,Very low,0.019
sticker logo,194,205500,Very high,0.0009
sticker sheet custom,154,97900,Very high,0.0016
sticker machine,140,79300,Very low,0.0018
sticker print,134,515799.99999999994,High,0.0003
sticker notebook,133,133700,Typical,0.001
sticker planner,124,403700,Typical,0.0003
sticker scrapbook,122,778800,Typical,0.0002
sticker label,122,1800000,High,0.0001
sticker printing service,95,19500,Very high,0.0049
sticker lover,91,389800,Very low,0.0002
sticker packaging,90,45600,Very low,0.002
sticker artist,74,60400,Very low,0.0012
sticker for phone case,70,43100,Very low,0.0016
adhesive labels,68,28400,Typical,0.0024
sticker tattoo,67,56300,Very low,0.0012
sticker sheets custom,65,101500,Very high,0.0006
sticker quote,65,246500,Typical,0.0003
sticker ideas,56,167900,Very low,0.0003
sticker small,53,208300,Typical,0.0003
sticker sheet waterproof,48,397100,Very low,0.0001
sticker for planner,43,217600,Very low,0.0002
phone case decal,41,39700,Very high,0.001
sticker pack journal,40,226800,Very high,0.0002
sticker sheet vinyl,38,376400,Very low,0.0001
sticker for tumbler,37,95600,Very low,0.0004
sticker business,34,68000,Very high,0.0005
sticker pack custom,32,122800,Very low,0.0003
sticker subscription box,31,6000,Very high,0.0052
sticker sale,31,20900,High,0.0015
sticker for water bottles,29,136000,Very low,0.0002
sticker for journal,26,259700,Very low,0.0001
sticker sheet art,25,144000,Very low,0.0002
sticker painting,24,39300,Very low,0.0006
sticker graphic design,22,229900,Very low,0.0001
sticker illustration,22,232500,Very low,0.0001
sticker design custom,21,416500,Very low,0.0001
sticker silhouette,19,66600,Very low,0.0003
sticker pack art,18,216500,Typical,0.0001
sticker for kids,18,771300,Very low,0
scrapbook decal,17,655900,Very low,0
sticker writing,16,48900,Very high,0.0003
sticker for journaling,15,263900,Very low,0.0001
decorative decal,15,345200,Very low,0
sticker transfer,15,397600,Very low,0
sticker for adults,14,28300,Very low,0.0005
sticker artwork,14,120300,Very low,0.0001
sticker for window,14,147500,Very high,0.0001
sticker graphics,14,391300,Very low,0
sticker wholesale,13,66100,Very low,0.0002
sticker decor,13,1800000,Very low,0
sticker space,12,22700,Very low,0.0005
sticker for furniture,11,8000,Very low,0.0014
sticker typography,11,16600,Very low,0.0007
sticker lettering,11,35200,Very low,0.0003
sticker pack planner,11,193400,Very low,0.0001
sticker for scrapbooking,10,423600,Very low,0
sticker pack scrapbook,10,463500,Very low,0
sticker for scrapbook,10,567700,Very low,0
sticker for envelope,9,10300,Very low,0.0009
sticker for packaging,9,51900,High,0.0002
sticker pack laptop,9,147600,Very low,0.0001
sticker for wall,9,956800,Very low,0
sticker craft,9,1500000,Very low,0
sticker mosaic,8,10000,Very low,0.0008
sticker for diary,8,19700,Very low,0.0004
sticker for teens,7,5800,Very low,0.0012
sticker trend,7,54600,Very low,0.0001
sticker pack water bottle,7,70100,Very low,0.0001
sticker for notebook,7,140300,Very low,0
sticker pack holographic,6,125800,Very low,0
sticker for boys,6,237100,Very low,0
sticker supplies,6,1700000,Very low,0
sticker creation,5,14100,Very low,0.0004
sticker pack paper,5,661900,Very low,0
sticker for gift,5,1200000,Very low,0
sticker tag,5,2000000,Very low,0
sticker online,4,14000,Very low,0.0003
sticker tablet,4,14900,Very high,0.0003
sticker sheets bulk,4,31000,Very low,0.0001
sticker texture,4,39500,Very low,0.0001
sticker ornament,4,42300,Very low,0.0001
sticker minimalist,4,94400,Very low,0
sticker for girls,4,166500,Very low,0
sticker for planners,4,233500,Very low,0
sticker for laptops,3,7200,Very low,0.0004
sticker for gifts,3,7200,Very low,0.0004
sticker embellishments,3,388700,Very low,0
notebook decal,2,18100,Very low,0.0001
sticker for phone cases,2,124200,Very low,0
sticker for journals,1,5600,Very low,0.0002
scrapbook accessory,1,81800,Very low,0
sticker inspiration,1,207700,Very low,0
sticker accessory,1,309800,Very low,0
sticker graphic,1,363800,Very low,0
sticker set for kids,1,528500,Very low,0
sticker decorations,1,785400,Very low,0
party decorations,5300,1300000,Very low,0.0041
embroidery machine files,2500,451300,High,0.0055
dxf files,2500,420200,Very low,0.0059
party decoration,1500,800200,Very low,0.0019
heat transfer vinyl,1300,45700,Very high,0.0284
abstract art prints,871,1000000,Very low,0.0009
cricut files,630,879100,High,0.0007
mug design,575,413600,Typical,0.0014
home decor prints,522,3400000,Very low,0.0002
sublimation design,414,1300000,Very low,0.0003
mug designs,389,94900,Typical,0.0041
t-shirt designs,362,161100,Typical,0.0022
baby shower printables,354,495900,Typical,0.0007
diy craft projects,337,512500,Very low,0.0007
wall art printables,232,1500000,Typical,0.0002
diy craft project,230,484600,Very low,0.0005
scrapbook paper digital,229,1600000,High,0.0001
seasonal crafts,210,194500,Very low,0.0011
custom graphic design,187,530100,Very high,0.0004
iron on designs,151,36900,Very high,0.0041
sticker templates,140,332000,Very high,0.0004
mug sublimation designs,138,40800,Very high,0.0034
digital paper packs,114,107500,Very high,0.0011
scrapbooking digital,110,2000000,High,0.0001
animal graphic,99,921500,Very low,0.0001
unique digital art,77,791900,Very low,0.0001
laser cutting patterns,68,217300,Typical,0.0003
wall art digital downloads,66,2600000,Typical,0
greeting card templates,56,143400,Very low,0.0004
birthday graphics,54,127200,Typical,0.0004
engraving patterns,52,266900,High,0.0002
dxf cutting files,45,234100,Very low,0.0002
silhouette cut files,45,585000,Very low,0.0001
floral elements,42,86400,Very low,0.0005
hand drawn illustrations,41,133700,Very low,0.0003
commercial use designs,40,242000,Very low,0.0002
abstract design,40,561900,High,0.0001
party invitation templates,39,1800000,Very low,0
printable stencils,38,228100,Typical,0.0002
pattern designs,37,807300,Very low,0
eps files,35,220500,Very low,0.0002
printable decals,34,84900,Very low,0.0004
graphic design assets,29,4600,Very low,0.0063
planner graphics,28,92100,Very low,0.0003
layered design,28,154400,Very low,0.0002
baby shower graphics,27,65300,Very high,0.0004
vinyl decal designs,26,337100,Very low,0.0001
silhouette cameo files,25,53100,Very low,0.0005
boho designs,25,153600,Very low,0.0002
personalized designs,22,121900,Very low,0.0002
jpg files,19,426800,Very low,0
abstract patterns,18,286700,Typical,0.0001
vinyl decal files,17,433000,Very low,0
sublimation design files,17,710500,Very low,0
outline design,16,137500,Very low,0.0001
logo design templates,16,151100,Very low,0.0001
holiday designs,16,595600,Very low,0
monogram design files,14,177100,Very high,0.0001
cutting machine designs,14,188700,Very low,0.0001
vector illustrations,14,256399.99999999997,Very low,0.0001
silhouette cut file,14,690500,Very low,0
cricut maker files,13,68800,Very low,0.0002
birthday decor printable,11,576800,Very low,0
engraving design files,10,238400,Very low,0
cuttable designs,10,272000,Very low,0
heat transfer files,9,112600,Very low,0.0001
design element,8,37600,Very low,0.0002
line art designs,8,58600,Very low,0.0001
wedding invitation graphics,7,41700,Very low,0.0002
sticker cut files,7,45000,Very high,0.0002
ai files,7,341700,Very low,0
geometric designs,6,42400,Very high,0.0001
wood sign templates,6,63800,Very low,0.0001
vinyl cutting files,5,183500,Very low,0
floral design elements,4,29400,Very low,0.0001
hand-drawn illustrations,3,58600,Very low,0.0001
geometric pattern files,2,7100,Very low,0.0003
abstract graphic art,2,59800,Very low,0
wedding invitation files,2,72700,Very high,0
sticker sheet designs,1,3400,Very low,0.0003
decorative graphics,1,4200,Very low,0.0002
vintage style graphics,1,5500,Very low,0.0002
sticker making files,1,7100,Very low,0.0001
graphic design downloads,1,7200,Very low,0.0001
digital stamp designs,1,8800,Very low,0.0001
seasonal graphic,1,27800,Very low,0
hand drawn graphic,1,31200,Very low,0
diy project files,1,42000,Very low,0
funny quote graphics,1,46300,Very low,0
fall fashion,96700,21000,Very low,4.6048
halloween sweatshirt,52200,310000,Very low,0.1684
fall sweatshirt,26800,403900,Very low,0.0664
custom sweatshirt,17700,840200,High,0.0211
vintage sweatshirt,6000,628300,Very low,0.0095
zip up hoodie,4000,32900,Very low,0.1216
crewneck sweatshirt,3700,931600,Very low,0.004
personalized sweatshirt,3300,225300,High,0.0146
funny sweatshirt,3000,851600,Very low,0.0035
college sweatshirt,3000,163700,Typical,0.0183
christmas gift idea,2400,548500,Very low,0.0044
oversized sweatshirt,2200,108200,Very low,0.0203
womens sweatshirt,2000,874200,Very low,0.0023
oversized hoodie,1700,62700,Very low,0.0271
cute sweatshirt,1700,751700,Very low,0.0023
vintage hoodie,1700,308100,Very low,0.0055
personalized hoodie,1600,110800,High,0.0144
custom crewneck,1600,291400,Very high,0.0055
winter sweatshirt,1400,217700,Very low,0.0064
birthday gift idea,1100,778600,Very low,0.0014
cozy sweatshirt,1000,191400,Very low,0.0052
retro sweatshirt,904,489600,Very low,0.0018
winter clothing,877,535600,Very low,0.0016
cute hoodie,760,321600,Very low,0.0024
winter sweater,677,220100,Very low,0.0031
cozy sweater,634,133800,Very low,0.0047
funny hoodie,616,410800,Very low,0.0015
dorm room essentials,595,11300,Very low,0.0527
womens hoodie,585,304600,Very low,0.0019
hooded sweatshirt,553,118400,Very low,0.0047
boho sweatshirt,546,153100,Very low,0.0036
pullover sweater,520,617800,Very low,0.0008
gothic sweatshirt,481,78900,Very low,0.0061
college student gift,473,87100,Very low,0.0054
team spirit wear,468,86300,Typical,0.0054
streetwear hoodie,422,190300,Very low,0.0022
new mom sweatshirt,398,63600,Very high,0.0063
unique sweatshirt,365,184100,Very low,0.002
mom gift idea,348,448100,Very low,0.0008
cottagecore sweatshirt,333,56100,Very low,0.0059
unisex hoodie,322,673200,Very low,0.0005
cotton sweatshirt,299,736800,Very low,0.0004
unisex sweatshirt,295,1200000,Very low,0.0002
yoga sweatshirt,277,13100,Very low,0.0211
bleached sweatshirt,268,9200,Very low,0.0291
heavyweight hoodie,260,15800,Very low,0.0165
hoodie sweatshirt,253,1400000,Very low,0.0002
everyday wear,250,356900,Very low,0.0007
cat lover sweatshirt,249,69100,Very low,0.0036
fleece pullover,239,52800,Very low,0.0045
unisex pullover,238,540700,Very low,0.0004
womens top,230,1000000,Very low,0.0002
color block hoodie,218,7100,Very low,0.0307
loungewear set,207,32200.000000000004,Very low,0.0064
minimalist sweater,203,127500,Very low,0.0016
christmas pullover,199,221000,Very low,0.0009
dad gift idea,195,373400,Very low,0.0005
vintage style top,195,555700,Very low,0.0004
graphic crewneck,186,449600,Very low,0.0004
travel hoodie,164,34000,Very low,0.0048
quote sweatshirt,157,207800,Very low,0.0008
summer sweatshirt,153,91400,Typical,0.0017
pullover sweatshirt,153,918200,Very low,0.0002
warm sweater,149,141800,Very low,0.0011
boho pullover,143,68400,Very low,0.0021
striped sweatshirt,137,19200,Very low,0.0071
oversized pullover,136,54000,Very low,0.0025
minimalist sweatshirt,135,183100,Very low,0.0007
cozy hoodie,131,97200,Very low,0.0013
womens loungewear,125,68700,High,0.0018
spring outfit,122,83500,Very low,0.0015
lightweight hoodie,116,73500,Very low,0.0016
motivational sweatshirt,101,41100,Very low,0.0025
soft sweatshirt,79,279600,Typical,0.0003
travel clothing,77,175200,Typical,0.0004
lightweight sweatshirt,74,78000,Very low,0.0009
cat dad sweatshirt,68,14400,Very high,0.0047
boutique sweatshirt,67,24600,Very low,0.0027
mom life sweatshirt,64,39600,Very low,0.0016
designer sweatshirt,63,26600,Very low,0.0024
gym top,62,52300,Very low,0.0012
heavyweight sweatshirt,58,23100,Very low,0.0025
workout hoodie,57,20000,Very low,0.0029
workout sweatshirt,56,34100,Typical,0.0016
streetwear sweatshirt,56,335100,Very low,0.0002
teenager hoodie,47,2800,Very low,0.0168
ombre sweater,41,4800,Very low,0.0085
womens pullover,41,439900,Very low,0.0001
spring sweatshirt,37,45100,Very low,0.0008
sleep sweatshirt,32,15800,Very low,0.002
self care sweatshirt,31,23700,Very low,0.0013
fashion sweatshirt,30,284600,Very low,0.0001
vintage inspired shirt,30,494700,Very low,0.0001
retro pullover,28,137000,Very low,0.0002
athletic sweatshirt,27,226400,Very low,0.0001
lightweight pullover,24,33300,Very low,0.0007
color block top,20,6100,Very low,0.0033
artistic sweatshirt,20,27500,Very low,0.0007
cute pullover,18,162200,Very low,0.0001
basic sweatshirt,17,14300,Very low,0.0012
casual sweatshirt,17,428600,Very low,0
everyday sweater,16,39800,Very low,0.0004
winter apparel,14,123500,Very low,0.0001
trendy top,14,380900,Very high,0
tie-dye sweatshirt,13,18600,Very low,0.0007
stylish sweatshirt,13,57200,Very low,0.0002
mens pullover,13,274800,Very low,0
color block pullover,12,5600,Very low,0.0021
warm sweatshirt,12,130000,Very low,0.0001
warm pullover,11,42800,Very low,0.0003
athletic hoodie,11,146500,Very low,0.0001
fleece lined sweatshirt,10,4500,Very low,0.0022
athleisure wear,10,40300,Very low,0.0002
soft knit sweater,10,67600,Very low,0.0001
striped pullover,9,11500,Very low,0.0008
patterned sweatshirt,9,24700,Very low,0.0004
sports pullover,8,135600,Very low,0.0001
plaid pullover,7,10800,Very low,0.0006
studio sweatshirt,7,20200,Very low,0.0003
unique pullover,7,24800,Very low,0.0003
abstract print top,7,31000,Very low,0.0002
graphic tee alternative,7,113500,Very low,0.0001
warm jumper,6,12800,Very low,0.0005
activewear top,6,31700,Very low,0.0002
running pullover,5,7500,Very low,0.0007
teenager sweatshirt,5,8500,Very low,0.0006
outdoor pullover,5,16500,Very low,0.0003
slogan pullover,3,3800,Very low,0.0008
solid color top,3,4400,Very low,0.0007
artistic sweater,3,11200,Very low,0.0003
fall fashion top,3,13500,Very low,0.0002
everyday pullover,3,25300,Very low,0.0001
anniversary gift sweatshirt,3,88900,Very low,0
gift for him sweatshirt,3,97600,Very low,0
urban pullover,2,11100,Very low,0.0002
premium quality sweatshirt,2,13500,Very low,0.0001
retro style sweater,2,20000,Very low,0.0001
anniversary pullover,2,54900,Very low,0
dad gift pullover,2,56100,Very low,0
modern pullover,1,9200,Very low,0.0001
hand-painted sweatshirt,1,10100,Very low,0.0001
spring pullover,1,13300,Very low,0.0001
work from home top,1,14300,Very low,0.0001
plain pullover,1,15200,Very low,0.0001
trendy pullover,1,32299.999999999996,Very low,0
t-shirt,19500,2900000,Very low,0.0067
christmas shirt,33200,967900,Very low,0.0343
custom hoodie,8300,448200,High,0.0185
cat shirt,8100,338400,Very low,0.0239
retro shirt,4100,998600,Very low,0.0041
halloween t-shirt,3900,307400,Very low,0.0127
vintage graphic tee,3400,1600000,Very low,0.0021
vintage tee,1900,2100000,Very low,0.0009
music shirt,1900,335500,Very low,0.0057
retro graphic tee,1400,1300000,Very low,0.0011
quote shirt,1000,783300,Very low,0.0013
custom graphic tee,892,660600,Very high,0.0014
holiday shirt,779,1000000,Very low,0.0008
long sleeve tee,747,379500,Very low,0.002
cool shirt,708,380000,Very low,0.0019
retro tee,443,1700000,Very low,0.0003
handmade shirt,401,178100,Very low,0.0023
cat lover tee,355,182500,Very low,0.0019
athletic wear,322,180900,Very low,0.0018
slogan tee,320,309600,Very low,0.001
birthday t-shirt,306,898300,Very low,0.0003
casual wear,302,1300000,Very low,0.0002
funny gift idea,298,830500,Very low,0.0004
cotton t-shirt,268,2300000,Very low,0.0001
summer top,253,561600,Very low,0.0005
soft cotton tee,242,444700,Very high,0.0005
music tee,234,305700,Very low,0.0008
statement tee,233,274500,Very low,0.0008
game night tee,205,47300,Very low,0.0043
personalized graphic tee,194,118200,Very low,0.0016
everyday tee,147,367100,Very low,0.0004
nature inspired tee,145,243700,Very low,0.0006
abstract shirt,140,97300,Very low,0.0014
seasonal tee,135,244000,Very low,0.0006
slogan shirt,134,422300,Very low,0.0003
baby t-shirt,123,92500,Very low,0.0013
holographic shirt,118,11900,Very low,0.0099
quirky shirt,115,170000,Very low,0.0007
long sleeve t-shirt,108,145200,Very low,0.0007
sarcastic t-shirt,106,155700,Very low,0.0007
nature t-shirt,105,216200,Very low,0.0005
plant parent shirt,80,27800,Very low,0.0029
adventure tee,74,244000,Very low,0.0003
bamboo shirt,73,13100,Very low,0.0056
streetwear t-shirt,72,499100,Very low,0.0001
plain shirt,71,43500,Very low,0.0016
animal t-shirt,66,362100,Very low,0.0002
graphic tee design,62,1400000,Very low,0
gym t-shirt,59,29700,Very low,0.002
yoga t-shirt,59,37100,Very low,0.0016
art t-shirt,57,310500,Very low,0.0002
graphic top,56,626800,Very low,0.0001
printed tee,56,883300,Very low,0.0001
simple shirt,50,134100,Very low,0.0004
floral print shirt,50,498600,Very low,0.0001
animal print t-shirt,46,43500,Very low,0.0011
travel t-shirt,39,112700,Very low,0.0003
basic top,35,19100,Very low,0.0018
hemp t-shirt,33,8000,Typical,0.0041
breathable shirt,33,224100,Very low,0.0001
pullover shirt,30,134200,Very low,0.0002
minimalist top,25,320700,Very low,0.0001
modern shirt,24,737600,Very low,0
blank tee,22,29800,Very high,0.0007
blank t-shirt,20,14000,Very low,0.0014
holiday graphic tee,19,502100,Very low,0
winter t-shirt,18,48500,Very low,0.0004
fashion top,18,486200,Very low,0
glow in the dark tee,17,7200,Very low,0.0024
essential shirt,17,44600,Very low,0.0004
abstract t-shirt,16,18600,Very low,0.0009
novelty top,16,745000,Very low,0
soft t-shirt,14,129300.00000000001,Very high,0.0001
eco friendly shirt,13,378900,Very low,0
v-neck tee,11,95400,Very low,0.0001
basic t-shirt,9,29100,Very low,0.0003
daily outfit,8,54500,Very low,0.0001
funny dad t-shirt,8,281100,Very low,0
round neck shirt,7,11800,Very low,0.0006
everyday t-shirt,7,183800,Very low,0
plain top,5,18800,Very low,0.0003
funny mom t-shirt,5,180500,Very low,0
boutique top,4,34700,Very low,0.0001
cotton blend shirt,4,75600,Very low,0.0001
floral print tee,4,97400,Very low,0
lounge shirt,3,32100,Very low,0.0001
fitted t-shirt,2,7200,Very low,0.0003
wardrobe staple,2,7900,Very low,0.0003
simple t-shirt design,2,11200,Very low,0.0002
sustainable t-shirt,2,17500,Very low,0.0001
teenager t-shirt,2,21300,Very low,0.0001
everyday basic tee,1,6000,Very low,0.0002
sporty tee,1,13600,Very low,0.0001
modern t-shirt design,1,17800,Very low,0.0001
abstract print tee,1,22200,Very low,0
thank you,3300,790400,Typical,0.0042
wedding thank you cards,6400,50800,High,0.126
thank you cards wedding,3800,49500,High,0.0768
thank you stickers,3600,52700,High,0.0683
gratitude journal,3200,63400,Typical,0.0505
thank you tags,2300,84000,Typical,0.0274
thank you cards personalized,1500,65000,High,0.0231
wedding thank you,1300,169200,High,0.0077
thank you gift box,1300,47300,High,0.0275
custom thank you cards,1200,88000,High,0.0136
thank you gifts for coworkers,997,29200,Very low,0.0341
wedding thank you card,995,67500,Typical,0.0147
thank you gifts for men,830,24100,Very low,0.0344
thank you card template,789,167200,Typical,0.0047
thank you cards baby shower,657,33300,Typical,0.0197
thank you card set,630,109100,Typical,0.0058
note card,544,355400,Very low,0.0015
thank you favors,526,97500,Very low,0.0054
thank you tag,519,161100,Typical,0.0032
thank you gift ideas,483,107000,Typical,0.0045
thank you card pack,436,22800,Very low,0.0191
gratitude gifts,432,63100,High,0.0068
baby shower thank you,407,119600,Very low,0.0034
handwritten note,379,14400,Typical,0.0263
small thank you gifts,358,27800,Very low,0.0129
thank you card wedding,300,66900,High,0.0045
thank you favor,275,179300,Very low,0.0015
thank you stationery,264,145800,Very low,0.0018
thanks a latte,253,6400,Typical,0.0395
thank you note cards,251,91900,High,0.0027
birthday thank you,243,251500,Typical,0.001
thank you for coming,242,9900,Typical,0.0244
personalized note,222,143500,Typical,0.0015
thank you for your purchase,192,6100,Very high,0.0315
thank you banner,176,30300,Very low,0.0058
thank you sign,149,70000,Typical,0.0021
thank you cards funny,140,23400,High,0.006
client appreciation gifts,131,9800,Very low,0.0134
thank you gifts bulk,119,36500,Very low,0.0033
thank you for supporting small business,116,11500,Typical,0.0101
thank you card printable,108,210900,Very high,0.0005
thank you gift for her,100,45600,High,0.0022
thank you postcard,96,15000,High,0.0064
customer appreciation gifts,90,7900,Very low,0.0114
thank you gifts for teachers,88,102400,Typical,0.0009
thank you quotes,85,146500,Very low,0.0006
thank you for your support,84,6200,Very high,0.0135
thank you signs,83,39600,Very low,0.0021
thank you gift tag,83,140400,Very high,0.0006
business thank you,79,40500,Very low,0.002
handmade thank you card,76,66600,High,0.0011
small business thank you,68,29500,Very low,0.0023
thank you card digital,68,104400,High,0.0007
client thank you,63,9900,Very low,0.0064
thank you card personalized,63,56300,Very high,0.0011
gifts of gratitude,63,69200,Very low,0.0009
thankful gifts,59,30100,Very low,0.002
thank you for your help,57,4100,High,0.0139
thank you card handmade,55,63000,Very high,0.0009
thank you gift for him,52,17900,Very low,0.0029
thank you printable,48,365100,Very high,0.0001
thank you favors bulk,47,8100,Very low,0.0058
thank you card baby shower,47,49200,Very low,0.001
thank you cards blank,42,35600,Very low,0.0012
thank you card small business,40,14500,Very low,0.0028
thank you sentiments,40,30200,Very low,0.0013
thank you card teacher,38,36200,Very high,0.001
thank you letter,34,10900,High,0.0031
grateful card,33,47200,Very high,0.0007
thank you for being there,32,9700,High,0.0033
hostess thank you,31,21000,Very low,0.0015
graduation thank you,31,102500,Very low,0.0003
thanks a bunch,30,3100,Very low,0.0097
thank you for your kindness,29,5900,Very low,0.0049
appreciation gifts for him,29,42700,Very low,0.0007
thank you note card,28,214100,High,0.0001
thank you gifts for employees,27,10700,Very high,0.0025
thank you cards handmade,27,32100,Very low,0.0008
gratitude poem,24,6500,Very low,0.0037
thank you printable card,24,168400,Very low,0.0001
thank you poem,23,21600,Very low,0.0011
thank you digital,21,223700,Very low,0.0001
thank you favor tag,20,38400,Very high,0.0005
message of thanks,18,151000,Very low,0.0001
grateful heart,17,12300,Very low,0.0014
thank you message,17,90500,Very low,0.0002
thank you note printable,16,25100,Very low,0.0006
thank you cards for parents,15,5900,Very low,0.0025
hostess appreciation gifts,15,18500,Very high,0.0008
thank you card bulk,13,43200,Very low,0.0003
thank you note stationery,13,219400,Very high,0.0001
thank you for the memories,10,18200,Very low,0.0005
thank you card ideas,10,80100,Very low,0.0001
thank you cards for volunteers,9,7400,Very low,0.0012
grateful message,9,10500,Very low,0.0009
thank you sayings,9,21500,Very low,0.0004
handmade thank you,9,77700,Very low,0.0001
thank you tag printable,9,173900,Very low,0.0001
thank you for attending,8,3400,Very high,0.0024
thank you cards for friends,7,7000,Very low,0.001
thank you cards sympathy,6,9100,Very high,0.0007
thank you stationery set,6,66300,Very low,0.0001
token of thanks,5,4600,Very low,0.0011
acknowledgement card,5,68700,Very low,0.0001
thank you quote,5,114900,Very low,0
thank you for the gift,4,6900,Very low,0.0006
thanksgiving message,4,12600,Very low,0.0003
personal thank you,4,22800,Very low,0.0002
special thank you,4,50200,Very low,0.0001
thank you bundle,4,59600,Very low,0.0001
appreciation note,4,63800,Very low,0.0001
gratitude message,3,1900,Very low,0.0016
thank you for your time,3,7200,Very low,0.0004
thanksgiving note,3,14500,Very low,0.0002
thank you card editable,3,52300,Very low,0.0001
thank you gift handmade,3,54900,Very low,0.0001
words of thanks,2,1700,Very low,0.0012
thank you poem for teacher,2,4300,Very low,0.0005
thank you for your patronage,2,4300,Very low,0.0005
thank you for your generosity,2,7100,Very low,0.0003
thank you gifts for host,2,7100,Very low,0.0003
thankful message,2,15600,Very low,0.0001
thank you message card,2,46200,Very low,0
acknowledgment card,1,899,Very low,0.0011
thank you speech wedding,1,1100,Very low,0.0009
thank you message ideas,1,1900,Very low,0.0005
thank you poem printable,1,2200,Very low,0.0005
thank you cards for guests,1,4400,Very low,0.0002
feeling grateful,1,5500,Very low,0.0002
thank you for the party,1,7200,Very low,0.0001
feeling thankful,1,7300,Very low,0.0001
thanksgiving,21500,1100000,Very low,0.0195
autumn wreath,68900,30900,Very low,2.2298
fall wreath,59100,184500,Very low,0.3203
fall wedding decor,3600,114100,Very low,0.0316
fall outdoor decor,3500,231700,Very low,0.0151
fall centerpiece,3400,91700,Very low,0.0371
thanksgiving table decor,2100,75400,Very low,0.0279
rustic farmhouse decor,2000,1300000,Very low,0.0015
fall wedding favors,1700,12300,Very low,0.1382
farmhouse fall decor,1100,275100,Very low,0.004
fall party favors,945,34700,Very low,0.0272
thanksgiving tablecloth,933,17500,Very low,0.0533
family reunion gifts,902,83400,Very low,0.0108
thanksgiving banner,831,25900,Very low,0.0321
thanksgiving centerpiece,772,50500,Very low,0.0153
thanksgiving invitations,717,15800,Very low,0.0454
fall gift ideas,700,165200,Very low,0.0042
pumpkin patch decor,512,79300,High,0.0065
rustic holiday decor,396,224200,Very low,0.0018
thanksgiving signs,359,43700,High,0.0082
thanksgiving party favors,347,23000,Very low,0.0151
fall harvest decor,321,221100,Very low,0.0015
thanksgiving hostess gift,298,28100,Very low,0.0106
harvest festival,279,40400,Very low,0.0069
personalized family tree,265,55000,Very low,0.0048
fall scented candles,255,29600,Typical,0.0086
autumnal home decor,251,31300,Very low,0.008
cornucopia centerpiece,246,7200,Very low,0.0342
handmade fall wreath,236,36800,Very low,0.0064
holiday table runner,224,38400,Very low,0.0058
family gathering,200,32800,Very low,0.0061
autumnal gifts,189,10200,Very low,0.0185
thanksgiving dinner plates,174,7500,Very low,0.0232
fall party decorations,163,200600,Very low,0.0008
custom thanksgiving shirt,152,28200,Very low,0.0054
personalized thanksgiving,150,45800,High,0.0033
harvest moon decor,146,17000,Very low,0.0086
autumn wedding favors,137,6200,Very low,0.0221
cozy living room decor,131,178300,Very low,0.0007
personalized fall gifts,126,119100,Very high,0.0011
handmade fall crafts,123,115000,Very low,0.0011
boy thanksgiving outfit,98,13600,Very low,0.0072
thanksgiving party supplies,98,220800,High,0.0004
cozy cabin decor,84,34600,Very low,0.0024
autumnal wall art,76,9100,Very low,0.0084
fall inspired jewelry,64,42800,Very low,0.0015
fall craft supplies,64,1100000,Typical,0.0001
fall party ideas,63,231000,Very low,0.0003
personalized thanksgiving gifts,62,60800,High,0.001
seasonal coasters,59,16400,Very low,0.0036
thanksgiving craft ideas,57,66300,Very low,0.0009
thanksgiving kids crafts,45,81100,High,0.0006
family reunion decor,41,36900,Very high,0.0011
fall inspired gifts,39,303700,Typical,0.0001
thanksgiving appetizer plates,38,6200,Very low,0.0061
holiday hostess gifts,37,42700,Very low,0.0009
leaf garland fall,36,10000,Typical,0.0036
harvest festival decorations,34,8400,Very low,0.004
seasonal signs,34,384200,Very low,0.0001
thankful journal,32,12100,Very low,0.0026
harvest festival decor,31,36000,Very low,0.0009
seasonal outdoor decor,30,238600,Very low,0.0001
fall gift wrap,28,46600,Very low,0.0006
fall foliage prints,28,49800,Typical,0.0006
fall themed invitations,28,66500,Very low,0.0004
fall holiday decor,27,475900,Typical,0.0001
personalized thanksgiving sign,26,7100,Very low,0.0037
thanksgiving table settings,26,9100,Very low,0.0029
personalized thanksgiving gift,26,10800,Very low,0.0024
holiday kitchen decor,26,445000,Very low,0.0001
fall entertaining,25,88900,Very low,0.0003
kids thanksgiving activity,21,12600,Very low,0.0017
fall themed stationery,21,121700,Very low,0.0002
thankful for you gifts,20,12600,Very low,0.0016
diy thanksgiving decor,20,73000,Typical,0.0003
personalized thanksgiving plate,19,11100,Very high,0.0017
gratitude journal prompts,19,17900,Very high,0.0011
seasonal table runner,19,35800,Very low,0.0005
cozy fall bedding,18,14100,Very low,0.0013
kids thanksgiving crafts,18,146800,High,0.0001
harvest moon decorations,17,7000,Very low,0.0024
personalized fall signs,17,29300,Very low,0.0006
cozy autumn vibes,17,33900,Very low,0.0005
handmade fall gifts,17,182300,Very low,0.0001
pumpkin spice everything,16,6100,Very low,0.0026
cozy autumn decorations,16,14700,Very low,0.0011
turkey carving set,15,1600,Very low,0.0094
thankful tree leaves,15,7100,Very low,0.0021
harvest centerpieces,15,7600,Very low,0.002
cozy fall blankets,15,13200,Very low,0.0011
rustic farmhouse style,15,167500,Very low,0.0001
seasonal stationery,15,416300,Very high,0
pumpkin spice theme,14,84900,Very low,0.0002
modern thanksgiving decor,14,117500,Very low,0.0001
fall inspired art,14,176200,Very low,0.0001
autumnal centerpiece,12,6200,Very low,0.0019
personalized thanksgiving mug,11,3200,Very low,0.0034
seasonal wine glasses,11,13000,Very low,0.0008
harvest corn decor,11,18500,Very low,0.0006
thankful centerpiece,10,8700,Very low,0.0011
editable thanksgiving invitation,10,20500,Very low,0.0005
fall harvest signs,10,46200,Very low,0.0002
autumn leaf placemats,9,5400,Very low,0.0017
fall themed welcome mat,9,13900,Very low,0.0006
autumnal stationery,8,6200,Very low,0.0013
harvest cornucopia,8,9500,Very high,0.0008
rustic farmhouse fall,8,206700,Very low,0
apple cider mugs,7,4400,Very low,0.0016
hay bale decorations,7,5200,Very low,0.0013
autumnal wall decor,7,14200,Very low,0.0005
harvest festival crafts,7,22300,Very low,0.0003
autumn celebration,7,77600,Very low,0.0001
seasonal gift boxes,7,165400,Very low,0
thanksgiving photo booth props,6,7100,Very low,0.0008
harvest table setting,6,13100,Very low,0.0005
girl thanksgiving dress,6,14400,Very low,0.0004
fall themed party,6,628400,Very low,0
seasonal invitations,5,5700,Very low,0.0009
cozy knit blankets,5,9600,Very low,0.0005
farmhouse thanksgiving sign,5,27700,Very low,0.0002
autumnal candle holders,4,2300,Very low,0.0017
cozy living room ideas,4,9100,Very low,0.0004
hostess gifts fall,4,22300,Very low,0.0002
kids thanksgiving craft kit,4,30200,Very low,0.0001
thankful for family,4,36100,Very low,0.0001
gathering invitations,4,145400,Very low,0
fall themed crafts,4,327900,Very low,0
fall family traditions,3,6900,Very low,0.0004
sweet potato casserole dish,3,7300,Very low,0.0004
gobble till you wobble decor,3,7300,Very low,0.0004
fall feast decorations,3,9000,Very low,0.0003
seasonal party favors,3,11300,Very low,0.0003
cozy fall kitchen,3,48700,Very low,0.0001
seasonal wall hangings,3,793200,Very low,0
apple orchard theme,2,1800,Very low,0.0011
autumnal gifts for her,2,1900,Very high,0.0011
leaf garland autumn,2,2000,Very low,0.001
thanksgiving guest book,2,4200,Very low,0.0005
thank you gifts fall,2,5600,Very low,0.0004
cozy evening decor,2,6100,Very low,0.0003
fall themed banners,2,6900,Very low,0.0003
personalized turkey decor,2,9500,Very low,0.0002
charcuterie board thanksgiving,2,9800,Very low,0.0002
thanksgiving photo props,2,10500,Very low,0.0002
seasonal placemats,2,13900,Very low,0.0001
rustic fall table,2,32100,Very low,0.0001
seasonal party decor,2,54200,Very low,0
seasonal centerpieces,2,155200,Very low,0
pie baking accessories,1,721,Very low,0.0014
thankful kitchen towels,1,1200,Very low,0.0008
gratitude theme,1,1900,Very low,0.0005
seasonal wreath autumn,1,2500,Very low,0.0004
autumnal throw pillows,1,6500,Very low,0.0002
thanksgiving baking supplies,1,6700,Very low,0.0001
fall foliage crafts,1,7200,Very low,0.0001
holiday game ideas,1,7200,Very low,0.0001
craft fair fall items,1,7200,Very low,0.0001
autumnal party favors,1,7300,Very low,0.0001
seasonal welcome mat,1,32900,Very low,0
seasonal drinkware,1,95300,Very low,0
tote,5300,994400,Very low,0.0053
large tote bag,15900,60400,Very low,0.2632
personalized tote bag,9700,93200,Very high,0.1041
straw tote,8800,16800,Very low,0.5238
tote bag pattern,6900,174000,Typical,0.0397
leather tote bag,5700,163100,Very low,0.0349
personalized tote,5500,93500,Very high,0.0588
leather tote,5100,186100,Very low,0.0274
project bag,4400,101100,Very low,0.0435
custom tote,3100,315900,Very high,0.0098
designer bag,2900,108100,Very low,0.0268
book tote bag,2200,70500,Very low,0.0312
tote bag with zipper,1900,40900,Very low,0.0465
book tote,1700,87700,Very low,0.0194
teacher tote,1400,65900,High,0.0212
travel tote bag,1400,53400,Very low,0.0262
everyday tote bag,1100,123300,Very low,0.0089
denim tote bag,1000,15300,Very low,0.0654
market tote bag,990,64099.99999999999,Very low,0.0154
monogram tote,956,86800,Typical,0.011
vintage tote bag,805,143600,Very low,0.0056
travel tote,754,79200,Very low,0.0095
tote bag with pockets,729,35700,Very low,0.0204
handmade tote,717,245000,Very low,0.0029
shoulder tote bag,654,285300,Very low,0.0023
jute tote bag,649,11300,Typical,0.0574
laptop tote bag,648,91000,Very low,0.0071
raffia tote,637,13300,Very low,0.0479
everyday tote,574,181600,Very low,0.0032
tote bag insert,553,9500,Very low,0.0582
boho tote bag,542,153600,Very low,0.0035
laptop tote,534,117900,Very low,0.0045
market tote,532,112300,Very low,0.0047
canvas duffel bag,467,12300,Very low,0.038
nurse tote,452,27700,Very low,0.0163
organizer bag,431,75500,Very low,0.0057
aesthetic tote bag,419,52700,Very low,0.008
graphic tote bag,410,33400,Very low,0.0123
nursing bag,406,22000,Very low,0.0185
lunch tote,397,19400,Very low,0.0205
minimalist tote,382,99300,Typical,0.0038
crossbody tote,374,210400,Very low,0.0018
woven tote,350,41800,Very low,0.0084
linen tote bag,338,17700,Very low,0.0191
crossbody tote bag,325,194600,Very low,0.0017
utility tote,277,23200,Very low,0.0119
minimalist tote bag,275,90200,Very low,0.003
diaper bag tote,267,20600,Very low,0.013
grocery tote bag,263,84100,Very low,0.0031
art tote bag,237,165200,Very low,0.0014
unique tote bag,222,175300,Very low,0.0013
fashion accessory,221,821400,Very low,0.0003
eco friendly tote,219,97200,Very low,0.0023
diaper tote,202,20500,Very low,0.0099
diaper tote bag,198,19900,Very low,0.0099
medium tote bag,197,25900,Typical,0.0076
foldable tote bag,193,12500,Very low,0.0154
craft tote,190,186100,Very low,0.001
linen tote,184,23700,Very low,0.0078
tote bag for work,182,54800,Very low,0.0033
vintage tote,180,160500,Very low,0.0011
school tote,151,108700,Very low,0.0014
vegan leather tote,135,14400,Very low,0.0094
tote bag for women,130,174100,Very low,0.0007
weekender tote,129,52700,Very low,0.0024
pet carrier tote,128,9200,Very low,0.0139
designer tote bag,126,56400,Very low,0.0022
extra large tote,125,9000,Very low,0.0139
foldable tote,118,17000,Very low,0.0069
utility tote bag,115,23500,Very low,0.0049
artist tote bag,110,13000,Very low,0.0085
nursing tote bag,110,22500,Very low,0.0049
canvas shopper,110,23300,Very low,0.0047
designer tote,109,64200,Very low,0.0017
jute tote,104,14300,Very high,0.0073
photo tote bag,102,13700,Very high,0.0074
leather shopper,95,43400,Very low,0.0022
gym tote bag,94,26500,Very low,0.0035
canvas grocery bag,94,75400,Typical,0.0012
insulated tote bag,91,12100,Very low,0.0075
carryall bag,88,99400,Very low,0.0009
craft tote bag,86,204300,Very low,0.0004
carry all bag,84,15900,Very low,0.0053
gym tote,82,29000,Very low,0.0028
artist portfolio,81,5700,Very low,0.0142
shoulder tote,76,300200,Very low,0.0003
zip top tote,70,11300,Very low,0.0062
document bag,69,14000,Typical,0.0049
canvas gym bag,68,18700,Very low,0.0036
organizer tote,67,20500,Very low,0.0033
carry bag,66,68100,Very low,0.001
bag for work,65,107500,Very low,0.0006
storage tote,62,62800,Very low,0.001
heavy duty tote,57,33900,Very low,0.0017
weekend tote bag,57,47900,Very low,0.0012
art tote,52,200500,Very low,0.0003
gift tote,45,901700,Very high,0
canvas duffel,43,81600,Very low,0.0005
picnic tote,41,14300,Very low,0.0029
chic tote bag,41,52800,Very low,0.0008
student tote bag,40,47100,Very low,0.0008
college tote,39,20500,Very low,0.0019
tote bag for travel,34,69800,Very low,0.0005
purses and bags,33,1300000,High,0
carry all tote,32,15300,Typical,0.0021
tote bag for teachers,32,22000,Very low,0.0015
tote bag for groceries,31,51800,Very low,0.0006
artist tote,30,15100,Very low,0.002
chic tote,30,69700,Very low,0.0004
gift tote bag,29,598400,Very low,0
sewing tote,26,137500,Typical,0.0002
hippie tote,25,94700,Very low,0.0003
canvas weekend bag,24,23100,Very low,0.001
all purpose tote,21,3500,Very low,0.006
chic handbag,21,48900,Very low,0.0004
fashion tote bag,21,103200,Very low,0.0002
messenger tote,21,104800,Very low,0.0002
sustainable tote bag,16,123000,Very low,0.0001
stylish tote bag,15,106900,Very low,0.0001
tote bag for shopping,14,150600,Very low,0.0001
art print tote,12,36900,Very low,0.0003
storage tote bag,12,69900,Very high,0.0002
stylish tote,12,509100,Very low,0
pattern tote,10,202200,Very low,0
picnic tote bag,9,20000,Very low,0.0004
fashion tote,9,93800,Very low,0.0001
tote bag for moms,9,114400,Very low,0.0001
straw shopper,8,1400,Very low,0.0057
tote bag for beach,8,87300,Very low,0.0001
tote bag for artists,7,8400,Very low,0.0008
tote bag craft,7,50900,Very low,0.0001
natural fiber tote,5,3400,Very low,0.0015
daily carry bag,5,36000,Very low,0.0001
canvas carry bag,4,13000,Very low,0.0003
promotional tote,3,5200,Very low,0.0006
minimalist shopper,3,7200,Very low,0.0004
shopping carryall,2,6100,Very low,0.0003
large carry all,2,13600,Very low,0.0001
work from home tote,1,832,Very low,0.0012
designer shopper,1,6400,Very low,0.0002
handheld tote,1,10000,Very low,0.0001
bag for essentials,1,104500,Very low,0
toy,6000,1200000,Very low,0.005
newborn gift,12300,467800,Typical,0.0263
first birthday gift,10800,320900,Typical,0.0337
action figures,7500,312500,Very low,0.024
puppet,6500,42300,Very low,0.1537
montessori toys,5700,58200,Very low,0.0979
toy storage,5200,95100,Very low,0.0547
pretend play,5000,83700,Very low,0.0597
board game,3600,194300,Very low,0.0185
action figure,3100,111200,Very low,0.0279
montessori toy,3000,41400,Very low,0.0725
toddler gift,2600,602100,Typical,0.0043
sensory play,2400,24200,Very low,0.0992
baby rattle,2000,30400,High,0.0658
wooden puzzle,1700,78700,Very low,0.0216
wooden toy,1600,193800,Very low,0.0083
play food,1600,32000,Very low,0.05
building blocks,1600,24200,Very low,0.0661
collectible figurines,1500,1000000,Very low,0.0015
marionette puppet,1300,6500,Very low,0.2
model kit,1300,263300,Very low,0.0049
card game,961,469500,Very low,0.002
craft kit for kids,743,129600,Very low,0.0057
play tent,601,7100,Very low,0.0846
musical instrument,524,111800,Very low,0.0047
handmade toy,491,514799.99999999994,Very low,0.001
art toy,472,441100,Very low,0.0011
fine motor skills,464,20600,Very high,0.0225
toy gift,456,963700,Very low,0.0005
toy truck,425,52500,Very low,0.0081
art supply,415,162700,Very low,0.0026
finger puppet,408,9000,High,0.0453
educational toy,380,173200,Very low,0.0022
collectible figures,353,163400,Very low,0.0022
dinosaur figures,332,9200,Very low,0.0361
custom toy,331,843100,Very low,0.0004
toy train,295,35800,Very low,0.0082
dollhouse accessory,293,118800,Very low,0.0025
party game,287,667500,Very low,0.0004
imaginative play,237,18300,Very low,0.013
collectible toy,226,458200,Very low,0.0005
handmade item,213,120600,Very low,0.0018
preschool toy,209,84600,Very low,0.0025
collectible figure,205,423300,Very low,0.0005
costume accessory,197,625300,Very low,0.0003
social skills,195,16400,Very high,0.0119
puzzle game,194,420900,Very low,0.0005
remote control car,193,4800,Very low,0.0402
toy sword,170,24100,Very low,0.0071
play gym,154,7900,Very low,0.0195
stroller toy,145,7100,Very low,0.0204
remote control,137,18000,Very low,0.0076
car seat toy,119,6900,Very low,0.0172
activity cube,111,6500,Very low,0.0171
music instrument,110,155500,Very low,0.0007
animal figure,106,263800,Very low,0.0004
doll accessory,103,303400,Very low,0.0003
robot toy,101,19300,Very low,0.0052
stem toy,96,21100,Very low,0.0045
stacking toy,81,11000,Very low,0.0074
toddler learning toys,81,63000,Very low,0.0013
art supplies for kids,80,652400,Very low,0.0001
pretend play set,77,39600,Very low,0.0019
art and craft kit,76,631900,Very low,0.0001
remote control cars,75,5000,Very low,0.015
outdoor play equipment,74,12800,Very low,0.0058
fine motor toy,74,31900,Very low,0.0023
problem solving,69,9900,Very high,0.007
role play costume,54,6600,Very low,0.0082
pull toy,54,86100,Typical,0.0006
science kit for kids,53,7000,Very high,0.0076
dress up costumes,53,26100,Very low,0.002
sports equipment,53,33000,Very low,0.0016
toy drum,51,8800,Very low,0.0058
shape sorter,49,6300,Very high,0.0078
early learning,49,108600,Very low,0.0005
toy for kids,47,1800000,Very low,0
dress up costume,45,51600,Very low,0.0009
toy guitar,43,7800,Very low,0.0055
pretend play kitchen,40,14700,Very low,0.0027
baby activity,40,296100,Very low,0.0001
nesting cups,37,5900,High,0.0063
musical instruments for kids,37,7600,Very low,0.0049
wooden block set,37,15800,Very low,0.0023
water toy,37,499100,Very low,0.0001
science toy,35,39600,Very low,0.0009
push toy,34,66500,Very low,0.0005
building blocks set,33,9400,Very low,0.0035
science experiment,33,14000,Very low,0.0024
toy shield,30,18200,Very low,0.0016
sorting toy,29,18500,Very low,0.0016
outdoor toy,29,297000,Very low,0.0001
puzzle toy,29,629600,Very low,0
waldorf education,28,3800,Very low,0.0074
miniature model kits,27,55900,Very low,0.0005
novelty gag gifts,25,77000,Very low,0.0003
eco friendly toy,24,196400,Very low,0.0001
unique toy,24,447400,Very low,0.0001
ride on toy,23,13900,Very low,0.0017
natural toy,22,89900,Very low,0.0002
creative play,21,31300,Very low,0.0007
beach toy,20,39500,Very high,0.0005
newborn essential,18,87000,Very low,0.0002
toy keyboard,17,9300,Very low,0.0018
sensory play items,17,10100,Very low,0.0017
activity gym,16,8400,Very low,0.0019
bath time toys,16,9400,Very low,0.0017
musical toy,16,15000,Very low,0.0011
desk accessories fun,16,19600,Very low,0.0008
music toy,16,57300,Very low,0.0003
building toy,16,85600,Very low,0.0002
montessori inspired,15,7500,Very low,0.002
train set toy,15,14300,Very low,0.001
crib toy,14,17500,Very low,0.0008
interactive toy,14,84500,Very low,0.0002
card game for kids,12,339600,Very low,0
fine motor skill,11,49100,Very low,0.0002
toy for toddler,10,139400,Very low,0.0001
puppet toy,9,29000,Very low,0.0003
plush stuffed animals,9,303100,Very low,0
science experiment kits,8,3100,Very low,0.0026
gross motor skills,7,2900,Very low,0.0024
board game for kids,7,122100,Very low,0.0001
calming toy,6,16700,Very low,0.0004
infant sensory toy,6,17500,Very low,0.0003
baby first toys,6,53600,Very low,0.0001
kindergarten toy,6,72600,Very low,0.0001
creative expression,5,11400,Very low,0.0004
teen activity,5,50500,Very high,0.0001
vehicle toy,5,65000,Very high,0.0001
building blocks toy,4,6700,Very low,0.0006
craft kit toy,4,133300,Very low,0
storytelling prop,3,1000,Very low,0.003
discovery toy,3,1300,Very low,0.0023
construction vehicle toys,3,2100,Very low,0.0014
developmental toy,3,15300,Very low,0.0002
animal figure toy,3,17800,Very low,0.0002
vintage toy replica,3,37500,Very low,0.0001
gross motor toy,2,1500,Very low,0.0013
emotional development,2,3000,Very low,0.0007
wooden plaything,1,789,Very low,0.0013
kids playthings,1,983,Very low,0.001
playroom accessory,1,1700,Very low,0.0006
quirky desk toys,1,7200,Very low,0.0001
robot building kits,1,7900,Very low,0.0001
school age toy,1,12400,Very low,0.0001
fine motor skill toy,1,27900,Very low,0
toy present,1,42200,Very low,0
tshirt,47900,2900000,Very low,0.0165
halloween shirt,138900,946500,Very low,0.1468
baby tee,8800,540300,Very low,0.0163
graphic tee women,7900,1200000,Very low,0.0066
funny dog shirt,1200,234500,Very low,0.0051
motivational shirt,930,187800,Very low,0.005
funny birthday shirt,593,678200,Very low,0.0009
oversized tee,536,222800,Very low,0.0024
baby onesie custom,526,128500,Very high,0.0041
printed shirt,525,907000,Very low,0.0006
distressed shirt,501,73400,Very low,0.0068
horror graphic tee,474,157800,Very low,0.003
nature lover shirt,442,337700,Very low,0.0013
kids graphic tee,442,425300,Very low,0.001
family vacation tee,378,207500,Very low,0.0018
christmas gift shirt,337,937300,Very low,0.0004
vintage style tee,330,685500,Very low,0.0005
book lover tee,297,203400,Very low,0.0015
embroidery tee,290,187500,Typical,0.0015
christmas graphic tee,269,479300,Very low,0.0006
nature graphic tee,266,386800,Very low,0.0007
funny gift shirt,263,2600000,Very low,0.0001
streetwear tee,225,1000000,Typical,0.0002
cute t-shirt,221,1100000,Very low,0.0002
vintage wash tee,215,56900,Very low,0.0038
funny pet shirt,208,260000,Very low,0.0008
nature lover tee,185,419400,Very low,0.0004
birthday gift tee,178,1400000,Very low,0.0001
camping tee,169,132900,Very low,0.0013
organic cotton shirt,163,533200,Very low,0.0003
hiking t-shirt,154,63800,Very low,0.0024
personalized apparel,144,305800,Very high,0.0005
black t-shirt,122,875400,Very low,0.0001
abstract graphic tee,105,61000,Very low,0.0017
distressed graphic tee,92,44600,Very low,0.0021
gym tee,88,92000,Very low,0.001
abstract art shirt,58,68000,Very low,0.0009
vintage wash shirt,58,68100,Very low,0.0009
camping t-shirt,58,68400,Very low,0.0008
white t-shirt,45,1100000,Very low,0
beach t-shirt,31,154900,Very low,0.0002
tie dye t-shirt,26,27800,Very high,0.0009
striped t-shirt,26,31000,Very low,0.0008
inspirational t-shirt,25,241100,Very high,0.0001
cat dad tee,21,37400,Very low,0.0006
designer t-shirt,20,107300,Very low,0.0002
quirky t-shirt,17,58200,Very low,0.0003
lightweight shirt,17,346700,Very low,0
pocket tee shirt,15,73300,Very low,0.0002
v-neck t-shirt,14,49300,Very low,0.0003
athletic tee,13,192300,Very low,0.0001
distressed t-shirt,12,32299.999999999996,Very low,0.0004
text t-shirt,12,52800,Very low,0.0002
pocket t-shirt,11,31400,Very low,0.0004
customizable tee,11,134600,Very low,0.0001
workout gym shirt,9,111900,Very low,0.0001
nature scene tee,8,15400,Very low,0.0005
floral print top,8,61800,Very low,0.0001
fantasy art shirt,8,120600,Very low,0.0001
holiday themed shirt,7,7200,Very low,0.001
bamboo t-shirt,7,8100,Very low,0.0009
basic tee shirt,6,127800,Very low,0
womens casual top,4,6500,Very low,0.0006
hobby t-shirt,3,14200,Very low,0.0002
t-shirt for teens,3,22400,Very low,0.0001
wardrobe essential,2,2600,Very low,0.0008
top for layering,2,16900,Very low,0.0001
staple tee,1,2700,Very low,0.0004
hometown pride tee,1,20000,Very low,0.0001
vintage,74000,7100000,Very low,0.0104
retro decor,5400,2500000,Very low,0.0022
boho vintage,257,2400000,Very low,0.0001
vintage wedding,2400,2200000,Very low,0.0011
retro clothing,414,2100000,Very low,0.0002
antique decor,8700,1800000,Very low,0.0048
retro style,234,1800000,Typical,0.0001
antique art,2700,1700000,Very low,0.0016
vintage tools,703,1600000,Very low,0.0004
vintage clothing,19700,1500000,Very low,0.0131
vintage gifts,4600,1300000,Very low,0.0035
antique collectibles,630,1200000,Very low,0.0005
vintage patterns,1100,1200000,Very low,0.0009
vintage fashion,430,1000000,Very low,0.0004
antique style,330,963600,Very low,0.0003
vintage fabric,11500,952800,Very low,0.0121
vintage style,484,918100,Very low,0.0005
mid-century decor,57,913200,Very low,0.0001
mid century decor,4400,862600,Very low,0.0051
classic decor,181,857800,Very low,0.0002
vintage posters,9200,809000,Very low,0.0114
vintage crafts,68,802200,Very low,0.0001
antique silver,1400,740300,Very low,0.0019
art deco style,241,725300,Very low,0.0003
retro art prints,470,676800,Very low,0.0007
vintage collectibles,1400,651500,Very low,0.0021
unique vintage,197,649600,Very low,0.0003
vintage fabrics,556,545900,Very low,0.001
classic style,186,515700.00000000006,Very low,0.0004
genuine vintage,41,498900,Very low,0.0001
retro posters,902,496500,Very low,0.0018
mid-century modern,643,489000,Very low,0.0013
retro accessories,142,443700,Typical,0.0003
retro aesthetic,238,443200,Very low,0.0005
retro fashion,33,439700,Very low,0.0001
vintage wedding decor,2400,435600,Very low,0.0055
costume vintage,41,429600,Very low,0.0001
vintage toys,4800,414400,Very low,0.0116
authentic vintage,47,396100,Very low,0.0001
vintage photography,786,366700,Very low,0.0021
classic design,169,357900,Very low,0.0005
antique tools,982,346700,Very low,0.0028
shabby chic,4000,325900,Very low,0.0123
vintage signs,1900,318400,Very low,0.006
retro wedding,295,306300,Very low,0.001
vintage vinyl,172,270500,Very low,0.0006
heritage decor,287,256600.00000000003,Very low,0.0011
old tools,167,247300,Very low,0.0007
vintage electronics,832,246400,Very low,0.0034
nostalgic decor,470,235300,Very low,0.002
vintage inspired jewelry,323,234800,Very low,0.0014
vintage glassware,8000,221400,Very low,0.0361
retro stationery,121,211300,High,0.0006
antique books,3100,208600,Very low,0.0149
vintage lighting,2800,207900,Very low,0.0135
vintage furniture,7600,207200,Very low,0.0367
upcycled decor,195,201600,Very low,0.001
heritage gifts,31,201100,Very low,0.0002
retro patterns,42,198300,Very low,0.0002
industrial vintage,78,184200,Very low,0.0004
nostalgic art,230,182400,Very low,0.0013
timeless decor,21,180600,Very low,0.0001
nostalgic gifts,490,174500,Very low,0.0028
retro games,377,166200,Very low,0.0023
classic literature,413,160200,Very low,0.0026
retro signage,14,159600,Very low,0.0001
collectible items,221,158300,Very low,0.0014
vintage wallpaper,4000,150900,Very low,0.0265
vintage kitchenware,2300,149100,Very low,0.0154
vintage textiles,379,141800,Very low,0.0027
quirky vintage,29,139100,Very low,0.0002
vintage watches,7000,137700,Very low,0.0508
retro electronics,137,136500,Very low,0.001
retro toys,504,126300,Very low,0.004
vintage records,203,116800,Very low,0.0017
heritage clothing,92,113200,Very low,0.0008
vintage stamps,1400,107800,Typical,0.013
vintage camera,3200,106200,Very low,0.0301
antique furniture,8400,99600,Very low,0.0843
retro gaming,1900,95400,Very low,0.0199
vintage vinyl records,1200,94600,Very low,0.0127
old games,38,94300,Very low,0.0004
antique engagement rings,901,90100,Very low,0.01
vintage fashion accessories,39,88500,Very low,0.0004
nostalgic clothing,41,87600,Very low,0.0005
antique ceramics,165,87300,Very low,0.0019
vintage advertising,294,84900,Very low,0.0035
timeless artwork,13,80700,Very low,0.0002
retro kitchenware,171,74700,Very low,0.0023
antique glassware,1600,72800,Very low,0.022
vintage eyewear,306,69900,Very low,0.0044
old maps,338,68700,Typical,0.0049
retro lighting,149,67700,Very low,0.0022
antique maps,279,64200,Very low,0.0043
antique clothing,458,63600,Very low,0.0072
antique dolls,1800,60100,Very low,0.03
antique silverware,487,58600,Very low,0.0083
heritage jewelry,216,58600,Very low,0.0037
antique lamps,3500,57500,Very low,0.0609
retro sunglasses,331,57400,Very low,0.0058
vintage cameras,408,57400,Very low,0.0071
retro ceramics,54,53800,Very low,0.001
retro furniture,685,53300,Very low,0.0129
antique toys,897,51000,Very low,0.0176
antique kitchenware,388,50400,Very low,0.0077
vintage car parts,161,47200,Very low,0.0034
antique buttons,2800,46200,Very low,0.0606
heritage crafts,27,44200,Very low,0.0006
antique frames,1100,41400,Very low,0.0266
classic movie posters,174,41100,Very low,0.0042
period clothing,14,40400,Very low,0.0003
vintage luggage,665,39000,Very low,0.0171
retro inspired clothing,3,37800,Very low,0.0001
nostalgic toys,158,36800,Very low,0.0043
vintage estate sale,25,36500,Very low,0.0007
historical reproductions,4,36400,Very low,0.0001
historical items,63,34100,Very low,0.0018
period pieces,3,33200,Very low,0.0001
classic apparel,3,32400,Very low,0.0001
historical fashion,25,30800,Very low,0.0008
old style clothing,7,30600,Very low,0.0002
old photographs,156,29000,Very low,0.0054
antique mirrors,2500,28600,Very low,0.0874
old style posters,4,27600,Very low,0.0001
classic film posters,62,26400,Very low,0.0023
old coins,1300,26000,Very low,0.05
early 20th century,13,24300,Very low,0.0005
antique treasures,28,21200,Typical,0.0013
timeless fashion,14,20900,Very low,0.0007
vintage record player,918,20700,Very low,0.0443
classic board games,50,19300,Very low,0.0026
old signage,18,18800,Very low,0.001
old records,39,17700,Very low,0.0022
antique clocks,2000,17600,Very low,0.1136
old world maps,54,16700,Very low,0.0032
old radios,66,16300,Very low,0.004
heritage collection,18,16100.000000000002,Very low,0.0011
classic car parts,143,15500,Very low,0.0092
vintage home goods,88,15000,Very low,0.0059
antique pocket watch,1300,15000,Very low,0.0867
historical pieces,4,14500,Very low,0.0003
heritage fashion,2,13300,Very low,0.0002
vintage clothing store,7,12100,Very low,0.0006
heritage pieces,3,11500,Very low,0.0003
timeless pieces,1,10500,Very low,0.0001
preloved items,3,8200,Very low,0.0004
secondhand treasures,1,8000,Very low,0.0001
vintage attic finds,3,7700,Very low,0.0004
nostalgic items,45,7500,Very low,0.006
yesteryear clothing,3,7000,Very low,0.0004
thrift store finds,20,6300,Very low,0.0032
yesteryear gifts,9,5600,Very low,0.0016
reclaimed materials,3,4700,Very low,0.0006
antique radios,319,3900,Very low,0.0818
period fashion,5,3500,Very low,0.0014
yesteryear toys,22,3200,Very low,0.0069
old fashioned wedding,1,2100,Very low,0.0005
bathroom wall art,45900,1300000,Very low,0.0353
living room wall art,27300,3000000,Very low,0.0091
bathroom wall decor,23400,1500000,Very low,0.0156
kitchen wall decor,16200,1600000,Very low,0.0101
oversized wall art,13800,79700,Very low,0.1731
textured wall art,13400,340200,Very low,0.0394
bedroom wall decor,12000,1700000,Very low,0.0071
wall art framed,11400,1300000,Very low,0.0088
farmhouse wall decor,11400,737200,Very low,0.0155
vintage wall decor,11000,1200000,Very low,0.0092
wall art living room,10300,2000000,Very low,0.0052
ocean wall art,7400,466900,Very low,0.0158
mountain wall art,6900,639900,Very low,0.0108
farmhouse wall art,6200,681300,Very low,0.0091
nature wall art,5900,2000000,Very low,0.0029
wall art large,5800,2200000,Very low,0.0026
wall art vintage,5100,1500000,Very low,0.0034
wood wall decor,4800,2200000,Very low,0.0022
modern wall decor,4600,714500,Very low,0.0064
maximalist decor,4300,191300,Very low,0.0225
triptych wall art,4000,49000,Very low,0.0816
wall art painting,3800,2100000,Very low,0.0018
artwork for walls,3700,853700,Very low,0.0043
wall art bedroom,3200,1800000,Very low,0.0018
rustic wall art,3100,1400000,Very low,0.0022
scandinavian wall art,2700,230100,Very low,0.0117
kitchen wall prints,2600,2200000,Very low,0.0012
wall art canvas,2200,2000000,Very low,0.0011
watercolor prints,2100,612400,Very low,0.0034
watercolor wall art,2000,770300,Very low,0.0026
wall tapestries,1900,175700,Very low,0.0108
travel wall art,1900,747000,Very low,0.0025
hand painted wall art,1800,191700,Very low,0.0094
wall art for kitchen,1500,1400000,Very low,0.0011
animal wall decor,1500,1800000,Very low,0.0008
decorative wall art,1400,489400,Very low,0.0029
hallway wall art,1400,66900,Very low,0.0209
statement wall art,1400,206100,Very low,0.0068
motivational art,1400,316700,Very low,0.0044
hallway wall decor,1300,85900,Very low,0.0151
industrial wall art,1200,122600,Very low,0.0098
wall art abstract,1200,2200000,Very low,0.0005
mountain wall decor,953,667000,Very low,0.0014
yoga wall art,828,81600,Very low,0.0101
wall art prints set,821,469300,Very low,0.0017
wall art modern,731,1100000,Very low,0.0007
vintage wall prints,680,930200,Very low,0.0007
wall tapestry art,651,230100,Very low,0.0028
minimalist line art,632,187500,Very low,0.0034
minimalist wall decor,608,2200000,Very low,0.0003
wall art posters,602,1500000,Very low,0.0004
framed wall decor,588,1400000,Very low,0.0004
wall art landscape,585,2300000,Very low,0.0003
inspirational wall decor,556,720200,Very low,0.0008
geometric wall decor,518,1100000,Very low,0.0005
wall art boho,507,1000000,Very low,0.0005
still life art,488,139700,Very low,0.0035
spiritual wall decor,487,453400,Very low,0.0011
industrial wall decor,453,141900,Very low,0.0032
wall sticker art,369,578500,Very low,0.0006
funny wall signs,325,94100,Very low,0.0035
wall art minimalist,317,2100000,Very low,0.0002
unframed wall art,308,2000000,Very low,0.0002
wall art photography,306,844000,Very low,0.0004
teen bedroom decor,267,95800,Very low,0.0028
retro wall prints,263,514100,Very low,0.0005
figurative wall art,238,54100,Very low,0.0044
wall art paintings,218,1300000,Very low,0.0002
oil painting prints,210,224800,Very low,0.0009
wall art collection,208,264200,Very low,0.0008
colorful wall prints,206,777300,Very low,0.0003
set of wall art,203,691500,Very low,0.0003
large format art,201,29600,Very low,0.0068
large canvas prints,199,477400,Very low,0.0004
floral wall prints,197,602400,Very low,0.0003
picture frames set,183,18400,High,0.0099
minimalist prints,175,1200000,Very low,0.0001
wall art botanical,173,1000000,Very low,0.0002
wall mural art,162,382300,Very low,0.0004
customizable wall art,160,328900,High,0.0005
abstract painting print,157,505500,Very low,0.0003
giclee prints,155,466100,Very low,0.0003
botanical wall prints,147,458700,Very low,0.0003
wall paper art,119,2600000,Very low,0
wedding gift art,118,1200000,Very low,0.0001
landscape wall decor,115,2100000,Very low,0.0001
wall art for home,93,1300000,Very low,0.0001
mandala wall tapestry,89,11000,Very low,0.0081
line drawing print,88,68600,Very low,0.0013
wall art for apartment,74,106800,Very low,0.0007
typography prints,70,226800,Very low,0.0003
wall art designs,50,703700,Very low,0.0001
ocean themed art,48,240900,Very low,0.0002
textured prints,46,201900,Very low,0.0002
inspirational wall quotes,43,430300,Very low,0.0001
large format prints,26,144700,Very low,0.0002
textured canvas print,19,151800,Typical,0.0001
wall art for him,19,320500,Very low,0.0001
home interior prints,15,47900,Very low,0.0003
decorative wall pieces,4,29900,Very low,0.0001
wedding,140500,2900000,Very low,0.0484
wedding table decor,7900,303300,Very low,0.026
wedding arch,4300,57700,Very low,0.0745
rustic wedding,3000,467100,Very low,0.0064
elopement,2500,18400,Very low,0.1359
beach wedding,1900,452400,Very low,0.0042
destination wedding,1600,71600,Very low,0.0223
boho wedding,1100,1300000,Very low,0.0008
wedding registry,949,18700,Very low,0.0507
wedding boutonniere,718,38300,Very low,0.0187
garden wedding,665,327100,Very low,0.002
wedding budget,602,27700,Very high,0.0217
wedding budget planner,590,14800,Typical,0.0399
diy wedding,543,455800,Very low,0.0012
outdoor wedding,477,336000,Very low,0.0014
wedding reception decorations,447,61000,Very low,0.0073
wedding photographer,428,10700,Very low,0.04
luxury wedding,309,782600,Very low,0.0004
wedding day timeline,294,22000,Very high,0.0134
modern wedding,255,489100,Very low,0.0005
wedding photo booth,250,35600,Typical,0.007
elopement wedding,193,14200,Very low,0.0136
wedding ceremony decorations,188,135200,Very low,0.0014
civil ceremony,151,6100,Very low,0.0248
wedding altar,130,16000,Very low,0.0081
wedding music,116,77900,Very low,0.0015
wedding theme,80,735200,Very low,0.0001
wedding videography,31,2900,Very low,0.0107
formal wedding,25,564100,Very low,0
elopement ceremony,23,7300,Very low,0.0032
affordable wedding,20,113100,Very low,0.0002
casual wedding,11,357200,Very low,0
halloween,355600,1700000,Very low,0.2092
pumpkin decor,58000,370800,Very low,0.1564
fall wreaths,36200,87200,Very low,0.4151
vintage halloween,32800,959000,Very low,0.0342
fall decorations,32800,303500,Very low,0.1081
table runner,27600,155700,Very low,0.1773
masquerade mask,21400,50300,Very low,0.4254
witchy decor,15300,288800,Very low,0.053
witch costume,12700,189700,Very low,0.0669
dark academia,12500,338700,Very low,0.0369
temporary tattoos,11400,27200,Typical,0.4191
masquerade masks,11000,31300,Very low,0.3514
dark academia decor,9400,266100,Very low,0.0353
vampire costume,9100,36500,Very low,0.2493
pirate costume,8100,28500,Very low,0.2842
table runners,7600,103600,Very low,0.0734
candle holders,7500,179300,Very low,0.0418
spooky decor,7000,419200,Very low,0.0167
outdoor halloween decor,6900,256000,Very low,0.027
gothic gifts,5900,569200,Very low,0.0104
trick or treat,5100,108100,Very low,0.0472
glow in the dark,3700,90500,Very low,0.0409
autumn decorations,3200,99800,Very low,0.0321
cute halloween,3100,1100000,Very low,0.0028
skeleton decor,3000,187300,Very low,0.016
party invitations,2600,1200000,Very low,0.0022
werewolf costume,2300,7000,Very low,0.3286
retro halloween decor,2200,188500,Very low,0.0117
kids costumes,2000,297500,Very low,0.0067
trick or treat bags,2000,29000,High,0.069
zombie costume,1900,18500,Very low,0.1027
superhero costume,1900,33400,Very low,0.0569
horror movie decor,1700,76700,Very low,0.0222
potion bottles,1600,18600,Very low,0.086
haunted house decor,1600,41100,Very low,0.0389
grim reaper costume,1500,6000,Very low,0.25
outdoor decorations,1500,484400,Very low,0.0031
couples costumes,1500,18200,Very low,0.0824
welcome mats,1400,67900,Very low,0.0206
vampire accessories,1300,20200,Very low,0.0644
harvest decor,1200,282500,Very low,0.0042
pet costumes,1000,42000,Very low,0.0238
creepy decor,858,153100,Very low,0.0056
adult costumes,727,332100,Very low,0.0022
gothic home,727,651300,Very low,0.0011
halloween art prints,709,286400,Very low,0.0025
witchy vibes,603,53400,Very low,0.0113
diy halloween decor,502,219700,Very low,0.0023
pumpkin carving,491,26200,Very low,0.0187
door decorations,475,205000,Very low,0.0023
witchy aesthetic,464,114100,Very low,0.0041
harvest wreath,459,38700,Very low,0.0119
witch aesthetic,425,63400,Very low,0.0067
spider web decor,396,30100,Very low,0.0132
creepy cute decor,384,54200,Very low,0.0071
gothic style,371,409200,Very low,0.0009
holiday crafts,319,387700,Very low,0.0008
autumn harvest,318,266500,Very low,0.0012
spooky candles,272,21000,Typical,0.013
harvest decorations,271,40100,Very low,0.0068
halloween lighting,261,20500,Very low,0.0127
fall harvest,250,316400,Typical,0.0008
autumn signs,241,69400,Very low,0.0035
haunted house props,226,7100,Very low,0.0318
horror movie fan,214,48800,Typical,0.0044
ghostly apparitions,206,4700,Very low,0.0438
spooky crafts,200,195500,Typical,0.001
fantasy costumes,165,92700,Very low,0.0018
skeleton decorations,133,29300,Very low,0.0045
bat decorations,128,33500,High,0.0038
centerpiece ideas,125,87400,Very low,0.0014
light up costumes,109,11000,Very low,0.0099
kid costumes,95,419400,Very low,0.0002
mummy wrap,85,5400,Very low,0.0157
handcrafted items,84,19200,Very low,0.0044
zombie apocalypse gear,51,5100,Very low,0.01
october decorations,40,107600,Very low,0.0004
scarecrow decorations,39,7600,Very low,0.0051
tombstone props,37,9100,Very low,0.0041
face paint designs,35,7200,Very high,0.0049
costume makeup,32,14500,Very low,0.0022
haunted portraits,28,8700,Very low,0.0032
glowing pumpkins,16,6900,Very low,0.0023
orange and black decor,16,435800,Very low,0
seasonal lighting,12,2200,Very low,0.0055
candy bowl holder,12,13600,Very low,0.0009
indoor decorations,12,390900,Very low,0
creepy party favors,11,6400,Very low,0.0017
monster decorations,10,18400,Very low,0.0005
fall holiday,10,540600,Very low,0
themed party,10,1000000,Very low,0
cauldron accessories,9,7800,Very low,0.0012
graveyard scene,7,3500,Very high,0.002
themed party decor,7,1200000,Very low,0
spider web spray,6,5000,Very low,0.0012
cobweb decorations,6,7000,Very low,0.0009
monster crafts,6,27200,Very low,0.0002
seasonal apparel,4,333000,Very low,0
ghostly gifts,3,777700,Very low,0
spellbook props,2,8000,Very low,0.0003
celebration supplies,1,253900,Very low,0